Year,Month,State,res_sales,res_customers,res_price
2009,12,AK,"222,134","270,456",16.27
2009,12,AL,"2,818,685","2,132,487",9.82
2009,12,AR,"1,448,385","1,317,936",8.64
2009,12,AZ,"2,284,523","2,563,532",9.70
2009,12,CA,"8,064,319","13,352,574",14.73
2009,12,CO,"1,684,839","2,118,365",10.20
2009,12,CT,"1,152,773","1,451,134",19.92
2009,12,DC,"173,326","226,030",13.44
2009,12,DE,"359,938","394,429",13.81
2009,12,FL,"8,508,127","8,491,760",12.22
2009,12,GA,"4,790,265","4,067,579",9.14
2009,12,HI,"254,198","414,256",26.26
2009,12,IA,"1,416,153","1,328,589",9.36
2009,12,ID,"994,893","662,583",8.48
2009,12,IL,"4,191,564","5,071,085",10.30
2009,12,IN,"3,319,328","2,745,206",8.74
2009,12,KS,"1,241,472","1,210,978",8.77
2009,12,KY,"2,654,234","1,933,432",8.03
2009,12,LA,"2,225,408","1,953,390",7.60
2009,12,MA,"1,769,466","2,671,131",14.67
2009,12,MD,"2,604,336","2,193,715",14.25
2009,12,ME,"414,494","697,759",15.52
2009,12,MI,"3,180,299","4,261,806",11.44
2009,12,MN,"2,222,012","2,295,018",9.76
2009,12,MO,"3,492,855","2,690,058",7.42
2009,12,MS,"1,443,164","1,246,128",9.54
2009,12,MT,"517,806","468,457",8.67
2009,12,NC,"5,194,887","4,190,949",9.50
2009,12,ND,"513,324","324,708",6.99
2009,12,NE,"999,371","803,886",7.63
2009,12,NH,"389,006","591,161",16.17
2009,12,NJ,"2,413,749","3,437,030",15.63
2009,12,NM,"657,579","849,334",9.31
2009,12,NV,"895,378","1,056,485",13.00
2009,12,NY,"4,249,302","6,939,350",17.51
2009,12,OH,"5,169,938","4,883,376",10.31
2009,12,OK,"2,083,938","1,649,513",7.31
2009,12,OR,"2,373,959","1,627,948",8.59
2009,12,PA,"5,163,331","5,239,494",11.29
2009,12,RI,"275,160","429,201",14.79
2009,12,SC,"2,658,736","2,089,327",9.81
2009,12,SD,"475,062","370,964",8.11
2009,12,TN,"3,457,983","2,692,458",8.60
2009,12,TX,"10,319,430","9,492,353",11.52
2009,12,UT,"839,552","936,251",8.08
2009,12,VA,"4,514,016","3,201,931",10.13
2009,12,VT,"213,927","306,690",14.85
2009,12,WA,"3,959,994","2,821,587",7.71
2009,12,WI,"2,159,047","2,600,605",11.41
2009,12,WV,"1,290,162","866,734",8.02
2009,12,WY,"297,399","258,798",8.24
2009,11,AK,"187,918","270,186",16.70
2009,11,AL,"2,013,095","2,130,963",10.20
2009,11,AR,"1,040,407","1,316,993",9.10
2009,11,AZ,"1,883,894","2,549,653",9.86
2009,11,CA,"6,122,285","12,495,014",13.56
2009,11,CO,"1,369,809","2,115,947",10.39
2009,11,CT,"878,943","1,447,688",20.48
2009,11,DC,"125,969","224,988",12.99
2009,11,DE,"272,802","393,832",14.50
2009,11,FL,"8,581,392","8,655,641",12.49
2009,11,GA,"3,323,433","4,062,652",9.68
2009,11,HI,"255,499","413,296",26.23
2009,11,IA,"1,026,946","1,323,700",9.63
2009,11,ID,"746,601","661,264",7.87
2009,11,IL,"3,221,557","5,074,562",11.11
2009,11,IN,"2,316,452","2,732,445",9.31
2009,11,KS,"866,373","1,211,736",9.50
2009,11,KY,"1,766,553","1,927,290",8.05
2009,11,LA,"1,848,848","1,951,631",7.39
2009,11,MA,"1,442,347","2,651,810",15.85
2009,11,MD,"1,827,759","2,191,224",14.16
2009,11,ME,"342,350","697,323",15.53
2009,11,MI,"2,648,046","4,253,372",11.47
2009,11,MN,"1,720,685","2,290,218",9.97
2009,11,MO,"2,304,787","2,689,273",7.71
2009,11,MS,"1,101,982","1,245,134",10.37
2009,11,MT,"393,079","466,553",8.87
2009,11,NC,"3,439,423","4,186,657",10.22
2009,11,ND,"361,718","323,984",7.56
2009,11,NE,"722,688","800,902",8.07
2009,11,NH,"335,941","590,134",16.32
2009,11,NJ,"1,860,237","3,476,020",15.50
2009,11,NM,"474,203","846,844",9.54
2009,11,NV,"576,455","1,050,868",13.73
2009,11,NY,"3,564,894","6,918,595",16.82
2009,11,OH,"3,649,135","4,875,244",10.65
2009,11,OK,"1,280,688","1,647,668",8.16
2009,11,OR,"1,680,404","1,623,630",8.77
2009,11,PA,"3,861,065","5,235,761",11.57
2009,11,RI,"215,329","434,212",15.34
2009,11,SC,"1,813,683","2,087,156",10.91
2009,11,SD,"357,827","367,833",8.49
2009,11,TN,"2,540,647","2,692,012",8.87
2009,11,TX,"7,192,882","9,460,447",12.08
2009,11,UT,"593,978","934,578",7.99
2009,11,VA,"3,019,067","3,197,150",10.51
2009,11,VT,"156,560","307,253",14.91
2009,11,WA,"2,867,105","2,792,080",7.73
2009,11,WI,"1,716,482","2,583,449",11.79
2009,11,WV,"881,535","866,703",8.39
2009,11,WY,"236,222","254,776",8.56
2009,10,AK,"165,472","271,112",16.85
2009,10,AL,"2,124,048","2,130,193",10.40
2009,10,AR,"1,163,570","1,317,822",9.29
2009,10,AZ,"2,440,992","2,541,254",10.97
2009,10,CA,"7,602,646","13,127,167",13.85
2009,10,CO,"1,342,830","2,114,981",10.51
2009,10,CT,"909,219","1,446,318",20.57
2009,10,DC,"112,057","223,070",14.28
2009,10,DE,"275,543","393,719",14.70
2009,10,FL,"10,332,037","8,441,810",12.34
2009,10,GA,"3,787,410","4,064,072",10.11
2009,10,HI,"271,954","413,385",26.45
2009,10,IA,"954,449","1,326,900",9.92
2009,10,ID,"601,110","661,532",8.17
2009,10,IL,"3,087,179","5,053,930",11.42
2009,10,IN,"2,180,122","2,732,018",9.75
2009,10,KS,"837,305","1,208,175",9.78
2009,10,KY,"1,727,818","1,927,484",8.48
2009,10,LA,"2,500,840","1,953,440",7.95
2009,10,MA,"1,445,346","2,684,326",16.11
2009,10,MD,"1,816,443","2,189,177",14.86
2009,10,ME,"352,915","697,013",15.57
2009,10,MI,"2,415,296","4,260,455",12.32
2009,10,MN,"1,618,335","2,296,546",10.17
2009,10,MO,"2,177,543","2,686,279",8.54
2009,10,MS,"1,406,186","1,245,617",10.33
2009,10,MT,"348,627","466,538",9.15
2009,10,NC,"3,649,116","4,184,137",10.64
2009,10,ND,"321,288","324,219",7.85
2009,10,NE,"634,160","802,715",8.64
2009,10,NH,"331,300","593,824",16.46
2009,10,NJ,"1,891,207","3,461,596",15.62
2009,10,NM,"453,378","847,050",10.36
2009,10,NV,"733,298","1,054,449",13.52
2009,10,NY,"3,623,613","6,924,438",18.17
2009,10,OH,"3,514,873","4,870,216",10.83
2009,10,OK,"1,326,899","1,647,480",10.01
2009,10,OR,"1,378,368","1,626,462",8.85
2009,10,PA,"3,638,693","5,235,757",11.89
2009,10,RI,"226,115","429,369",15.13
2009,10,SC,"1,948,139","2,088,513",10.95
2009,10,SD,"309,012","370,236",9.01
2009,10,TN,"2,704,060","2,693,810",9.25
2009,10,TX,"9,348,508","9,500,336",11.97
2009,10,UT,"625,496","934,051",8.35
2009,10,VA,"2,765,483","3,194,227",10.84
2009,10,VT,"164,936","307,878",15.37
2009,10,WA,"2,418,759","2,825,285",7.73
2009,10,WI,"1,569,784","2,590,451",12.00
2009,10,WV,"780,947","865,462",8.30
2009,10,WY,"197,300","256,627",8.98
2009,9,AK,"146,571","271,231",17.34
2009,9,AL,"2,720,755","2,130,354",10.85
2009,9,AR,"1,498,380","1,318,008",9.32
2009,9,AZ,"3,629,328","2,533,273",11.17
2009,9,CA,"9,038,173","12,920,243",15.53
2009,9,CO,"1,492,145","2,112,045",10.67
2009,9,CT,"1,043,553","1,445,949",20.32
2009,9,DC,"152,679","221,304",14.79
2009,9,DE,"393,877","394,110",14.40
2009,9,FL,"11,425,856","8,475,376",12.34
2009,9,GA,"4,836,724","4,065,013",10.60
2009,9,HI,"261,095","413,352",25.49
2009,9,IA,"912,244","1,323,949",11.21
2009,9,ID,"575,195","660,596",7.78
2009,9,IL,"3,431,146","5,049,240",11.48
2009,9,IN,"2,410,871","2,731,327",9.93
2009,9,KS,"1,013,938","1,209,145",10.13
2009,9,KY,"2,044,222","1,926,351",8.44
2009,9,LA,"2,953,001","1,953,756",7.92
2009,9,MA,"1,552,323","2,660,034",17.28
2009,9,MD,"2,017,703","2,188,196",15.49
2009,9,ME,"331,424","697,508",15.64
2009,9,MI,"2,522,428","4,122,906",12.71
2009,9,MN,"1,618,811","2,291,471",10.11
2009,9,MO,"2,503,722","2,688,024",9.24
2009,9,MS,"1,731,510","1,246,309",10.19
2009,9,MT,"320,984","464,927",9.38
2009,9,NC,"4,677,333","4,182,018",10.39
2009,9,ND,"268,081","320,273",8.72
2009,9,NE,"667,461","800,177",9.93
2009,9,NH,"384,787","593,903",16.11
2009,9,NJ,"2,283,845","3,462,417",16.70
2009,9,NM,"540,891","846,372",10.22
2009,9,NV,"1,255,659","1,054,786",13.27
2009,9,NY,"4,162,908","6,915,728",18.78
2009,9,OH,"3,713,873","4,868,453",11.15
2009,9,OK,"1,685,510","1,647,046",9.94
2009,9,OR,"1,240,836","1,624,020",8.98
2009,9,PA,"3,762,304","5,233,598",11.94
2009,9,RI,"211,121","434,447",16.38
2009,9,SC,"2,521,036","2,087,335",10.43
2009,9,SD,"299,808","367,057",9.31
2009,9,TN,"3,518,042","2,698,637",9.16
2009,9,TX,"12,531,668","9,530,199",12.05
2009,9,UT,"768,315","933,200",8.85
2009,9,VA,"3,270,681","3,192,262",11.11
2009,9,VT,"155,971","307,981",15.20
2009,9,WA,"2,226,514","2,811,650",7.83
2009,9,WI,"1,511,187","2,588,852",12.39
2009,9,WV,"751,157","865,311",7.98
2009,9,WY,"175,731","255,593",9.22
2009,8,AK,"145,331","270,795",17.09
2009,8,AL,"3,288,580","2,130,691",10.91
2009,8,AR,"1,801,166","1,317,609",9.43
2009,8,AZ,"4,340,108","2,532,185",11.29
2009,8,CA,"8,938,470","12,929,715",15.93
2009,8,CO,"1,694,880","2,113,198",10.40
2009,8,CT,"1,227,621","1,444,390",20.22
2009,8,DC,"225,099","220,717",14.72
2009,8,DE,"446,281","394,206",14.31
2009,8,FL,"11,925,941","8,420,221",12.25
2009,8,GA,"5,997,107","4,066,978",10.77
2009,8,HI,"277,624","412,792",25.13
2009,8,IA,"1,172,680","1,323,943",11.31
2009,8,ID,"632,963","659,876",8.42
2009,8,IL,"4,333,577","5,062,273",11.15
2009,8,IN,"3,050,556","2,726,190",9.74
2009,8,KS,"1,430,496","1,212,692",10.19
2009,8,KY,"2,485,255","1,926,405",8.60
2009,8,LA,"3,334,216","1,954,794",7.85
2009,8,MA,"2,056,939","2,659,462",15.92
2009,8,MD,"2,753,217","2,186,970",15.66
2009,8,ME,"390,834","697,539",15.49
2009,8,MI,"3,102,790","4,263,488",12.46
2009,8,MN,"1,808,785","2,291,822",10.95
2009,8,MO,"3,314,780","2,689,829",9.86
2009,8,MS,"1,964,262","1,246,670",10.14
2009,8,MT,"343,839","465,507",9.28
2009,8,NC,"5,720,402","4,180,840",10.06
2009,8,ND,"271,026","323,061",8.93
2009,8,NE,"820,203","799,763",10.04
2009,8,NH,"423,394","594,441",16.10
2009,8,NJ,"3,421,179","3,451,847",17.38
2009,8,NM,"677,839","845,563",10.95
2009,8,NV,"1,617,225","1,056,108",13.19
2009,8,NY,"4,947,395","6,913,494",18.19
2009,8,OH,"4,817,902","4,869,666",11.52
2009,8,OK,"2,533,600","1,647,223",8.31
2009,8,OR,"1,406,858","1,622,607",8.95
2009,8,PA,"4,890,466","5,231,421",12.40
2009,8,RI,"350,368","421,778",14.06
2009,8,SC,"3,147,648","2,086,091",10.38
2009,8,SD,"337,874","367,536",9.25
2009,8,TN,"3,901,049","2,701,886",9.20
2009,8,TX,"15,595,465","9,512,846",12.15
2009,8,UT,"939,043","931,904",9.20
2009,8,VA,"4,443,328","3,189,857",10.91
2009,8,VT,"181,216","307,686",15.07
2009,8,WA,"2,355,284","2,809,843",7.86
2009,8,WI,"1,837,552","2,590,914",12.28
2009,8,WV,"929,376","864,782",7.94
2009,8,WY,"173,591","255,374",9.26
2009,7,AK,"146,373","270,357",17.97
2009,7,AL,"3,619,945","2,129,180",10.81
2009,7,AR,"1,930,262","1,317,039",9.38
2009,7,AZ,"4,313,263","2,535,216",11.30
2009,7,CA,"8,689,814","13,131,552",15.66
2009,7,CO,"1,673,977","2,111,290",10.38
2009,7,CT,"1,074,742","1,448,090",20.48
2009,7,DC,"197,216","220,654",14.52
2009,7,DE,"392,826","393,649",14.42
2009,7,FL,"12,361,379","8,492,461",12.36
2009,7,GA,"6,452,136","4,066,263",10.80
2009,7,HI,"264,104","413,029",22.99
2009,7,IA,"1,257,226","1,324,164",11.41
2009,7,ID,"696,122","659,622",8.49
2009,7,IL,"4,128,309","5,057,908",10.97
2009,7,IN,"2,852,540","2,730,984",9.62
2009,7,KS,"1,480,569","1,215,720",9.88
2009,7,KY,"2,430,581","1,922,936",8.57
2009,7,LA,"3,611,414","1,952,529",7.99
2009,7,MA,"1,624,932","2,662,948",16.48
2009,7,MD,"2,466,326","2,186,991",15.90
2009,7,ME,"363,009","697,148",15.49
2009,7,MI,"2,901,581","4,265,262",12.14
2009,7,MN,"1,782,197","2,292,308",10.93
2009,7,MO,"3,398,821","2,684,985",9.76
2009,7,MS,"2,156,930","1,245,580",10.16
2009,7,MT,"335,401","465,465",9.58
2009,7,NC,"5,987,174","4,178,344",10.20
2009,7,ND,"268,321","322,768",8.91
2009,7,NE,"908,548","799,499",9.98
2009,7,NH,"349,705","593,899",16.39
2009,7,NJ,"2,826,495","3,428,075",17.71
2009,7,NM,"665,826","844,927",10.67
2009,7,NV,"1,647,886","1,053,411",12.88
2009,7,NY,"4,305,002","6,914,705",18.65
2009,7,OH,"4,446,240","4,872,106",11.49
2009,7,OK,"2,685,071","1,644,999",8.52
2009,7,OR,"1,514,679","1,623,180",8.97
2009,7,PA,"4,333,037","5,231,700",12.42
2009,7,RI,"258,535","434,584",14.77
2009,7,SC,"3,316,853","2,087,510",10.53
2009,7,SD,"334,514","368,520",9.33
2009,7,TN,"4,082,451","2,696,097",9.07
2009,7,TX,"16,354,219","9,519,519",12.38
2009,7,UT,"1,031,439","930,680",9.05
2009,7,VA,"4,133,804","3,186,176",10.99
2009,7,VT,"174,976","307,615",14.87
2009,7,WA,"2,421,062","2,816,319",7.79
2009,7,WI,"1,790,725","2,592,949",12.18
2009,7,WV,"864,789","864,543",7.90
2009,7,WY,"194,613","255,220",9.17
2009,6,AK,"142,629","270,029",17.70
2009,6,AL,"2,905,742","2,127,822",11.24
2009,6,AR,"1,394,660","1,315,212",9.22
2009,6,AZ,"3,105,657","2,533,413",11.27
2009,6,CA,"7,141,058","13,096,466",14.77
2009,6,CO,"1,323,265","2,111,500",9.93
2009,6,CT,"891,069","1,449,360",20.93
2009,6,DC,"152,225","220,184",14.20
2009,6,DE,"311,761","393,570",14.80
2009,6,FL,"10,647,832","8,525,447",12.23
2009,6,GA,"5,169,730","4,062,865",10.82
2009,6,HI,"260,875","411,758",22.20
2009,6,IA,"1,020,553","1,321,819",10.91
2009,6,ID,"531,896","658,421",8.35
2009,6,IL,"4,063,311","5,069,021",11.40
2009,6,IN,"2,661,384","2,730,713",9.78
2009,6,KS,"1,349,836","1,209,517",10.04
2009,6,KY,"2,210,211","1,925,640",8.46
2009,6,LA,"2,710,636","1,950,170",7.64
2009,6,MA,"1,385,145","2,655,341",17.62
2009,6,MD,"2,051,561","2,188,271",15.87
2009,6,ME,"302,924","696,770",15.54
2009,6,MI,"2,535,829","4,271,874",12.42
2009,6,MN,"1,606,366","2,289,644",10.70
2009,6,MO,"3,029,226","2,685,017",9.91
2009,6,MS,"1,595,533","1,244,174",10.56
2009,6,MT,"310,944","465,407",9.49
2009,6,NC,"4,768,979","4,174,070",9.98
2009,6,ND,"256,635","322,204",8.87
2009,6,NE,"708,802","798,571",9.89
2009,6,NH,"302,605","593,700",16.60
2009,6,NJ,"2,266,630","3,426,716",16.77
2009,6,NM,"532,372","845,338",10.32
2009,6,NV,"1,182,662","1,053,666",12.02
2009,6,NY,"3,544,239","6,909,772",18.21
2009,6,OH,"4,091,132","4,874,873",11.36
2009,6,OK,"2,213,593","1,642,536",8.26
2009,6,OR,"1,242,008","1,621,750",8.95
2009,6,PA,"3,797,018","5,235,677",12.44
2009,6,RI,"207,818","427,028",16.44
2009,6,SC,"2,690,086","2,084,392",10.60
2009,6,SD,"293,467","365,434",9.28
2009,6,TN,"3,213,878","2,693,500",9.47
2009,6,TX,"12,820,217","9,499,911",12.66
2009,6,UT,"628,469","930,476",9.04
2009,6,VA,"3,729,437","3,184,437",11.16
2009,6,VT,"152,415","308,150",15.11
2009,6,WA,"2,361,719","2,800,422",7.82
2009,6,WI,"1,643,094","2,585,038",12.65
2009,6,WV,"771,337","864,230",7.97
2009,6,WY,"164,716","254,964",9.28
2009,5,AK,"151,623","269,394",17.61
2009,5,AL,"2,248,913","2,125,917",10.59
2009,5,AR,"1,066,979","1,312,830",9.23
2009,5,AZ,"2,764,783","2,537,211",11.33
2009,5,CA,"6,314,641","12,746,430",15.01
2009,5,CO,"1,262,182","2,109,029",9.68
2009,5,CT,"852,884","1,449,250",21.03
2009,5,DC,"121,425","220,757",13.00
2009,5,DE,"269,003","393,367",14.69
2009,5,FL,"8,799,243","8,480,867",12.26
2009,5,GA,"3,806,077","4,059,760",10.06
2009,5,HI,"250,752","412,482",22.04
2009,5,IA,"881,626","1,323,032",10.27
2009,5,ID,"574,473","658,667",7.39
2009,5,IL,"2,910,315","5,074,669",12.16
2009,5,IN,"2,089,371","2,724,543",10.27
2009,5,KS,"884,781","1,210,837",9.86
2009,5,KY,"1,703,976","1,923,498",8.56
2009,5,LA,"2,087,908","1,943,065",8.54
2009,5,MA,"1,316,632","2,654,562",17.69
2009,5,MD,"1,711,722","2,188,480",14.97
2009,5,ME,"307,979","696,317",15.45
2009,5,MI,"2,183,348","4,277,218",11.73
2009,5,MN,"1,520,409","2,289,400",10.11
2009,5,MO,"2,125,285","2,685,437",9.44
2009,5,MS,"1,225,947","1,241,946",10.72
2009,5,MT,"330,364","466,192",9.04
2009,5,NC,"3,623,278","4,170,187",10.22
2009,5,ND,"288,909","321,943",8.26
2009,5,NE,"622,708","798,704",8.73
2009,5,NH,"310,000","593,558",16.56
2009,5,NJ,"1,853,065","3,315,612",16.05
2009,5,NM,"475,418","844,639",9.55
2009,5,NV,"974,600","1,052,969",12.46
2009,5,NY,"3,471,609","6,908,747",16.87
2009,5,OH,"3,300,376","4,874,223",11.27
2009,5,OK,"1,438,363","1,641,474",8.69
2009,5,OR,"1,358,522","1,623,042",8.76
2009,5,PA,"3,520,265","5,228,335",12.03
2009,5,RI,"216,393","435,502",15.14
2009,5,SC,"2,026,123","2,080,593",10.67
2009,5,SD,"304,742","367,215",8.86
2009,5,TN,"2,537,691","2,693,085",9.70
2009,5,TX,"9,524,445","9,479,809",12.84
2009,5,UT,"586,731","931,359",8.56
2009,5,VA,"2,894,525","3,183,567",11.12
2009,5,VT,"152,744","306,369",15.08
2009,5,WA,"2,664,482","2,810,719",7.68
2009,5,WI,"1,501,712","2,585,533",11.97
2009,5,WV,"714,058","864,316",8.08
2009,5,WY,"188,777","254,903",8.93
2009,4,AK,"168,559","268,830",17.02
2009,4,AL,"1,851,878","2,125,676",11.09
2009,4,AR,"1,082,033","1,313,500",9.07
2009,4,AZ,"1,778,824","2,543,956",10.65
2009,4,CA,"6,379,284","13,070,217",13.96
2009,4,CO,"1,275,154","2,109,252",9.54
2009,4,CT,"927,326","1,449,678",20.59
2009,4,DC,"119,121","220,960",12.99
2009,4,DE,"316,079","393,649",14.16
2009,4,FL,"7,555,633","8,471,708",12.38
2009,4,GA,"3,356,918","4,057,647",9.82
2009,4,HI,"236,483","412,652",22.19
2009,4,IA,"1,005,521","1,323,158",9.94
2009,4,ID,"629,555","658,465",7.29
2009,4,IL,"3,071,024","5,084,667",11.97
2009,4,IN,"2,120,330","2,731,300",10.04
2009,4,KS,"855,381","1,206,912",9.54
2009,4,KY,"1,801,832","1,924,312",8.57
2009,4,LA,"1,762,476","1,942,797",8.49
2009,4,MA,"1,470,704","2,669,742",17.53
2009,4,MD,"1,840,499","2,187,292",14.80
2009,4,ME,"329,299","696,471",15.44
2009,4,MI,"2,393,748","4,268,685",10.67
2009,4,MN,"1,666,030","2,289,907",9.76
2009,4,MO,"2,279,050","2,686,572",8.31
2009,4,MS,"1,067,734","1,241,166",10.60
2009,4,MT,"391,468","466,428",8.73
2009,4,NC,"3,587,137","4,166,764",10.17
2009,4,ND,"360,484","321,673",7.36
2009,4,NE,"685,933","797,852",8.07
2009,4,NH,"346,964","589,289",16.85
2009,4,NJ,"1,935,471","3,468,392",15.78
2009,4,NM,"428,114","844,854",9.60
2009,4,NV,"645,793","1,054,781",12.97
2009,4,NY,"3,509,997","6,912,629",16.50
2009,4,OH,"3,422,973","4,888,313",11.00
2009,4,OK,"1,334,310","1,640,525",8.57
2009,4,OR,"1,553,663","1,622,649",8.56
2009,4,PA,"3,929,917","5,238,660",11.57
2009,4,RI,"209,731","436,407",15.75
2009,4,SC,"1,739,111","2,079,237",10.70
2009,4,SD,"370,841","365,753",8.22
2009,4,TN,"2,651,661","2,688,576",9.61
2009,4,TX,"7,732,389","9,469,861",12.88
2009,4,UT,"606,227","930,397",8.11
2009,4,VA,"2,829,386","3,184,057",10.65
2009,4,VT,"156,355","306,321",15.09
2009,4,WA,"3,213,357","2,810,485",7.60
2009,4,WI,"1,620,299","2,593,606",11.67
2009,4,WV,"794,472","865,354",7.99
2009,4,WY,"234,636","255,244",8.41
2009,3,AK,"191,356","268,629",17.31
2009,3,AL,"2,251,154","2,125,889",10.61
2009,3,AR,"1,307,284","1,314,151",9.25
2009,3,AZ,"1,946,795","2,554,978",9.93
2009,3,CA,"6,876,354","12,912,242",14.14
2009,3,CO,"1,330,863","2,109,402",9.37
2009,3,CT,"1,090,735","1,447,921",20.34
2009,3,DC,"148,158","221,092",13.12
2009,3,DE,"386,840","393,920",13.62
2009,3,FL,"7,571,381","8,482,327",12.60
2009,3,GA,"3,943,145","4,058,236",9.76
2009,3,HI,"244,481","412,592",21.59
2009,3,IA,"1,185,317","1,324,587",9.43
2009,3,ID,"785,394","658,804",7.33
2009,3,IL,"3,524,711","5,093,270",11.74
2009,3,IN,"2,564,689","2,739,364",9.80
2009,3,KS,"918,897","1,206,121",9.45
2009,3,KY,"2,135,267","1,921,527",8.43
2009,3,LA,"1,989,473","1,941,377",8.65
2009,3,MA,"1,627,368","2,664,424",17.32
2009,3,MD,"2,306,089","2,187,322",14.72
2009,3,ME,"379,913","696,160",15.34
2009,3,MI,"2,825,441","4,267,227",10.66
2009,3,MN,"1,973,770","2,291,113",9.72
2009,3,MO,"2,716,367","2,691,463",8.04
2009,3,MS,"1,277,985","1,240,929",10.31
2009,3,MT,"446,422","466,658",8.71
2009,3,NC,"4,640,988","4,166,263",9.79
2009,3,ND,"465,695","321,800",6.87
2009,3,NE,"848,723","798,114",7.73
2009,3,NH,"365,728","588,436",16.64
2009,3,NJ,"2,178,484","3,410,456",15.85
2009,3,NM,"485,399","840,877",10.01
2009,3,NV,"716,386","1,055,776",12.74
2009,3,NY,"3,966,616","6,915,351",16.39
2009,3,OH,"4,313,102","4,902,967",10.32
2009,3,OK,"1,514,425","1,639,670",8.25
2009,3,OR,"1,917,836","1,623,443",8.40
2009,3,PA,"4,694,552","5,240,005",11.16
2009,3,RI,"246,579","435,035",14.81
2009,3,SC,"2,280,040","2,079,163",10.40
2009,3,SD,"427,223","365,824",7.90
2009,3,TN,"3,323,981","2,694,840",9.81
2009,3,TX,"8,389,591","9,475,830",12.93
2009,3,UT,"650,529","930,659",8.05
2009,3,VA,"3,897,406","3,183,934",10.24
2009,3,VT,"192,361","305,749",14.63
2009,3,WA,"3,825,267","2,814,821",7.53
2009,3,WI,"1,895,040","2,584,047",11.49
2009,3,WV,"1,064,111","867,050",7.74
2009,3,WY,"255,650","255,150",8.24
2009,2,AK,"200,971","267,884",16.93
2009,2,AL,"2,663,130","2,125,523",10.64
2009,2,AR,"1,522,654","1,308,672",9.04
2009,2,AZ,"1,936,352","2,555,481",9.82
2009,2,CA,"6,640,865","12,454,591",14.14
2009,2,CO,"1,357,783","2,107,411",9.44
2009,2,CT,"1,197,581","1,442,227",20.04
2009,2,DC,"165,124","220,975",12.98
2009,2,DE,"442,225","393,528",13.15
2009,2,FL,"8,835,146","8,518,667",12.74
2009,2,GA,"4,501,312","4,058,403",9.79
2009,2,HI,"217,854","411,974",23.49
2009,2,IA,"1,225,763","1,323,149",8.96
2009,2,ID,"813,386","658,792",7.23
2009,2,IL,"3,589,383","5,114,680",11.47
2009,2,IN,"3,107,947","2,739,671",9.16
2009,2,KS,"983,675","1,208,502",9.22
2009,2,KY,"2,585,101","1,920,412",8.26
2009,2,LA,"2,235,938","1,933,820",8.85
2009,2,MA,"1,786,462","2,666,102",18.00
2009,2,MD,"2,512,274","2,186,545",14.76
2009,2,ME,"371,316","696,003",16.19
2009,2,MI,"2,790,978","4,262,799",10.64
2009,2,MN,"2,050,128","2,286,891",9.53
2009,2,MO,"3,059,637","2,689,557",7.48
2009,2,MS,"1,515,265","1,237,795",10.10
2009,2,MT,"465,285","465,979",8.60
2009,2,NC,"5,184,402","4,166,207",9.80
2009,2,ND,"494,419","321,535",6.92
2009,2,NE,"886,506","797,818",7.66
2009,2,NH,"433,859","587,118",16.41
2009,2,NJ,"2,151,304","3,416,743",15.93
2009,2,NM,"503,810","840,177",9.95
2009,2,NV,"686,217","1,056,863",12.52
2009,2,NY,"4,139,969","6,911,839",16.75
2009,2,OH,"4,770,106","4,897,425",9.66
2009,2,OK,"1,429,821","1,638,760",9.41
2009,2,OR,"1,929,463","1,621,750",8.53
2009,2,PA,"5,137,281","5,238,806",11.00
2009,2,RI,"229,747","434,314",17.90
2009,2,SC,"2,556,279","2,076,889",10.34
2009,2,SD,"465,854","363,937",7.82
2009,2,TN,"4,121,655","2,694,301",9.58
2009,2,TX,"8,912,346","9,459,591",12.84
2009,2,UT,"645,591","930,343",8.03
2009,2,VA,"4,188,196","3,186,811",10.16
2009,2,VT,"188,231","305,695",14.73
2009,2,WA,"4,005,260","2,800,741",7.55
2009,2,WI,"1,871,568","2,581,197",11.60
2009,2,WV,"1,228,842","867,001",7.65
2009,2,WY,"277,973","254,319",8.09
2009,1,AK,"248,456","268,044",17.39
2009,1,AL,"2,983,487","2,121,401",10.57
2009,1,AR,"1,729,746","1,310,707",8.68
2009,1,AZ,"2,422,325","2,552,435",9.51
2009,1,CA,"7,990,878","12,694,042",14.70
2009,1,CO,"1,604,902","2,107,032",9.21
2009,1,CT,"1,331,779","1,444,983",19.65
2009,1,DC,"207,256","220,802",13.04
2009,1,DE,"467,737","394,053",13.21
2009,1,FL,"8,929,544","8,466,798",12.58
2009,1,GA,"5,193,302","4,052,849",9.48
2009,1,HI,"260,353","412,551",25.76
2009,1,IA,"1,664,934","1,323,167",8.58
2009,1,ID,"972,022","658,681",7.06
2009,1,IL,"4,772,416","5,093,032",10.79
2009,1,IN,"3,874,521","2,739,563",8.78
2009,1,KS,"1,286,377","1,203,902",8.07
2009,1,KY,"3,015,618","1,919,341",8.17
2009,1,LA,"2,486,641","1,933,195",8.73
2009,1,MA,"1,996,981","2,643,927",18.19
2009,1,MD,"3,036,639","2,186,502",14.38
2009,1,ME,"473,545","695,852",16.21
2009,1,MI,"3,354,338","4,270,329",10.83
2009,1,MN,"2,446,432","2,286,202",9.29
2009,1,MO,"3,818,622","2,686,568",7.17
2009,1,MS,"1,608,694","1,237,682",9.93
2009,1,MT,"586,182","465,811",8.51
2009,1,NC,"5,838,006","4,163,536",9.39
2009,1,ND,"579,319","321,401",6.57
2009,1,NE,"1,121,835","797,440",6.98
2009,1,NH,"448,234","584,443",16.26
2009,1,NJ,"2,751,278","3,415,139",15.71
2009,1,NM,"608,945","842,397",9.49
2009,1,NV,"948,592","1,058,952",12.22
2009,1,NY,"4,760,298","6,912,297",16.86
2009,1,OH,"6,195,512","4,887,840",9.40
2009,1,OK,"2,114,735","1,637,193",7.51
2009,1,OR,"2,207,719","1,620,155",8.32
2009,1,PA,"6,178,066","5,234,725",10.80
2009,1,RI,"289,803","433,343",17.46
2009,1,SC,"2,858,590","2,074,960",10.05
2009,1,SD,"535,085","366,143",7.63
2009,1,TN,"4,221,811","2,686,613",9.59
2009,1,TX,"11,093,741","9,502,884",12.60
2009,1,UT,"809,905","930,286",7.94
2009,1,VA,"5,077,690","3,184,970",9.99
2009,1,VT,"232,136","305,632",14.25
2009,1,WA,"4,449,379","2,797,663",7.54
2009,1,WI,"2,304,554","2,594,897",12.02
2009,1,WV,"1,516,908","866,279",7.42
2009,1,WY,"322,917","253,617",7.82
2008,12,AK,"218,069","268,318",16.23
2008,12,AL,"2,820,582","2,121,653",10.19
2008,12,AR,"1,539,359","1,310,559",8.64
2008,12,AZ,"2,174,495","2,543,789",9.61
2008,12,CA,"7,904,059","13,317,082",13.70
2008,12,CO,"1,635,197","2,181,829",9.46
2008,12,CT,"1,244,494","1,445,656",19.52
2008,12,DC,"181,910","220,113",13.03
2008,12,DE,"401,144","392,931",13.76
2008,12,FL,"8,444,098","8,471,221",11.98
2008,12,GA,"4,711,372","4,042,978",9.09
2008,12,HI,"253,625","410,024",29.28
2008,12,IA,"1,454,332","1,327,797",8.99
2008,12,ID,"944,976","657,862",7.05
2008,12,IL,"4,617,884","5,076,820",10.82
2008,12,IN,"3,526,552","2,739,412",8.63
2008,12,KS,"1,247,403","1,258,929",7.98
2008,12,KY,"2,724,700","1,920,112",8.46
2008,12,LA,"2,188,733","1,924,793",9.28
2008,12,MA,"1,790,110","2,649,804",18.37
2008,12,MD,"2,539,710","2,183,400",13.89
2008,12,ME,"422,227","695,231",16.27
2008,12,MI,"3,362,572","4,359,779",10.67
2008,12,MN,"2,268,868","2,283,767",9.25
2008,12,MO,"3,612,203","2,684,871",7.20
2008,12,MS,"1,480,604","1,240,094",10.18
2008,12,MT,"493,068","460,796",8.69
2008,12,NC,"5,316,380","4,166,723",9.29
2008,12,ND,"526,089","320,871",6.83
2008,12,NE,"1,037,229","797,614",6.98
2008,12,NH,"386,913","591,617",16.16
2008,12,NJ,"2,412,810","3,411,039",15.27
2008,12,NM,"560,416","845,361",9.26
2008,12,NV,"811,719","1,054,926",12.23
2008,12,NY,"4,274,712","6,914,618",16.63
2008,12,OH,"5,521,816","4,892,249",9.48
2008,12,OK,"2,085,034","1,638,928",7.38
2008,12,OR,"2,343,665","1,619,664",8.21
2008,12,PA,"5,375,940","5,244,285",10.81
2008,12,RI,"257,274","420,401",18.63
2008,12,SC,"2,678,956","2,077,155",9.63
2008,12,SD,"464,977","364,478",7.77
2008,12,TN,"3,862,159","2,685,507",9.95
2008,12,TX,"9,815,990","9,544,058",13.08
2008,12,UT,"795,933","928,302",7.99
2008,12,VA,"4,574,900","3,182,005",9.83
2008,12,VT,"209,459","305,880",14.20
2008,12,WA,"3,806,924","2,798,307",7.52
2008,12,WI,"2,192,928","2,589,520",11.07
2008,12,WV,"1,375,352","866,388",6.93
2008,12,WY,"305,570","255,568",7.92
2008,11,AK,"192,116","268,983",16.55
2008,11,AL,"2,061,275","2,114,847",11.01
2008,11,AR,"1,073,622","1,310,408",9.42
2008,11,AZ,"1,920,174","2,534,117",9.55
2008,11,CA,"5,969,992","12,308,385",14.22
2008,11,CO,"1,294,195","2,178,094",9.97
2008,11,CT,"1,002,787","1,450,243",19.97
2008,11,DC,"125,379","219,157",13.00
2008,11,DE,"282,006","392,277",14.61
2008,11,FL,"7,712,080","8,526,534",11.97
2008,11,GA,"3,653,043","4,039,474",9.49
2008,11,HI,"243,295","409,466",33.41
2008,11,IA,"1,021,090","1,323,486",8.98
2008,11,ID,"704,263","656,647",7.25
2008,11,IL,"3,564,287","5,094,198",12.24
2008,11,IN,"2,522,991","2,733,332",9.57
2008,11,KS,"876,755","1,258,271",8.51
2008,11,KY,"2,010,834","1,932,403",8.40
2008,11,LA,"1,777,888","1,922,432",10.38
2008,11,MA,"1,523,509","2,652,469",17.87
2008,11,MD,"2,021,145","2,181,091",14.01
2008,11,ME,"351,269","695,653",16.37
2008,11,MI,"2,468,433","4,278,278",10.61
2008,11,MN,"1,733,017","2,279,101",9.77
2008,11,MO,"2,473,745","2,684,212",7.90
2008,11,MS,"1,147,349","1,239,022",10.63
2008,11,MT,"364,744","458,642",8.98
2008,11,NC,"3,748,528","4,155,450",9.63
2008,11,ND,"370,249","320,228",7.57
2008,11,NE,"678,500","795,364",7.71
2008,11,NH,"346,670","591,996",16.25
2008,11,NJ,"2,033,026","3,422,246",15.27
2008,11,NM,"447,810","843,171",9.79
2008,11,NV,"574,798","1,054,472",12.70
2008,11,NY,"3,546,398","6,905,429",16.97
2008,11,OH,"3,984,505","4,886,028",10.21
2008,11,OK,"1,298,893","1,636,605",8.93
2008,11,OR,"1,557,540","1,616,644",8.44
2008,11,PA,"4,129,117","5,232,103",11.35
2008,11,RI,"250,781","434,314",19.35
2008,11,SC,"2,019,863","2,072,279",10.08
2008,11,SD,"348,011","364,857",8.29
2008,11,TN,"2,765,207","2,687,654",10.28
2008,11,TX,"7,821,714","9,540,048",13.28
2008,11,UT,"629,410","926,675",7.91
2008,11,VA,"3,291,368","3,179,582",10.01
2008,11,VT,"166,264","306,374",14.70
2008,11,WA,"2,727,123","2,767,316",7.71
2008,11,WI,"1,737,754","2,569,271",11.58
2008,11,WV,"999,436","864,895",7.30
2008,11,WY,"202,244","253,300",8.44
2008,10,AK,"167,165","270,742",16.64
2008,10,AL,"2,115,713","2,115,012",11.57
2008,10,AR,"1,162,189","1,311,425",9.74
2008,10,AZ,"2,602,966","2,525,689",10.46
2008,10,CA,"7,675,662","13,351,774",13.09
2008,10,CO,"1,291,165","2,176,775",10.32
2008,10,CT,"833,222","1,451,864",20.74
2008,10,DC,"119,867","218,643",14.14
2008,10,DE,"287,728","392,205",14.88
2008,10,FL,"9,539,710","8,403,986",12.09
2008,10,GA,"3,688,297","4,037,700",10.22
2008,10,HI,"254,982","410,288",35.74
2008,10,IA,"891,511","1,328,229",10.00
2008,10,ID,"579,696","656,807",7.40
2008,10,IL,"3,128,430","5,080,545",12.05
2008,10,IN,"2,161,158","2,729,180",10.08
2008,10,KS,"835,074","1,254,830",8.85
2008,10,KY,"1,740,511","1,929,805",8.78
2008,10,LA,"2,183,545","1,926,324",10.95
2008,10,MA,"1,296,639","2,657,827",19.70
2008,10,MD,"1,783,694","2,179,861",14.65
2008,10,ME,"330,242","695,740",16.49
2008,10,MI,"2,322,877","4,285,671",10.94
2008,10,MN,"1,507,748","2,288,286",10.02
2008,10,MO,"2,105,392","2,683,165",8.40
2008,10,MS,"1,332,857","1,239,896",10.83
2008,10,MT,"309,933","460,276",9.36
2008,10,NC,"3,576,855","4,159,713",10.27
2008,10,ND,"269,836","320,504",8.34
2008,10,NE,"617,533","797,336",8.07
2008,10,NH,"319,199","595,403",16.63
2008,10,NJ,"1,948,399","3,403,459",15.61
2008,10,NM,"451,913","843,857",10.36
2008,10,NV,"801,990","1,055,427",12.07
2008,10,NY,"3,618,476","6,901,716",17.58
2008,10,OH,"3,363,942","4,872,061",10.64
2008,10,OK,"1,337,668","1,635,801",9.84
2008,10,OR,"1,365,740","1,620,597",8.63
2008,10,PA,"3,538,256","5,232,875",11.81
2008,10,RI,"202,025","432,224",17.45
2008,10,SC,"1,926,049","2,075,904",10.44
2008,10,SD,"279,139","366,900",9.09
2008,10,TN,"2,842,304","2,687,694",10.32
2008,10,TX,"9,022,168","9,465,907",13.53
2008,10,UT,"628,028","927,251",8.25
2008,10,VA,"2,777,394","3,177,989",10.38
2008,10,VT,"160,593","307,215",14.78
2008,10,WA,"2,386,539","2,813,346",7.73
2008,10,WI,"1,512,074","2,584,980",11.87
2008,10,WV,"733,919","863,773",7.61
2008,10,WY,"182,579","255,054",9.02
2008,9,AK,"148,621","270,569",17.06
2008,9,AL,"2,920,797","2,114,788",11.07
2008,9,AR,"1,535,874","1,311,224",10.01
2008,9,AZ,"3,613,725","2,519,665",10.63
2008,9,CA,"9,002,515","12,874,864",14.02
2008,9,CO,"1,415,661","2,174,512",11.07
2008,9,CT,"1,018,900","1,455,391",20.37
2008,9,DC,"152,988","217,338",13.96
2008,9,DE,"385,291","392,335",14.70
2008,9,FL,"11,907,875","8,548,584",12.08
2008,9,GA,"5,050,597","4,040,764",10.60
2008,9,HI,"254,057","410,576",36.94
2008,9,IA,"953,148","1,325,366",10.34
2008,9,ID,"516,851","655,938",7.30
2008,9,IL,"3,430,717","5,087,778",11.63
2008,9,IN,"2,558,342","2,730,649",9.39
2008,9,KS,"1,020,932","1,256,213",9.25
2008,9,KY,"2,201,793","1,931,671",7.96
2008,9,LA,"2,748,803","1,921,349",11.27
2008,9,MA,"1,581,233","2,645,764",17.95
2008,9,MD,"2,105,338","2,178,667",14.47
2008,9,ME,"329,647","696,244",16.43
2008,9,MI,"2,628,618","4,274,098",10.93
2008,9,MN,"1,553,771","2,284,308",10.22
2008,9,MO,"2,646,981","2,682,353",8.45
2008,9,MS,"1,736,159","1,240,556",10.95
2008,9,MT,"311,928","458,651",9.78
2008,9,NC,"4,737,020","4,158,146",10.02
2008,9,ND,"257,345","319,630",8.58
2008,9,NE,"669,272","795,683",9.36
2008,9,NH,"331,865","595,470",16.26
2008,9,NJ,"2,512,054","3,417,672",16.84
2008,9,NM,"528,933","843,164",10.66
2008,9,NV,"1,249,203","1,056,666",11.29
2008,9,NY,"4,274,671","6,899,495",19.50
2008,9,OH,"3,894,606","4,878,814",10.63
2008,9,OK,"1,781,879","1,636,592",10.21
2008,9,OR,"1,235,418","1,617,707",8.71
2008,9,PA,"4,019,424","5,234,326",11.76
2008,9,RI,"228,462","433,077",18.00
2008,9,SC,"2,611,882","2,075,580",10.29
2008,9,SD,"295,178","364,053",9.18
2008,9,TN,"3,777,119","2,695,868",8.93
2008,9,TX,"11,987,612","9,451,865",13.51
2008,9,UT,"657,784","926,789",8.63
2008,9,VA,"3,405,997","3,175,742",10.53
2008,9,VT,"155,803","307,391",14.98
2008,9,WA,"2,215,762","2,796,412",7.77
2008,9,WI,"1,584,777","2,582,893",12.15
2008,9,WV,"776,105","863,145",7.44
2008,9,WY,"158,801","253,904",8.95
2008,8,AK,"146,497","269,834",17.32
2008,8,AL,"3,423,599","2,116,416",11.06
2008,8,AR,"1,931,167","1,311,875",9.79
2008,8,AZ,"4,264,160","2,518,595",10.86
2008,8,CA,"8,944,441","12,954,443",14.56
2008,8,CO,"1,726,602","2,174,080",11.09
2008,8,CT,"1,038,052","1,452,959",21.08
2008,8,DC,"207,307","216,835",14.44
2008,8,DE,"458,771","391,963",14.49
2008,8,FL,"11,755,871","8,487,909",12.11
2008,8,GA,"6,087,008","4,044,811",11.05
2008,8,HI,"268,186","409,487",36.02
2008,8,IA,"1,314,545","1,325,497",10.70
2008,8,ID,"659,391","655,030",7.55
2008,8,IL,"4,621,272","5,095,430",11.24
2008,8,IN,"3,199,870","2,724,864",9.21
2008,8,KS,"1,550,088","1,261,712",9.73
2008,8,KY,"2,643,409","1,931,800",8.16
2008,8,LA,"3,315,549","1,927,138",11.80
2008,8,MA,"1,804,413","2,652,619",18.08
2008,8,MD,"2,510,144","2,178,072",14.58
2008,8,ME,"370,554","696,160",16.30
2008,8,MI,"3,210,244","4,272,725",11.74
2008,8,MN,"1,931,714","2,284,259",10.45
2008,8,MO,"3,636,251","2,762,328",9.17
2008,8,MS,"2,034,004","1,241,943",11.32
2008,8,MT,"363,113","458,880",9.89
2008,8,NC,"5,706,740","4,157,034",9.84
2008,8,ND,"296,741","319,286",8.40
2008,8,NE,"945,916","796,106",9.16
2008,8,NH,"390,713","597,127",16.02
2008,8,NJ,"3,056,212","3,428,145",17.75
2008,8,NM,"645,839","842,345",11.21
2008,8,NV,"1,686,880","1,059,833",11.23
2008,8,NY,"4,972,710","6,900,228",20.93
2008,8,OH,"5,018,716","4,884,204",10.80
2008,8,OK,"2,469,986","1,636,650",10.43
2008,8,OR,"1,390,561","1,617,780",8.57
2008,8,PA,"4,637,881","5,228,976",11.93
2008,8,RI,"290,689","432,980",18.12
2008,8,SC,"3,183,095","2,075,609",10.31
2008,8,SD,"370,654","366,140",8.83
2008,8,TN,"4,271,068","2,694,371",8.87
2008,8,TX,"14,971,420","9,460,894",13.84
2008,8,UT,"957,235","926,188",8.86
2008,8,VA,"4,183,857","3,172,671",10.82
2008,8,VT,"177,918","307,044",14.54
2008,8,WA,"2,355,010","2,800,848",7.71
2008,8,WI,"1,969,475","2,581,605",12.02
2008,8,WV,"893,251","862,783",7.52
2008,8,WY,"201,132","253,236",8.77
2008,7,AK,"146,385","269,730",17.85
2008,7,AL,"3,549,100","2,112,196",11.08
2008,7,AR,"1,806,128","1,311,205",10.06
2008,7,AZ,"4,275,857","2,519,184",10.95
2008,7,CA,"9,334,131","13,113,436",14.40
2008,7,CO,"1,840,560","2,194,124",10.95
2008,7,CT,"1,407,654","1,452,089",19.16
2008,7,DC,"236,281","217,058",14.89
2008,7,DE,"465,625","392,219",14.46
2008,7,FL,"11,545,669","8,386,068",11.75
2008,7,GA,"6,146,872","4,041,099",11.09
2008,7,HI,"273,298","409,807",34.99
2008,7,IA,"1,365,266","1,324,319",10.34
2008,7,ID,"704,412","654,773",7.48
2008,7,IL,"5,056,748","5,094,980",11.41
2008,7,IN,"3,345,607","2,729,685",9.16
2008,7,KS,"1,614,637","1,261,095",10.25
2008,7,KY,"2,649,040","1,930,038",8.28
2008,7,LA,"3,226,450","1,926,394",11.27
2008,7,MA,"2,019,237","2,647,592",17.62
2008,7,MD,"2,749,917","2,177,963",14.60
2008,7,ME,"389,897","695,793",16.42
2008,7,MI,"3,597,866","4,278,442",11.57
2008,7,MN,"2,088,654","2,281,345",10.75
2008,7,MO,"3,618,082","2,681,904",9.30
2008,7,MS,"1,977,432","1,241,683",11.41
2008,7,MT,"347,974","463,832",9.96
2008,7,NC,"5,877,102","4,150,959",9.85
2008,7,ND,"278,196","318,721",8.50
2008,7,NE,"948,485","795,087",8.92
2008,7,NH,"416,357","598,401",15.99
2008,7,NJ,"3,687,006","3,403,251",17.65
2008,7,NM,"632,818","841,259",11.04
2008,7,NV,"1,835,248","1,055,675",11.76
2008,7,NY,"5,072,555","6,896,470",19.75
2008,7,OH,"5,215,122","4,887,472",10.88
2008,7,OK,"2,649,636","1,634,384",10.26
2008,7,OR,"1,458,517","1,617,087",8.64
2008,7,PA,"5,183,090","5,227,981",12.22
2008,7,RI,"355,491","434,058",17.89
2008,7,SC,"3,226,140","2,081,435",10.17
2008,7,SD,"350,492","364,223",9.00
2008,7,TN,"4,079,431","2,690,085",8.96
2008,7,TX,"14,723,672","9,466,729",14.06
2008,7,UT,"1,085,521","924,400",8.79
2008,7,VA,"4,498,812","3,168,226",10.77
2008,7,VT,"187,961","306,049",14.52
2008,7,WA,"2,462,751","2,793,807",7.70
2008,7,WI,"2,019,800","2,581,355",11.94
2008,7,WV,"956,076","862,327",7.22
2008,7,WY,"200,095","253,755",8.94
2008,6,AK,"142,657","269,489",16.80
2008,6,AL,"3,098,368","2,109,206",10.96
2008,6,AR,"1,498,930","1,309,245",10.11
2008,6,AZ,"3,291,162","2,520,332",11.06
2008,6,CA,"7,216,175","12,900,582",14.50
2008,6,CO,"1,404,244","2,169,198",10.54
2008,6,CT,"1,052,821","1,452,637",19.40
2008,6,DC,"174,827","216,290",13.24
2008,6,DE,"339,435","392,428",14.59
2008,6,FL,"11,312,238","8,515,424",11.58
2008,6,GA,"5,505,696","4,035,387",10.92
2008,6,HI,"256,048","409,248",33.27
2008,6,IA,"1,047,510","1,324,996",10.27
2008,6,ID,"569,735","653,566",7.65
2008,6,IL,"4,186,258","5,135,752",11.57
2008,6,IN,"2,776,497","2,729,184",9.03
2008,6,KS,"1,303,118","1,256,874",9.75
2008,6,KY,"2,295,400","1,928,925",8.19
2008,6,LA,"2,887,850","1,923,916",10.38
2008,6,MA,"1,548,400","2,667,354",17.33
2008,6,MD,"2,281,075","2,177,177",14.27
2008,6,ME,"305,167","695,465",16.28
2008,6,MI,"2,846,403","4,279,147",11.06
2008,6,MN,"1,589,772","2,279,033",10.43
2008,6,MO,"2,998,407","2,672,945",9.29
2008,6,MS,"1,743,096","1,239,169",10.50
2008,6,MT,"311,263","463,606",9.72
2008,6,NC,"5,051,364","4,143,736",9.52
2008,6,ND,"231,956","318,117",8.62
2008,6,NE,"700,963","794,265",9.38
2008,6,NH,"346,662","596,553",15.85
2008,6,NJ,"2,845,383","3,410,205",16.83
2008,6,NM,"558,785","840,374",10.86
2008,6,NV,"1,190,302","1,054,745",12.06
2008,6,NY,"4,088,496","6,890,171",19.41
2008,6,OH,"4,328,790","4,890,047",10.85
2008,6,OK,"2,153,844","1,632,627",9.91
2008,6,OR,"1,300,261","1,616,085",8.63
2008,6,PA,"4,376,192","5,227,671",12.11
2008,6,RI,"250,208","435,184",16.08
2008,6,SC,"2,880,136","2,066,527",10.31
2008,6,SD,"282,716","362,472",9.07
2008,6,TN,"3,413,980","2,688,485",8.89
2008,6,TX,"13,425,608","9,439,304",13.43
2008,6,UT,"712,705","923,756",8.62
2008,6,VA,"3,983,011","3,164,555",9.64
2008,6,VT,"164,392","307,397",14.66
2008,6,WA,"2,446,336","2,783,669",7.65
2008,6,WI,"1,649,788","2,579,301",12.05
2008,6,WV,"834,998","862,345",7.07
2008,6,WY,"176,447","252,464",8.86
2008,5,AK,"154,042","268,879",17.55
2008,5,AL,"2,187,282","2,107,745",10.01
2008,5,AR,"1,066,007","1,307,507",9.71
2008,5,AZ,"2,307,143","2,520,611",11.03
2008,5,CA,"6,418,984","12,851,201",13.55
2008,5,CO,"1,251,583","2,168,503",10.40
2008,5,CT,"746,344","1,453,366",19.85
2008,5,DC,"107,888","216,379",11.01
2008,5,DE,"260,761","391,560",14.43
2008,5,FL,"8,778,517","8,482,476",11.40
2008,5,GA,"3,776,882","4,033,126",9.72
2008,5,HI,"259,449","409,527",31.40
2008,5,IA,"918,054","1,326,325",9.95
2008,5,ID,"579,709","653,348",6.82
2008,5,IL,"2,902,619","5,109,471",11.60
2008,5,IN,"1,930,280","2,726,663",9.68
2008,5,KS,"883,979","1,256,767",9.15
2008,5,KY,"1,588,484","1,926,408",8.18
2008,5,LA,"1,979,170","1,916,791",10.36
2008,5,MA,"1,319,465","2,640,081",17.75
2008,5,MD,"1,641,510","2,177,237",13.88
2008,5,ME,"305,584","695,334",16.44
2008,5,MI,"2,223,194","4,284,367",10.23
2008,5,MN,"1,543,133","2,278,599",9.78
2008,5,MO,"2,056,273","2,680,841",8.85
2008,5,MS,"1,210,977","1,240,552",10.53
2008,5,MT,"348,768","463,507",9.37
2008,5,NC,"3,479,989","4,139,812",9.78
2008,5,ND,"268,607","318,052",7.73
2008,5,NE,"613,228","793,880",7.96
2008,5,NH,"304,266","594,574",15.75
2008,5,NJ,"1,845,182","3,397,132",14.27
2008,5,NM,"438,406","840,013",10.08
2008,5,NV,"805,932","1,054,390",12.35
2008,5,NY,"3,275,642","6,897,967",18.74
2008,5,OH,"3,139,529","4,895,416",10.79
2008,5,OK,"1,461,494","1,631,384",9.20
2008,5,OR,"1,444,138","1,615,911",8.34
2008,5,PA,"3,392,628","5,230,372",11.76
2008,5,RI,"212,575","433,559",22.01
2008,5,SC,"1,970,327","2,065,023",10.20
2008,5,SD,"303,191","364,411",8.57
2008,5,TN,"2,456,700","2,681,008",9.12
2008,5,TX,"9,405,453","9,433,021",12.94
2008,5,UT,"567,215","924,332",8.31
2008,5,VA,"2,743,351","3,162,925",9.50
2008,5,VT,"151,924","305,922",14.84
2008,5,WA,"2,790,268","2,786,319",7.11
2008,5,WI,"1,530,854","2,579,797",11.76
2008,5,WV,"709,253","862,499",7.29
2008,5,WY,"189,395","252,367",8.53
2008,4,AK,"169,282","268,005",17.38
2008,4,AL,"1,901,685","2,105,772",9.89
2008,4,AR,"1,089,789","1,307,125",9.43
2008,4,AZ,"1,853,922","2,526,008",10.02
2008,4,CA,"6,379,404","12,852,393",12.93
2008,4,CO,"1,249,853","2,167,121",10.13
2008,4,CT,"928,894","1,453,144",19.66
2008,4,DC,"120,129","216,511",11.16
2008,4,DE,"304,022","389,412",13.89
2008,4,FL,"7,828,584","8,513,510",11.31
2008,4,GA,"3,373,363","4,028,785",9.44
2008,4,HI,"246,803","409,803",30.31
2008,4,IA,"1,022,240","1,326,947",9.45
2008,4,ID,"673,069","652,706",6.65
2008,4,IL,"3,023,171","5,087,974",11.02
2008,4,IN,"2,186,824","2,730,800",9.20
2008,4,KS,"813,104","1,253,260",8.86
2008,4,KY,"1,771,492","1,925,381",7.81
2008,4,LA,"1,784,974","1,915,799",9.85
2008,4,MA,"1,418,014","2,640,737",16.39
2008,4,MD,"1,782,629","2,178,925",13.37
2008,4,ME,"329,337","695,153",16.58
2008,4,MI,"2,426,551","4,289,397",10.20
2008,4,MN,"1,702,177","2,279,722",9.20
2008,4,MO,"2,249,163","2,675,251",7.70
2008,4,MS,"1,126,445","1,236,848",10.07
2008,4,MT,"376,260","463,527",8.90
2008,4,NC,"3,536,969","4,160,240",9.54
2008,4,ND,"326,724","317,753",7.40
2008,4,NE,"695,382","793,993",7.45
2008,4,NH,"332,895","592,681",15.22
2008,4,NJ,"1,810,868","3,405,769",13.77
2008,4,NM,"425,354","839,641",9.47
2008,4,NV,"630,053","1,051,245",12.52
2008,4,NY,"3,442,154","6,892,076",18.05
2008,4,OH,"3,450,710","4,903,115",10.01
2008,4,OK,"1,264,016","1,630,356",8.89
2008,4,OR,"1,653,232","1,615,761",8.56
2008,4,PA,"3,842,298","5,232,171",11.13
2008,4,RI,"214,416","420,601",14.96
2008,4,SC,"1,798,822","2,061,454",9.80
2008,4,SD,"353,487","361,398",8.00
2008,4,TN,"2,782,416","2,680,191",8.90
2008,4,TX,"7,964,564","9,414,114",12.53
2008,4,UT,"614,664","922,925",7.89
2008,4,VA,"2,889,654","3,162,740",8.92
2008,4,VT,"155,577","305,543",14.65
2008,4,WA,"3,206,151","2,790,455",7.46
2008,4,WI,"1,610,137","2,576,395",11.41
2008,4,WV,"803,481","863,338",7.10
2008,4,WY,"230,692","251,968",7.98
2008,3,AK,"191,587","267,195",15.90
2008,3,AL,"2,274,292","2,105,260",9.30
2008,3,AR,"1,397,493","1,305,965",8.52
2008,3,AZ,"1,995,196","2,538,039",9.38
2008,3,CA,"6,633,666","12,874,123",13.15
2008,3,CO,"1,392,312","2,166,909",9.37
2008,3,CT,"1,140,036","1,453,327",18.63
2008,3,DC,"144,578","215,616",11.08
2008,3,DE,"374,968","391,806",12.96
2008,3,FL,"7,674,273","8,442,282",11.16
2008,3,GA,"3,831,955","4,028,445",9.14
2008,3,HI,"259,063","409,534",29.92
2008,3,IA,"1,245,510","1,327,241",8.88
2008,3,ID,"753,446","652,632",6.67
2008,3,IL,"3,563,223","5,125,499",10.43
2008,3,IN,"2,930,276","2,738,258",7.91
2008,3,KS,"952,195","1,252,559",8.48
2008,3,KY,"2,361,215","1,927,688",7.34
2008,3,LA,"1,906,047","1,913,554",9.44
2008,3,MA,"1,718,600","2,659,795",16.79
2008,3,MD,"2,332,495","2,179,012",12.88
2008,3,ME,"384,859","694,807",16.38
2008,3,MI,"2,924,401","4,294,473",10.26
2008,3,MN,"1,983,572","2,279,063",9.17
2008,3,MO,"3,036,243","2,675,991",6.94
2008,3,MS,"1,295,857","1,235,400",9.54
2008,3,MT,"421,303","463,220",8.80
2008,3,NC,"4,074,855","4,131,469",9.17
2008,3,ND,"433,143","317,298",6.96
2008,3,NE,"836,234","794,775",7.15
2008,3,NH,"385,547","592,297",14.85
2008,3,NJ,"2,126,705","3,405,698",13.83
2008,3,NM,"486,500","839,727",9.09
2008,3,NV,"694,695","1,052,787",12.54
2008,3,NY,"3,953,303","6,889,122",16.93
2008,3,OH,"4,850,752","4,904,091",9.22
2008,3,OK,"1,550,935","1,629,724",8.18
2008,3,OR,"1,841,566","1,614,728",8.52
2008,3,PA,"4,887,104","5,231,805",10.72
2008,3,RI,"255,222","433,380",16.87
2008,3,SC,"2,078,631","2,059,470",9.34
2008,3,SD,"409,871","361,504",7.73
2008,3,TN,"3,550,613","2,682,319",7.95
2008,3,TX,"8,444,924","9,456,314",11.97
2008,3,UT,"655,513","923,068",7.83
2008,3,VA,"3,500,671","3,162,260",8.56
2008,3,VT,"191,283","305,081",14.39
2008,3,WA,"3,611,888","2,785,782",7.48
2008,3,WI,"1,874,402","2,573,966",11.09
2008,3,WV,"1,089,464","864,186",6.73
2008,3,WY,"259,998","251,771",7.76
2008,2,AK,"214,493","266,908",15.55
2008,2,AL,"2,725,613","2,105,129",9.16
2008,2,AR,"1,609,485","1,304,950",8.10
2008,2,AZ,"2,305,571","2,536,417",9.02
2008,2,CA,"7,175,468","12,591,907",13.36
2008,2,CO,"1,479,407","2,164,659",9.25
2008,2,CT,"1,020,077","1,452,334",18.68
2008,2,DC,"161,788","215,853",10.73
2008,2,DE,"424,309","391,378",12.61
2008,2,FL,"8,076,694","8,498,601",10.96
2008,2,GA,"4,482,743","4,025,567",8.66
2008,2,HI,"242,505","408,881",29.98
2008,2,IA,"1,336,424","1,326,416",8.35
2008,2,ID,"849,314","652,424",6.43
2008,2,IL,"4,103,932","5,087,529",9.88
2008,2,IN,"3,289,460","2,744,572",8.01
2008,2,KS,"1,122,618","1,252,167",7.60
2008,2,KY,"2,693,254","1,927,198",7.23
2008,2,LA,"2,340,817","1,911,536",8.62
2008,2,MA,"1,742,842","2,644,943",16.49
2008,2,MD,"2,645,217","2,176,925",12.83
2008,2,ME,"383,515","694,605",15.55
2008,2,MI,"2,928,931","4,295,863",10.11
2008,2,MN,"2,137,131","2,276,494",9.08
2008,2,MO,"3,382,021","2,681,646",6.68
2008,2,MS,"1,553,686","1,233,857",9.01
2008,2,MT,"479,861","462,560",8.51
2008,2,NC,"4,969,656","4,127,567",8.85
2008,2,ND,"493,348","317,392",6.97
2008,2,NE,"956,101","793,124",6.75
2008,2,NH,"385,814","591,891",14.84
2008,2,NJ,"2,292,962","3,437,407",14.01
2008,2,NM,"557,741","838,250",9.04
2008,2,NV,"790,455","1,052,460",12.09
2008,2,NY,"4,068,432","6,885,544",17.32
2008,2,OH,"5,029,973","4,904,130",9.15
2008,2,OK,"1,751,063","1,629,231",7.94
2008,2,OR,"1,978,804","1,614,875",8.45
2008,2,PA,"5,075,246","5,232,351",10.69
2008,2,RI,"252,624","433,731",15.00
2008,2,SC,"2,456,927","2,058,153",8.98
2008,2,SD,"467,238","362,299",7.56
2008,2,TN,"4,104,225","2,680,651",7.81
2008,2,TX,"9,582,851","9,451,670",11.35
2008,2,UT,"636,025","921,746",7.78
2008,2,VA,"4,049,418","3,162,247",8.35
2008,2,VT,"191,810","305,114",13.98
2008,2,WA,"4,048,736","2,779,530",7.51
2008,2,WI,"2,014,889","2,577,380",11.03
2008,2,WV,"1,200,764","864,225",6.67
2008,2,WY,"291,368","251,413",7.55
2008,1,AK,"238,895","267,237",15.27
2008,1,AL,"3,106,233","2,102,350",9.20
2008,1,AR,"1,682,424","1,304,252",7.94
2008,1,AZ,"2,631,999","2,538,390",8.85
2008,1,CA,"8,576,322","13,310,410",13.73
2008,1,CO,"1,739,712","2,165,677",8.95
2008,1,CT,"1,296,413","1,451,953",18.35
2008,1,DC,"182,697","215,939",10.74
2008,1,DE,"444,133","391,210",12.57
2008,1,FL,"9,361,369","8,464,285",11.05
2008,1,GA,"5,278,796","4,018,970",8.55
2008,1,HI,"273,925","409,369",28.53
2008,1,IA,"1,503,529","1,325,279",8.37
2008,1,ID,"1,004,881","652,813",6.32
2008,1,IL,"4,581,804","5,106,975",9.56
2008,1,IN,"3,552,554","2,740,923",7.79
2008,1,KS,"1,282,021","1,247,647",7.49
2008,1,KY,"2,881,511","1,925,569",7.04
2008,1,LA,"2,508,575","1,910,997",8.49
2008,1,MA,"1,876,028","2,611,383",16.81
2008,1,MD,"2,751,382","2,174,803",12.92
2008,1,ME,"449,010","694,223",15.62
2008,1,MI,"3,357,349","4,291,514",10.25
2008,1,MN,"2,317,853","2,266,896",9.14
2008,1,MO,"3,575,180","2,675,431",6.58
2008,1,MS,"1,655,224","1,231,934",9.11
2008,1,MT,"541,252","461,679",8.53
2008,1,NC,"5,675,741","4,120,654",8.75
2008,1,ND,"506,839","317,261",6.61
2008,1,NE,"1,056,784","792,779",6.48
2008,1,NH,"447,050","592,137",14.78
2008,1,NJ,"2,540,416","3,375,642",13.92
2008,1,NM,"644,343","838,802",8.93
2008,1,NV,"989,240","1,053,652",12.00
2008,1,NY,"4,446,401","6,892,202",16.87
2008,1,OH,"5,612,138","4,905,061",8.87
2008,1,OK,"2,056,662","1,626,983",7.21
2008,1,OR,"2,340,402","1,612,317",8.45
2008,1,PA,"5,602,587","5,225,441",10.47
2008,1,RI,"272,918","418,318",15.35
2008,1,SC,"2,896,440","2,054,607",9.05
2008,1,SD,"480,677","359,475",7.47
2008,1,TN,"4,041,331","2,671,248",7.85
2008,1,TX,"11,074,071","9,414,227",11.65
2008,1,UT,"846,244","922,498",7.72
2008,1,VA,"4,698,153","3,160,454",8.19
2008,1,VT,"220,515","305,077",13.90
2008,1,WA,"4,278,359","2,774,451",7.43
2008,1,WI,"2,279,228","2,580,830",10.68
2008,1,WV,"1,390,444","863,900",6.58
2008,1,WY,"320,385","251,044",7.34
2007,12,AK,"214,293","235,938",15.57
2007,12,AL,"2,478,505","1,441,540",9.03
2007,12,AR,"1,354,539","923,423",8.40
2007,12,AZ,"2,352,089","2,364,510",8.89
2007,12,CA,"7,347,159","12,159,977",14.46
2007,12,CO,"1,600,364","1,669,921",9.01
2007,12,CT,"1,337,270","1,436,842",18.31
2007,12,DC,"189,379","214,627",11.44
2007,12,DE,"367,746","363,627",12.94
2007,12,FL,"8,391,816","6,790,163",11.19
2007,12,GA,"4,245,080","2,392,759",8.45
2007,12,HI,"271,315","408,923",28.26
2007,12,IA,"1,241,420","952,894",8.83
2007,12,ID,"928,131","592,745",6.31
2007,12,IL,"4,423,182","4,595,292",9.71
2007,12,IN,"3,164,513","2,024,671",7.89
2007,12,KS,"1,144,748","892,210",7.29
2007,12,KY,"2,454,868","1,224,569",7.55
2007,12,LA,"1,998,926","1,388,817",9.19
2007,12,MA,"1,906,142","2,364,491",15.24
2007,12,MD,"2,547,520","1,955,341",12.88
2007,12,ME,"425,976","754,765",16.74
2007,12,MI,"3,223,427","3,850,030",10.03
2007,12,MN,"2,036,536","1,615,280",9.14
2007,12,MO,"3,173,833","1,872,615",6.88
2007,12,MS,"1,335,793","746,404",9.23
2007,12,MT,"483,633","367,967",8.61
2007,12,NC,"4,599,306","2,983,845",9.19
2007,12,ND,"468,529","276,485",6.98
2007,12,NE,"970,906","582,546",6.60
2007,12,NH,"430,488","581,693",14.79
2007,12,NJ,"2,502,638","3,336,847",13.63
2007,12,NM,"543,091","647,802",9.07
2007,12,NV,"893,144","1,036,593",12.29
2007,12,NY,"4,276,374","6,706,821",16.66
2007,12,OH,"5,103,540","4,208,460",8.96
2007,12,OK,"1,771,843","1,165,670",7.87
2007,12,OR,"2,089,520","1,264,402",8.44
2007,12,PA,"5,197,737","4,947,296",10.53
2007,12,RI,"288,253","424,966",14.62
2007,12,SC,"2,343,775","1,386,118",9.06
2007,12,SD,"419,458","271,602",7.78
2007,12,TN,"3,333,355","1,825,251",8.13
2007,12,TX,"8,950,127","6,759,059",11.75
2007,12,UT,"769,326","794,754",7.78
2007,12,VA,"4,214,734","2,686,828",8.21
2007,12,VT,"205,859","265,829",13.90
2007,12,WA,"3,811,394","2,183,497",7.55
2007,12,WI,"2,087,320","2,097,204",10.66
2007,12,WV,"1,220,695","851,036",6.74
2007,12,WY,"278,340","207,820",7.39
2007,11,AK,"184,918","236,176",15.05
2007,11,AL,"1,962,488","1,440,996",9.41
2007,11,AR,"1,086,809","923,446",9.04
2007,11,AZ,"1,999,471","2,356,299",9.08
2007,11,CA,"6,330,146","12,041,171",14.37
2007,11,CO,"1,321,947","1,668,130",9.35
2007,11,CT,"1,018,363","1,438,515",18.78
2007,11,DC,"124,094","214,141",10.60
2007,11,DE,"293,323","364,993",13.68
2007,11,FL,"8,582,148","6,854,225",11.34
2007,11,GA,"3,548,513","2,389,564",8.62
2007,11,HI,"259,434","408,045",26.59
2007,11,IA,"926,295","951,461",9.25
2007,11,ID,"725,851","591,716",6.54
2007,11,IL,"3,477,880","4,557,981",10.58
2007,11,IN,"2,408,259","2,016,961",8.83
2007,11,KS,"923,717","893,151",7.67
2007,11,KY,"1,827,812","1,223,714",7.76
2007,11,LA,"1,869,298","1,392,328",8.88
2007,11,MA,"1,512,891","2,345,333",15.57
2007,11,MD,"1,868,720","1,955,088",12.67
2007,11,ME,"355,567","754,448",16.86
2007,11,MI,"2,515,301","3,917,511",10.00
2007,11,MN,"1,620,133","1,614,819",9.09
2007,11,MO,"2,311,054","1,866,797",7.37
2007,11,MS,"1,191,353","745,957",9.49
2007,11,MT,"352,519","367,200",8.42
2007,11,NC,"3,680,494","2,979,558",9.58
2007,11,ND,"344,492","276,290",7.38
2007,11,NE,"663,072","579,977",7.27
2007,11,NH,"350,960","584,041",14.81
2007,11,NJ,"2,077,302","3,333,022",13.51
2007,11,NM,"444,125","646,767",9.25
2007,11,NV,"597,632","1,031,407",12.60
2007,11,NY,"3,713,091","6,700,299",16.94
2007,11,OH,"3,726,351","4,209,406",9.60
2007,11,OK,"1,340,524","1,164,386",8.84
2007,11,OR,"1,633,037","1,263,032",8.57
2007,11,PA,"3,978,520","4,950,791",11.08
2007,11,RI,"225,644","424,017",14.65
2007,11,SC,"1,949,430","1,384,714",9.32
2007,11,SD,"316,204","272,590",8.20
2007,11,TN,"2,723,453","1,826,663",8.37
2007,11,TX,"7,964,068","6,759,197",12.03
2007,11,UT,"657,593","792,565",7.70
2007,11,VA,"3,127,712","2,682,774",8.64
2007,11,VT,"174,686","266,425",14.37
2007,11,WA,"2,886,480","2,172,568",7.52
2007,11,WI,"1,635,844","2,101,340",10.95
2007,11,WV,"892,990","849,913",7.06
2007,11,WY,"202,824","208,308",7.80
2007,10,AK,"163,043","237,028",15.82
2007,10,AL,"2,399,858","1,439,549",9.44
2007,10,AR,"1,348,074","924,917",8.72
2007,10,AZ,"2,574,468","2,345,631",10.16
2007,10,CA,"7,078,101","12,587,726",12.53
2007,10,CO,"1,309,922","1,667,269",9.34
2007,10,CT,"937,307","1,434,420",19.21
2007,10,DC,"130,940","213,463",12.06
2007,10,DE,"307,783","365,476",13.77
2007,10,FL,"10,580,793","6,783,447",11.31
2007,10,GA,"4,141,870","2,388,152",8.77
2007,10,HI,"273,809","407,797",26.10
2007,10,IA,"973,186","950,226",9.66
2007,10,ID,"590,614","589,760",6.78
2007,10,IL,"3,241,843","4,580,315",10.74
2007,10,IN,"2,386,405","2,006,959",8.93
2007,10,KS,"921,100","889,063",8.10
2007,10,KY,"1,853,331","1,222,498",7.63
2007,10,LA,"2,540,928","1,389,434",9.71
2007,10,MA,"1,485,793","2,346,526",15.91
2007,10,MD,"1,853,731","1,953,862",13.32
2007,10,ME,"313,036","755,240",16.94
2007,10,MI,"2,564,450","3,915,925",9.82
2007,10,MN,"1,645,383","1,614,617",9.27
2007,10,MO,"2,390,806","1,866,494",7.29
2007,10,MS,"1,516,984","746,597",9.49
2007,10,MT,"317,868","365,504",9.13
2007,10,NC,"3,937,177","2,975,345",10.01
2007,10,ND,"267,942","276,032",7.91
2007,10,NE,"622,556","580,496",7.62
2007,10,NH,"316,514","586,753",15.19
2007,10,NJ,"2,125,894","3,324,553",13.67
2007,10,NM,"470,884","645,912",9.47
2007,10,NV,"635,877","1,032,119",12.59
2007,10,NY,"3,894,780","6,696,707",17.48
2007,10,OH,"3,727,364","4,195,918",9.55
2007,10,OK,"1,515,176","1,164,151",9.27
2007,10,OR,"1,356,328","1,260,968",8.71
2007,10,PA,"3,761,247","4,949,527",11.36
2007,10,RI,"234,821","424,018",14.16
2007,10,SC,"2,115,796","1,383,409",9.38
2007,10,SD,"281,027","270,056",8.66
2007,10,TN,"3,204,140","1,827,671",8.24
2007,10,TX,"10,646,402","6,758,528",12.42
2007,10,UT,"570,659","791,727",7.89
2007,10,VA,"3,079,011","2,677,784",8.97
2007,10,VT,"157,941","266,928",14.61
2007,10,WA,"2,435,116","2,194,340",7.60
2007,10,WI,"1,636,895","2,094,904",11.07
2007,10,WV,"738,686","849,143",7.28
2007,10,WY,"180,261","208,518",8.24
2007,9,AK,"147,433","236,849",15.44
2007,9,AL,"3,361,125","1,439,493",9.33
2007,9,AR,"1,867,356","921,559",9.02
2007,9,AZ,"4,055,138","2,340,462",10.17
2007,9,CA,"8,947,727","12,085,947",15.10
2007,9,CO,"1,530,922","1,663,543",9.17
2007,9,CT,"998,159","1,433,596",18.90
2007,9,DC,"171,792","212,193",12.24
2007,9,DE,"428,593","365,009",13.68
2007,9,FL,"12,561,791","6,716,766",11.30
2007,9,GA,"5,572,640","2,390,047",9.61
2007,9,HI,"272,110","407,219",23.50
2007,9,IA,"1,190,989","949,706",9.79
2007,9,ID,"543,326","589,171",6.78
2007,9,IL,"4,078,487","4,580,911",10.31
2007,9,IN,"3,000,095","2,011,346",8.55
2007,9,KS,"1,218,678","891,954",8.56
2007,9,KY,"2,571,570","1,222,641",7.31
2007,9,LA,"3,253,647","1,383,554",9.24
2007,9,MA,"1,618,917","2,347,167",16.15
2007,9,MD,"2,277,945","1,951,170",13.40
2007,9,ME,"332,219","752,738",16.93
2007,9,MI,"2,758,717","3,917,564",10.10
2007,9,MN,"1,975,690","1,610,866",9.03
2007,9,MO,"3,317,177","1,868,411",7.89
2007,9,MS,"2,074,913","745,195",9.30
2007,9,MT,"294,719","364,162",9.20
2007,9,NC,"5,560,212","2,971,346",9.64
2007,9,ND,"259,340","275,446",8.26
2007,9,NE,"762,996","579,951",8.84
2007,9,NH,"352,388","586,222",14.67
2007,9,NJ,"2,631,475","3,369,642",15.28
2007,9,NM,"602,181","644,582",9.29
2007,9,NV,"1,317,728","1,038,195",11.88
2007,9,NY,"4,439,623","6,696,460",17.15
2007,9,OH,"4,489,604","4,170,334",10.01
2007,9,OK,"1,965,350","1,162,735",9.72
2007,9,OR,"1,272,159","1,258,896",8.84
2007,9,PA,"4,323,431","4,951,202",11.30
2007,9,RI,"253,480","424,477",15.51
2007,9,SC,"2,936,393","1,381,855",9.20
2007,9,SD,"315,491","271,458",8.81
2007,9,TN,"4,608,256","1,827,075",7.61
2007,9,TX,"13,316,662","6,746,067",12.44
2007,9,UT,"712,750","792,269",8.42
2007,9,VA,"3,809,841","2,677,023",9.15
2007,9,VT,"163,713","266,809",14.29
2007,9,WA,"2,134,391","2,160,140",7.62
2007,9,WI,"1,855,530","2,096,471",10.98
2007,9,WV,"839,024","848,654",6.98
2007,9,WY,"168,133","207,223",8.28
2007,8,AK,"148,420","236,651",15.84
2007,8,AL,"3,890,218","1,439,738",9.94
2007,8,AR,"1,981,100","924,472",9.09
2007,8,AZ,"4,277,215","2,334,713",10.33
2007,8,CA,"9,203,575","12,363,268",15.11
2007,8,CO,"1,797,756","1,665,877",8.97
2007,8,CT,"1,269,321","1,428,715",19.09
2007,8,DC,"222,134","212,270",12.58
2007,8,DE,"468,024","364,212",13.65
2007,8,FL,"13,015,871","6,885,202",11.28
2007,8,GA,"6,844,910","2,390,631",9.99
2007,8,HI,"290,623","407,306",25.19
2007,8,IA,"1,592,752","949,369",10.04
2007,8,ID,"671,670","587,759",6.98
2007,8,IL,"5,602,646","4,558,206",10.29
2007,8,IN,"3,690,057","2,008,482",8.41
2007,8,KS,"1,840,231","892,626",8.63
2007,8,KY,"3,057,969","1,223,338",7.38
2007,8,LA,"3,300,761","1,383,582",9.54
2007,8,MA,"2,025,419","2,344,871",15.78
2007,8,MD,"2,895,318","1,947,552",13.55
2007,8,ME,"397,317","752,246",16.79
2007,8,MI,"4,036,726","3,918,481",10.69
2007,8,MN,"2,319,278","1,612,187",9.46
2007,8,MO,"4,224,367","1,867,273",8.93
2007,8,MS,"2,099,591","746,057",9.63
2007,8,MT,"400,253","363,921",9.12
2007,8,NC,"6,247,126","2,966,036",9.51
2007,8,ND,"297,971","275,168",8.02
2007,8,NE,"1,025,954","579,371",8.77
2007,8,NH,"424,510","587,050",14.70
2007,8,NJ,"3,392,043","3,330,438",16.30
2007,8,NM,"670,669","643,786",9.29
2007,8,NV,"1,633,481","1,034,739",11.94
2007,8,NY,"5,071,824","6,709,438",17.96
2007,8,OH,"5,682,214","4,208,505",10.46
2007,8,OK,"2,754,032","1,163,244",8.86
2007,8,OR,"1,382,155","1,257,490",8.74
2007,8,PA,"5,197,894","4,937,162",11.57
2007,8,RI,"360,301","424,831",13.16
2007,8,SC,"3,413,192","1,380,333",9.33
2007,8,SD,"388,816","271,119",8.45
2007,8,TN,"4,558,269","1,828,692",7.76
2007,8,TX,"14,202,915","6,750,612",12.40
2007,8,UT,"1,000,028","790,848",8.75
2007,8,VA,"4,694,599","2,675,831",9.33
2007,8,VT,"193,293","266,566",14.16
2007,8,WA,"2,372,573","2,189,626",7.41
2007,8,WI,"2,281,898","2,093,435",11.01
2007,8,WV,"1,089,303","847,626",7.09
2007,8,WY,"202,915","206,890",7.90
2007,7,AK,"143,648","236,151",15.86
2007,7,AL,"3,460,469","1,434,360",9.46
2007,7,AR,"1,737,692","921,874",9.19
2007,7,AZ,"4,399,499","2,331,328",10.37
2007,7,CA,"8,644,331","12,241,133",15.13
2007,7,CO,"1,824,026","1,661,119",9.09
2007,7,CT,"1,335,556","1,425,293",18.82
2007,7,DC,"214,536","212,475",12.72
2007,7,DE,"428,594","363,681",13.70
2007,7,FL,"12,107,869","6,700,762",11.29
2007,7,GA,"5,799,866","2,385,642",9.78
2007,7,HI,"280,326","406,189",24.58
2007,7,IA,"1,567,020","948,050",9.91
2007,7,ID,"723,899","585,798",6.98
2007,7,IL,"5,048,009","4,578,628",9.89
2007,7,IN,"3,269,365","2,008,435",8.31
2007,7,KS,"1,564,101","896,031",8.92
2007,7,KY,"2,696,070","1,221,592",7.35
2007,7,LA,"3,028,499","1,376,743",9.64
2007,7,MA,"1,894,148","2,347,196",15.58
2007,7,MD,"2,749,808","1,945,407",13.56
2007,7,ME,"370,031","751,943",16.70
2007,7,MI,"3,492,883","3,921,015",10.46
2007,7,MN,"2,384,237","1,609,080",9.75
2007,7,MO,"3,676,613","1,864,571",8.86
2007,7,MS,"1,930,988","744,162",9.54
2007,7,MT,"362,985","362,681",9.40
2007,7,NC,"5,512,326","2,960,436",9.67
2007,7,ND,"311,098","274,791",8.30
2007,7,NE,"982,028","579,092",8.82
2007,7,NH,"393,088","584,848",14.96
2007,7,NJ,"3,205,374","3,329,314",16.03
2007,7,NM,"646,672","642,701",9.37
2007,7,NV,"1,900,242","1,032,313",12.13
2007,7,NY,"5,062,429","6,707,653",17.27
2007,7,OH,"4,953,658","4,207,678",10.40
2007,7,OK,"2,341,605","1,160,377",8.98
2007,7,OR,"1,402,061","1,256,354",8.78
2007,7,PA,"4,895,157","4,931,361",11.46
2007,7,RI,"296,014","425,192",14.33
2007,7,SC,"3,083,614","1,377,795",9.31
2007,7,SD,"380,585","270,377",8.58
2007,7,TN,"4,199,201","1,822,377",7.74
2007,7,TX,"13,007,745","6,743,390",12.51
2007,7,UT,"1,099,904","788,474",8.83
2007,7,VA,"4,322,653","2,670,504",9.32
2007,7,VT,"181,020","266,035",14.16
2007,7,WA,"2,417,046","2,167,426",7.65
2007,7,WI,"2,188,895","2,094,969",11.02
2007,7,WV,"908,246","844,183",6.90
2007,7,WY,"201,302","206,585",8.11
2007,6,AK,"142,639","235,636",15.35
2007,6,AL,"3,034,540","1,433,459",9.66
2007,6,AR,"1,421,634","921,869",8.74
2007,6,AZ,"3,436,468","2,330,489",9.96
2007,6,CA,"7,040,167","12,148,541",14.72
2007,6,CO,"1,400,383","1,659,414",9.72
2007,6,CT,"1,030,767","1,425,151",19.93
2007,6,DC,"171,679","211,524",11.98
2007,6,DE,"338,576","363,738",13.79
2007,6,FL,"10,351,568","6,767,179",11.23
2007,6,GA,"5,285,813","2,381,889",9.56
2007,6,HI,"268,463","405,587",23.53
2007,6,IA,"1,148,386","947,921",9.86
2007,6,ID,"574,181","585,450",6.97
2007,6,IL,"4,301,243","4,558,248",10.58
2007,6,IN,"2,872,901","2,009,718",8.37
2007,6,KS,"1,218,101","891,583",8.96
2007,6,KY,"2,289,970","1,220,982",7.46
2007,6,LA,"2,549,376","1,379,131",9.50
2007,6,MA,"1,591,613","2,343,905",16.68
2007,6,MD,"2,294,245","1,945,467",13.77
2007,6,ME,"342,642","751,317",16.73
2007,6,MI,"3,119,153","3,924,747",10.69
2007,6,MN,"1,903,957","1,609,575",9.72
2007,6,MO,"2,996,678","1,862,748",8.96
2007,6,MS,"1,623,778","743,745",9.75
2007,6,MT,"294,522","362,554",9.44
2007,6,NC,"4,716,835","2,955,437",9.32
2007,6,ND,"253,606","274,385",8.40
2007,6,NE,"725,385","578,463",8.71
2007,6,NH,"342,467","582,959",14.96
2007,6,NJ,"2,845,677","3,333,123",15.52
2007,6,NM,"521,448","641,540",9.38
2007,6,NV,"1,365,646","1,031,197",11.55
2007,6,NY,"4,087,220","6,697,440",18.17
2007,6,OH,"4,474,908","4,205,074",10.34
2007,6,OK,"1,901,659","1,159,792",8.76
2007,6,OR,"1,293,556","1,255,770",8.29
2007,6,PA,"4,219,907","4,928,811",11.64
2007,6,RI,"244,102","425,816",14.31
2007,6,SC,"2,622,409","1,376,036",9.29
2007,6,SD,"296,427","270,283",8.70
2007,6,TN,"3,467,329","1,819,313",7.89
2007,6,TX,"11,163,139","6,693,332",12.73
2007,6,UT,"757,409","786,886",8.62
2007,6,VA,"3,687,746","2,666,724",9.34
2007,6,VT,"164,395","266,714",14.49
2007,6,WA,"2,287,753","2,169,482",7.29
2007,6,WI,"1,900,968","2,095,314",11.15
2007,6,WV,"863,603","845,491",6.73
2007,6,WY,"170,562","206,034",8.22
2007,5,AK,"149,843","235,211",15.02
2007,5,AL,"2,348,667","1,430,541",9.39
2007,5,AR,"1,100,689","919,935",8.52
2007,5,AZ,"2,640,821","2,328,667",10.20
2007,5,CA,"6,531,456","12,368,633",14.15
2007,5,CO,"1,241,237","1,658,591",9.62
2007,5,CT,"902,905","1,425,767",19.65
2007,5,DC,"123,591","211,363",9.59
2007,5,DE,"271,978","363,111",13.54
2007,5,FL,"8,742,696","6,780,040",11.18
2007,5,GA,"3,850,528","2,377,825",8.93
2007,5,HI,"263,454","406,002",23.17
2007,5,IA,"918,318","948,283",9.87
2007,5,ID,"560,372","584,777",6.09
2007,5,IL,"3,234,828","4,571,941",10.17
2007,5,IN,"2,265,724","2,009,067",8.87
2007,5,KS,"938,405","894,013",8.41
2007,5,KY,"1,853,635","1,219,869",7.55
2007,5,LA,"1,985,247","1,380,885",9.91
2007,5,MA,"1,407,412","2,337,585",15.66
2007,5,MD,"1,805,563","1,944,718",10.61
2007,5,ME,"322,613","750,403",16.87
2007,5,MI,"2,455,135","3,858,496",10.12
2007,5,MN,"1,501,229","1,610,007",9.23
2007,5,MO,"2,531,113","1,860,232",7.99
2007,5,MS,"1,230,717","742,210",9.84
2007,5,MT,"319,189","362,831",8.92
2007,5,NC,"3,670,845","2,949,449",9.48
2007,5,ND,"248,625","274,237",7.82
2007,5,NE,"646,751","578,223",7.60
2007,5,NH,"319,164","581,565",15.19
2007,5,NJ,"2,014,990","3,327,957",13.05
2007,5,NM,"438,730","641,134",9.22
2007,5,NV,"964,799","1,027,075",11.26
2007,5,NY,"3,612,651","6,699,608",17.50
2007,5,OH,"3,581,983","4,211,284",9.95
2007,5,OK,"1,405,785","1,158,912",8.63
2007,5,OR,"1,331,798","1,255,125",7.80
2007,5,PA,"3,646,473","5,018,430",11.32
2007,5,RI,"218,853","426,501",13.52
2007,5,SC,"2,006,485","1,373,504",9.29
2007,5,SD,"284,169","270,965",8.41
2007,5,TN,"2,742,207","1,826,066",8.06
2007,5,TX,"8,897,783","6,731,891",12.62
2007,5,UT,"634,064","787,296",8.13
2007,5,VA,"3,026,841","2,664,379",8.93
2007,5,VT,"161,327","265,045",14.37
2007,5,WA,"2,598,701","2,173,152",7.03
2007,5,WI,"1,524,782","2,088,024",11.20
2007,5,WV,"736,962","846,015",6.96
2007,5,WY,"176,722","205,841",8.03
2007,4,AK,"177,745","234,232",14.60
2007,4,AL,"1,916,886","1,429,728",9.58
2007,4,AR,"1,027,175","919,049",8.63
2007,4,AZ,"1,858,231","2,333,417",9.19
2007,4,CA,"6,038,481","12,033,243",13.74
2007,4,CO,"1,198,309","1,657,245",9.46
2007,4,CT,"935,924","1,427,141",19.98
2007,4,DC,"111,178","211,343",9.84
2007,4,DE,"318,414","362,999",12.95
2007,4,FL,"7,755,491","6,769,765",11.23
2007,4,GA,"3,409,571","2,375,233",9.12
2007,4,HI,"251,036","405,526",22.47
2007,4,IA,"907,203","948,701",9.61
2007,4,ID,"572,894","583,804",6.00
2007,4,IL,"2,921,761","4,562,337",10.42
2007,4,IN,"2,235,513","2,011,853",8.80
2007,4,KS,"809,382","889,161",8.35
2007,4,KY,"1,712,361","1,218,749",7.67
2007,4,LA,"1,721,525","1,369,496",9.70
2007,4,MA,"1,422,311","2,348,873",16.62
2007,4,MD,"1,943,692","1,945,597",9.98
2007,4,ME,"341,071","749,343",16.85
2007,4,MI,"2,447,549","3,861,207",10.00
2007,4,MN,"1,513,132","1,610,503",9.29
2007,4,MO,"2,137,874","1,862,101",7.41
2007,4,MS,"1,117,345","741,177",9.70
2007,4,MT,"340,029","362,216",8.77
2007,4,NC,"3,434,565","2,945,766",9.61
2007,4,ND,"320,371","273,958",6.84
2007,4,NE,"613,436","577,690",7.34
2007,4,NH,"336,724","579,848",14.92
2007,4,NJ,"1,915,360","3,313,441",12.51
2007,4,NM,"431,558","639,969",9.03
2007,4,NV,"671,737","1,025,983",11.50
2007,4,NY,"3,523,933","6,697,601",17.14
2007,4,OH,"3,582,097","4,213,549",9.60
2007,4,OK,"1,225,988","1,157,893",8.89
2007,4,OR,"1,470,684","1,254,103",7.75
2007,4,PA,"4,060,177","4,932,025",10.75
2007,4,RI,"220,458","426,891",14.05
2007,4,SC,"1,790,389","1,371,301",9.35
2007,4,SD,"314,660","268,191",8.01
2007,4,TN,"2,769,633","1,813,848",7.97
2007,4,TX,"7,522,891","6,742,470",12.56
2007,4,UT,"546,273","785,133",7.77
2007,4,VA,"2,853,607","2,661,868",8.69
2007,4,VT,"161,033","264,469",14.29
2007,4,WA,"2,885,324","2,161,824",7.00
2007,4,WI,"1,501,806","2,096,342",10.85
2007,4,WV,"795,313","846,677",6.75
2007,4,WY,"191,945","205,602",7.80
2007,3,AK,"204,961","233,690",14.99
2007,3,AL,"2,281,268","1,429,850",9.06
2007,3,AR,"1,297,661","919,113",8.86
2007,3,AZ,"1,951,808","2,343,907",8.80
2007,3,CA,"6,815,143","12,275,531",13.82
2007,3,CO,"1,323,196","1,656,051",9.43
2007,3,CT,"1,162,491","1,426,719",19.20
2007,3,DC,"169,272","211,789",9.52
2007,3,DE,"426,123","362,767",12.24
2007,3,FL,"7,990,070","6,759,650",11.16
2007,3,GA,"3,948,221","2,373,589",8.77
2007,3,HI,"264,806","405,231",21.48
2007,3,IA,"1,084,404","950,394",9.01
2007,3,ID,"692,653","583,166",5.89
2007,3,IL,"3,345,223","4,576,958",9.81
2007,3,IN,"2,746,298","2,015,809",7.97
2007,3,KS,"920,517","943,477",7.92
2007,3,KY,"2,237,677","1,220,599",7.06
2007,3,LA,"1,947,265","1,377,097",9.13
2007,3,MA,"1,656,669","2,405,462",16.95
2007,3,MD,"2,389,158","1,947,317",9.89
2007,3,ME,"384,667","775,742",17.00
2007,3,MI,"2,737,448","3,863,423",10.07
2007,3,MN,"1,743,609","1,609,702",8.85
2007,3,MO,"2,604,120","1,864,257",6.83
2007,3,MS,"1,298,484","740,915",9.12
2007,3,MT,"406,420","361,851",8.56
2007,3,NC,"4,316,454","2,941,196",9.21
2007,3,ND,"380,205","273,732",6.94
2007,3,NE,"837,948","577,310",6.78
2007,3,NH,"386,878","579,524",14.87
2007,3,NJ,"2,311,412","3,334,013",12.52
2007,3,NM,"474,003","640,473",8.86
2007,3,NV,"714,556","1,022,362",11.52
2007,3,NY,"4,039,552","6,703,295",16.83
2007,3,OH,"4,585,627","4,230,802",8.76
2007,3,OK,"1,378,831","1,158,979",8.62
2007,3,OR,"1,785,977","1,253,117",7.65
2007,3,PA,"4,986,282","4,933,775",10.25
2007,3,RI,"259,761","426,889",13.44
2007,3,SC,"2,118,389","1,369,618",8.98
2007,3,SD,"376,710","270,239",7.60
2007,3,TN,"3,377,474","1,812,714",7.69
2007,3,TX,"8,307,248","6,760,766",12.46
2007,3,UT,"605,464","784,285",7.69
2007,3,VA,"3,703,880","2,663,268",8.28
2007,3,VT,"199,473","264,070",13.81
2007,3,WA,"3,447,578","2,172,528",6.92
2007,3,WI,"1,756,815","2,081,193",10.51
2007,3,WV,"1,071,467","847,832",6.35
2007,3,WY,"243,146","205,715",7.50
2007,2,AK,"198,914","233,220",14.58
2007,2,AL,"2,906,054","1,428,753",8.73
2007,2,AR,"1,645,094","916,485",8.12
2007,2,AZ,"2,150,083","2,339,402",8.46
2007,2,CA,"6,783,217","11,635,185",14.18
2007,2,CO,"1,384,600","1,653,657",9.22
2007,2,CT,"1,202,658","1,416,966",19.23
2007,2,DC,"180,504","211,831",9.90
2007,2,DE,"432,119","361,998",12.01
2007,2,FL,"8,720,810","6,757,638",10.99
2007,2,GA,"4,789,810","2,373,381",8.39
2007,2,HI,"228,347","404,520",22.41
2007,2,IA,"1,271,293","949,579",8.57
2007,2,ID,"782,041","582,601",5.77
2007,2,IL,"4,040,207","4,550,335",9.62
2007,2,IN,"3,392,455","2,017,814",7.36
2007,2,KS,"1,109,625","941,918",7.46
2007,2,KY,"2,879,091","1,219,516",6.88
2007,2,LA,"2,379,003","1,356,500",9.04
2007,2,MA,"1,831,545","2,284,511",16.82
2007,2,MD,"2,947,553","1,945,902",9.50
2007,2,ME,"397,296","718,305",15.17
2007,2,MI,"2,782,947","3,863,733",10.31
2007,2,MN,"1,965,180","1,607,886",8.56
2007,2,MO,"3,277,323","1,866,393",6.40
2007,2,MS,"1,636,225","738,720",8.58
2007,2,MT,"431,066","361,229",8.21
2007,2,NC,"5,382,445","2,936,894",8.88
2007,2,ND,"456,513","273,544",6.22
2007,2,NE,"917,563","577,309",6.40
2007,2,NH,"404,192","578,761",14.69
2007,2,NJ,"2,284,645","3,326,166",12.56
2007,2,NM,"523,695","639,259",8.77
2007,2,NV,"715,169","1,017,065",11.37
2007,2,NY,"4,197,325","6,698,987",15.89
2007,2,OH,"5,195,169","4,197,429",8.55
2007,2,OK,"1,768,763","1,158,222",7.64
2007,2,OR,"1,995,445","1,251,384",7.60
2007,2,PA,"5,230,002","4,924,324",10.25
2007,2,RI,"268,872","426,143",13.25
2007,2,SC,"2,645,017","1,366,630",8.89
2007,2,SD,"438,924","268,756",7.17
2007,2,TN,"4,214,371","1,808,252",7.46
2007,2,TX,"10,238,330","6,742,501",11.97
2007,2,UT,"596,672","782,967",7.90
2007,2,VA,"4,654,894","2,663,663",8.02
2007,2,VT,"194,138","264,033",13.95
2007,2,WA,"3,806,286","2,146,266",6.93
2007,2,WI,"1,999,408","2,088,166",10.58
2007,2,WV,"1,329,888","847,912",6.20
2007,2,WY,"261,464","204,747",7.28
2007,1,AK,"238,598","233,620",14.60
2007,1,AL,"2,743,367","1,425,799",8.62
2007,1,AR,"1,546,740","917,228",8.24
2007,1,AZ,"2,741,368","2,334,766",8.33
2007,1,CA,"8,398,960","12,319,071",14.98
2007,1,CO,"1,701,520","1,651,875",8.98
2007,1,CT,"1,241,370","1,414,555",18.74
2007,1,DC,"160,463","211,638",10.01
2007,1,DE,"388,346","361,622",12.44
2007,1,FL,"9,015,282","6,668,615",11.06
2007,1,GA,"4,786,546","2,369,695",8.16
2007,1,HI,"277,001","404,655",21.76
2007,1,IA,"1,239,070","948,758",8.83
2007,1,ID,"973,800","581,862",5.70
2007,1,IL,"4,320,952","4,512,325",9.63
2007,1,IN,"3,214,471","2,017,649",7.51
2007,1,KS,"1,197,891","940,149",7.37
2007,1,KY,"2,569,599","1,218,533",6.90
2007,1,LA,"2,303,337","1,365,977",8.86
2007,1,MA,"1,784,673","2,370,997",17.87
2007,1,MD,"2,621,549","1,946,050",9.67
2007,1,ME,"430,716","719,829",15.16
2007,1,MI,"3,232,344","3,860,391",9.92
2007,1,MN,"2,037,274","1,606,738",8.63
2007,1,MO,"3,231,528","1,865,254",6.61
2007,1,MS,"1,509,703","737,403",8.69
2007,1,MT,"538,342","360,438",8.19
2007,1,NC,"5,037,686","2,932,240",8.85
2007,1,ND,"458,593","273,461",6.35
2007,1,NE,"978,953","577,010",6.47
2007,1,NH,"435,498","578,649",14.93
2007,1,NJ,"2,444,837","3,306,861",12.48
2007,1,NM,"620,309","638,090",8.46
2007,1,NV,"980,170","1,022,035",11.21
2007,1,NY,"4,322,642","6,723,971",16.09
2007,1,OH,"5,273,244","4,228,070",8.82
2007,1,OK,"1,991,001","1,156,889",7.00
2007,1,OR,"2,361,737","1,249,881",7.69
2007,1,PA,"5,089,993","4,924,843",10.28
2007,1,RI,"261,216","425,521",13.91
2007,1,SC,"2,544,353","1,364,689",8.86
2007,1,SD,"448,167","267,460",7.32
2007,1,TN,"3,682,284","1,803,263",7.63
2007,1,TX,"10,703,903","6,734,809",12.08
2007,1,UT,"801,407","781,697",7.56
2007,1,VA,"4,305,000","2,659,910",8.17
2007,1,VT,"212,768","264,251",13.67
2007,1,WA,"4,306,137","2,158,486",7.02
2007,1,WI,"2,003,888","2,093,678",10.50
2007,1,WV,"1,263,134","847,483",6.31
2007,1,WY,"314,506","204,847",7.29
2006,12,AK,"225,490",.,15.05
2006,12,AL,"2,651,896",.,8.09
2006,12,AR,"1,349,403",.,8.59
2006,12,AZ,"2,325,106",.,8.56
2006,12,CA,"7,441,579",.,14.47
2006,12,CO,"1,552,027",.,8.45
2006,12,CT,"1,174,845",.,17.97
2006,12,DC,"160,634",.,9.86
2006,12,DE,"337,267",.,12.90
2006,12,FL,"8,530,147",.,11.19
2006,12,GA,"4,381,413",.,8.04
2006,12,HI,"269,864",.,21.93
2006,12,IA,"1,196,445",.,8.69
2006,12,ID,"900,195",.,5.67
2006,12,IL,"4,140,965",.,7.55
2006,12,IN,"2,994,725",.,7.74
2006,12,KS,"1,152,467",.,7.22
2006,12,KY,"2,411,718",.,6.94
2006,12,LA,"2,072,764",.,8.42
2006,12,MA,"1,769,745",.,16.63
2006,12,MD,"2,418,998",.,9.94
2006,12,ME,"372,152",.,14.03
2006,12,MI,"3,111,428",.,9.65
2006,12,MN,"1,916,259",.,8.18
2006,12,MO,"3,007,513",.,6.48
2006,12,MS,"1,413,974",.,8.55
2006,12,MT,"467,244",.,8.23
2006,12,NC,"4,514,896",.,8.85
2006,12,ND,"416,550",.,6.42
2006,12,NE,"873,453",.,6.63
2006,12,NH,"393,008",.,14.60
2006,12,NJ,"2,340,082",.,12.44
2006,12,NM,"541,487",.,8.64
2006,12,NV,"899,427",.,11.23
2006,12,NY,"4,022,364",.,15.88
2006,12,OH,"4,779,623",.,8.53
2006,12,OK,"1,776,880",.,6.46
2006,12,OR,"2,055,038",.,7.51
2006,12,PA,"4,941,726",.,10.06
2006,12,RI,"261,462",.,14.28
2006,12,SC,"2,386,349",.,8.86
2006,12,SD,"397,981",.,7.41
2006,12,TN,"3,436,531",.,7.61
2006,12,TX,"9,112,951",.,11.91
2006,12,UT,"776,165",.,7.31
2006,12,VA,"3,939,297",.,7.85
2006,12,VT,"204,737",.,13.20
2006,12,WA,"3,675,939",.,7.18
2006,12,WI,"1,949,315",.,10.35
2006,12,WV,"1,172,240",.,6.23
2006,12,WY,"267,838",.,7.49
2006,11,AK,"193,588",.,15.02
2006,11,AL,"2,008,802",.,8.45
2006,11,AR,"1,092,322",.,8.94
2006,11,AZ,"1,878,320",.,8.74
2006,11,CA,"6,262,125",.,14.47
2006,11,CO,"1,288,023",.,8.68
2006,11,CT,"986,768",.,16.92
2006,11,DC,"135,776",.,8.99
2006,11,DE,"282,620",.,13.40
2006,11,FL,"8,314,403",.,11.41
2006,11,GA,"3,592,101",.,8.33
2006,11,HI,"269,483",.,22.66
2006,11,IA,"962,031",.,9.13
2006,11,ID,"721,339",.,5.94
2006,11,IL,"3,444,677",.,7.78
2006,11,IN,"2,465,266",.,8.14
2006,11,KS,"888,648",.,7.53
2006,11,KY,"1,929,926",.,6.98
2006,11,LA,"1,786,864",.,8.90
2006,11,MA,"1,497,971",.,15.74
2006,11,MD,"1,918,900",.,9.91
2006,11,ME,"323,782",.,14.06
2006,11,MI,"2,495,878",.,9.63
2006,11,MN,"1,609,322",.,8.67
2006,11,MO,"2,380,958",.,6.75
2006,11,MS,"1,144,485",.,9.12
2006,11,MT,"365,709",.,8.45
2006,11,NC,"3,585,161",.,9.23
2006,11,ND,"343,360",.,6.95
2006,11,NE,"671,868",.,7.11
2006,11,NH,"341,350",.,14.22
2006,11,NJ,"1,957,588",.,12.17
2006,11,NM,"430,150",.,8.74
2006,11,NV,"580,588",.,11.79
2006,11,NY,"3,542,544",.,16.33
2006,11,OH,"3,998,312",.,9.05
2006,11,OK,"1,294,652",.,8.02
2006,11,OR,"1,590,824",.,7.63
2006,11,PA,"3,861,181",.,10.10
2006,11,RI,"223,022",.,14.34
2006,11,SC,"1,926,531",.,9.34
2006,11,SD,"326,043",.,7.88
2006,11,TN,"2,782,142",.,7.85
2006,11,TX,"7,511,314",.,12.52
2006,11,UT,"620,945",.,7.10
2006,11,VA,"3,202,118",.,8.47
2006,11,VT,"167,302",.,13.57
2006,11,WA,"2,828,491",.,7.21
2006,11,WI,"1,690,380",.,10.52
2006,11,WV,"920,072",.,6.43
2006,11,WY,"206,828",.,7.83
2006,10,AK,"160,758",.,14.92
2006,10,AL,"2,145,601",.,8.64
2006,10,AR,"1,179,629",.,9.06
2006,10,AZ,"2,422,062",.,9.88
2006,10,CA,"6,866,588",.,12.20
2006,10,CO,"1,222,570",.,8.93
2006,10,CT,"887,849",.,17.34
2006,10,DC,"105,359",.,10.32
2006,10,DE,"266,380",.,13.71
2006,10,FL,"9,988,240",.,11.45
2006,10,GA,"3,785,934",.,8.89
2006,10,HI,"274,609",.,23.25
2006,10,IA,"875,508",.,9.87
2006,10,ID,"565,691",.,6.13
2006,10,IL,"3,179,371",.,8.73
2006,10,IN,"2,191,904",.,8.73
2006,10,KS,"853,946",.,8.15
2006,10,KY,"1,644,302",.,7.25
2006,10,LA,"2,300,972",.,10.16
2006,10,MA,"1,381,686",.,16.18
2006,10,MD,"1,792,744",.,10.69
2006,10,ME,"312,240",.,14.13
2006,10,MI,"2,471,099",.,9.65
2006,10,MN,"1,581,783",.,8.90
2006,10,MO,"2,226,692",.,7.33
2006,10,MS,"1,372,197",.,9.19
2006,10,MT,"309,241",.,8.83
2006,10,NC,"3,418,416",.,9.76
2006,10,ND,"280,393",.,7.75
2006,10,NE,"589,234",.,7.36
2006,10,NH,"315,633",.,14.95
2006,10,NJ,"1,893,335",.,12.54
2006,10,NM,"437,344",.,9.37
2006,10,NV,"686,108",.,11.58
2006,10,NY,"3,678,747",.,17.22
2006,10,OH,"3,472,822",.,9.57
2006,10,OK,"1,414,771",.,8.79
2006,10,OR,"1,278,237",.,7.66
2006,10,PA,"3,518,469",.,10.60
2006,10,RI,"214,170",.,15.08
2006,10,SC,"1,875,446",.,9.29
2006,10,SD,"274,251",.,8.42
2006,10,TN,"2,728,097",.,7.98
2006,10,TX,"9,520,466",.,13.18
2006,10,UT,"572,091",.,7.38
2006,10,VA,"2,713,533",.,8.73
2006,10,VT,"159,148",.,13.74
2006,10,WA,"2,332,033",.,7.13
2006,10,WI,"1,599,678",.,10.79
2006,10,WV,"730,251",.,6.81
2006,10,WY,"178,584",.,8.31
2006,9,AK,"151,992",.,15.31
2006,9,AL,"3,122,679",.,9.13
2006,9,AR,"1,701,802",.,9.51
2006,9,AZ,"3,390,564",.,9.89
2006,9,CA,"8,185,193",.,14.57
2006,9,CO,"1,381,386",.,9.07
2006,9,CT,"878,313",.,18.64
2006,9,DC,"147,193",.,11.39
2006,9,DE,"386,880",.,13.62
2006,9,FL,"11,865,880",.,11.47
2006,9,GA,"5,276,523",.,9.21
2006,9,HI,"268,294",.,24.22
2006,9,IA,"1,010,571",.,10.53
2006,9,ID,"531,548",.,6.22
2006,9,IL,"3,212,110",.,9.21
2006,9,IN,"2,447,841",.,8.49
2006,9,KS,"1,038,803",.,9.07
2006,9,KY,"1,987,766",.,7.24
2006,9,LA,"3,037,368",.,9.70
2006,9,MA,"1,456,865",.,16.59
2006,9,MD,"1,980,993",.,11.06
2006,9,ME,"300,740",.,13.74
2006,9,MI,"2,289,263",.,9.94
2006,9,MN,"1,721,600",.,8.70
2006,9,MO,"2,653,116",.,7.81
2006,9,MS,"1,958,967",.,9.56
2006,9,MT,"291,073",.,8.83
2006,9,NC,"4,754,987",.,9.68
2006,9,ND,"250,793",.,8.25
2006,9,NE,"676,817",.,8.51
2006,9,NH,"317,810",.,14.39
2006,9,NJ,"2,305,453",.,13.85
2006,9,NM,"497,656",.,9.27
2006,9,NV,"1,169,008",.,11.04
2006,9,NY,"4,188,219",.,17.92
2006,9,OH,"3,486,532",.,9.89
2006,9,OK,"1,753,799",.,9.85
2006,9,OR,"1,279,349",.,7.68
2006,9,PA,"3,768,774",.,10.55
2006,9,RI,"223,746",.,15.33
2006,9,SC,"2,591,288",.,9.29
2006,9,SD,"287,696",.,8.31
2006,9,TN,"3,863,463",.,7.91
2006,9,TX,"13,269,737",.,13.25
2006,9,UT,"629,302",.,7.77
2006,9,VA,"3,301,518",.,8.87
2006,9,VT,"157,281",.,13.73
2006,9,WA,"2,145,950",.,7.11
2006,9,WI,"1,652,300",.,10.81
2006,9,WV,"675,086",.,6.77
2006,9,WY,"150,279",.,8.43
2006,8,AK,"146,798",.,16.05
2006,8,AL,"3,757,074",.,9.56
2006,8,AR,"2,085,770",.,9.77
2006,8,AZ,"4,092,734",.,9.88
2006,8,CA,"10,128,728",.,14.89
2006,8,CO,"1,727,875",.,9.29
2006,8,CT,"1,332,081",.,17.48
2006,8,DC,"202,884",.,10.86
2006,8,DE,"502,631",.,13.52
2006,8,FL,"12,798,124",.,11.47
2006,8,GA,"6,639,722",.,9.93
2006,8,HI,"288,960",.,24.48
2006,8,IA,"1,456,018",.,10.20
2006,8,ID,"634,397",.,6.34
2006,8,IL,"5,214,003",.,8.92
2006,8,IN,"3,491,089",.,8.29
2006,8,KS,"1,752,959",.,8.84
2006,8,KY,"2,935,203",.,7.23
2006,8,LA,"3,322,551",.,9.14
2006,8,MA,"1,982,458",.,16.85
2006,8,MD,"2,927,523",.,10.60
2006,8,ME,"371,778",.,13.67
2006,8,MI,"3,975,995",.,10.47
2006,8,MN,"2,294,556",.,9.16
2006,8,MO,"3,995,993",.,8.34
2006,8,MS,"2,152,192",.,9.65
2006,8,MT,"371,414",.,8.41
2006,8,NC,"6,026,603",.,9.31
2006,8,ND,"288,966",.,8.01
2006,8,NE,"979,007",.,8.47
2006,8,NH,"416,213",.,13.79
2006,8,NJ,"3,477,323",.,14.75
2006,8,NM,"614,714",.,9.30
2006,8,NV,"1,633,750",.,10.95
2006,8,NY,"5,374,556",.,17.74
2006,8,OH,"5,631,572",.,9.93
2006,8,OK,"2,892,233",.,9.10
2006,8,OR,"1,380,097",.,7.62
2006,8,PA,"5,282,943",.,10.78
2006,8,RI,"334,614",.,15.23
2006,8,SC,"3,315,071",.,9.26
2006,8,SD,"379,680",.,8.00
2006,8,TN,"4,558,982",.,7.88
2006,8,TX,"15,289,544",.,13.35
2006,8,UT,"880,583",.,8.14
2006,8,VA,"4,708,239",.,9.01
2006,8,VT,"189,159",.,13.50
2006,8,WA,"2,370,208",.,7.07
2006,8,WI,"2,228,623",.,10.74
2006,8,WV,"1,035,816",.,6.34
2006,8,WY,"194,417",.,8.17
2006,7,AK,"146,267",.,15.94
2006,7,AL,"3,752,238",.,9.18
2006,7,AR,"1,840,243",.,9.14
2006,7,AZ,"4,298,301",.,9.90
2006,7,CA,"9,522,035",.,16.65
2006,7,CO,"1,729,092",.,9.14
2006,7,CT,"1,454,521",.,16.41
2006,7,DC,"209,031",.,10.81
2006,7,DE,"438,764",.,13.72
2006,7,FL,"12,134,851",.,11.40
2006,7,GA,"6,341,229",.,9.65
2006,7,HI,"276,518",.,24.61
2006,7,IA,"1,601,108",.,10.03
2006,7,ID,"708,649",.,6.33
2006,7,IL,"5,776,437",.,9.15
2006,7,IN,"3,447,826",.,8.21
2006,7,KS,"1,758,129",.,8.87
2006,7,KY,"2,726,379",.,7.21
2006,7,LA,"3,214,140",.,9.07
2006,7,MA,"2,098,317",.,16.05
2006,7,MD,"2,903,026",.,10.60
2006,7,ME,"369,733",.,13.53
2006,7,MI,"3,958,571",.,10.25
2006,7,MN,"2,546,378",.,9.45
2006,7,MO,"3,872,961",.,8.46
2006,7,MS,"2,035,282",.,9.59
2006,7,MT,"348,158",.,8.45
2006,7,NC,"5,640,741",.,9.20
2006,7,ND,"304,665",.,8.07
2006,7,NE,"984,051",.,8.51
2006,7,NH,"448,511",.,14.49
2006,7,NJ,"3,716,869",.,14.57
2006,7,NM,"628,225",.,9.16
2006,7,NV,"1,804,401",.,10.94
2006,7,NY,"4,964,333",.,17.56
2006,7,OH,"5,472,468",.,10.03
2006,7,OK,"2,790,809",.,8.58
2006,7,OR,"1,420,414",.,7.64
2006,7,PA,"5,239,036",.,11.00
2006,7,RI,"329,019",.,15.06
2006,7,SC,"3,241,385",.,9.09
2006,7,SD,"370,406",.,8.43
2006,7,TN,"4,165,694",.,7.95
2006,7,TX,"14,649,689",.,13.31
2006,7,UT,"1,012,177",.,8.08
2006,7,VA,"4,559,381",.,9.00
2006,7,VT,"195,227",.,13.47
2006,7,WA,"2,361,483",.,6.98
2006,7,WI,"2,384,145",.,10.67
2006,7,WV,"965,490",.,6.34
2006,7,WY,"181,527",.,8.25
2006,6,AK,"144,797",.,15.47
2006,6,AL,"3,066,661",.,9.35
2006,6,AR,"1,496,548",.,8.91
2006,6,AZ,"3,557,019",.,10.05
2006,6,CA,"7,547,601",.,15.17
2006,6,CO,"1,539,416",.,8.76
2006,6,CT,"1,077,910",.,16.77
2006,6,DC,"166,893",.,10.86
2006,6,DE,"309,742",.,13.94
2006,6,FL,"11,176,688",.,11.39
2006,6,GA,"5,145,237",.,9.30
2006,6,HI,"265,474",.,24.09
2006,6,IA,"1,181,712",.,9.79
2006,6,ID,"557,008",.,6.46
2006,6,IL,"3,900,566",.,8.88
2006,6,IN,"2,659,135",.,8.46
2006,6,KS,"1,403,110",.,8.55
2006,6,KY,"2,082,141",.,7.32
2006,6,LA,"2,638,366",.,9.09
2006,6,MA,"1,651,658",.,16.22
2006,6,MD,"2,181,705",.,10.74
2006,6,ME,"411,743",.,13.84
2006,6,MI,"2,973,993",.,9.96
2006,6,MN,"1,815,344",.,9.26
2006,6,MO,"3,026,516",.,8.45
2006,6,MS,"1,703,229",.,10.23
2006,6,MT,"301,269",.,8.46
2006,6,NC,"4,632,248",.,9.03
2006,6,ND,"251,629",.,7.89
2006,6,NE,"821,278",.,8.16
2006,6,NH,"360,578",.,15.14
2006,6,NJ,"2,636,789",.,14.01
2006,6,NM,"557,372",.,9.04
2006,6,NV,"1,359,214",.,10.97
2006,6,NY,"3,837,986",.,17.33
2006,6,OH,"4,110,756",.,10.16
2006,6,OK,"2,244,049",.,8.64
2006,6,OR,"1,285,031",.,7.56
2006,6,PA,"3,961,045",.,10.99
2006,6,RI,"247,670",.,15.70
2006,6,SC,"2,635,218",.,9.18
2006,6,SD,"297,713",.,8.32
2006,6,TN,"3,294,319",.,8.03
2006,6,TX,"12,852,687",.,13.41
2006,6,UT,"727,212",.,8.05
2006,6,VA,"3,531,096",.,9.05
2006,6,VT,"167,288",.,13.61
2006,6,WA,"2,329,016",.,6.91
2006,6,WI,"1,764,192",.,10.25
2006,6,WV,"760,286",.,6.44
2006,6,WY,"169,156",.,8.18
2006,5,AK,"149,076",.,15.30
2006,5,AL,"2,312,563",.,8.69
2006,5,AR,"1,104,762",.,8.69
2006,5,AZ,"2,510,850",.,10.19
2006,5,CA,"6,516,582",.,14.04
2006,5,CO,"1,203,713",.,8.98
2006,5,CT,"872,628",.,17.03
2006,5,DC,"95,390",.,9.59
2006,5,DE,"245,608",.,12.10
2006,5,FL,"9,174,237",.,11.31
2006,5,GA,"3,664,504",.,8.76
2006,5,HI,"251,880",.,23.25
2006,5,IA,"824,222",.,9.95
2006,5,ID,"514,120",.,6.62
2006,5,IL,"3,165,272",.,8.92
2006,5,IN,"2,030,668",.,9.16
2006,5,KS,"941,582",.,8.38
2006,5,KY,"1,546,209",.,7.43
2006,5,LA,"1,999,757",.,8.82
2006,5,MA,"1,355,488",.,16.47
2006,5,MD,"1,697,250",.,9.42
2006,5,ME,"386,778",.,13.72
2006,5,MI,"2,450,554",.,9.80
2006,5,MN,"1,479,716",.,8.81
2006,5,MO,"2,232,532",.,8.17
2006,5,MS,"1,246,752",.,10.20
2006,5,MT,"300,527",.,8.25
2006,5,NC,"3,370,810",.,9.23
2006,5,ND,"246,036",.,7.53
2006,5,NE,"587,705",.,7.62
2006,5,NH,"309,673",.,15.88
2006,5,NJ,"1,847,421",.,11.46
2006,5,NM,"446,862",.,8.97
2006,5,NV,"938,864",.,11.30
2006,5,NY,"3,232,719",.,16.56
2006,5,OH,"3,232,946",.,9.94
2006,5,OK,"1,577,306",.,8.27
2006,5,OR,"1,308,370",.,7.54
2006,5,PA,"3,350,784",.,10.78
2006,5,RI,"211,518",.,15.47
2006,5,SC,"1,919,171",.,9.08
2006,5,SD,"270,844",.,8.35
2006,5,TN,"2,499,385",.,8.20
2006,5,TX,"10,041,908",.,12.98
2006,5,UT,"575,581",.,7.68
2006,5,VA,"2,741,532",.,8.96
2006,5,VT,"151,901",.,13.69
2006,5,WA,"2,495,268",.,6.86
2006,5,WI,"1,514,765",.,10.96
2006,5,WV,"684,684",.,6.79
2006,5,WY,"170,676",.,8.04
2006,4,AK,"175,522",.,14.38
2006,4,AL,"2,017,816",.,8.96
2006,4,AR,"1,093,144",.,8.55
2006,4,AZ,"1,827,169",.,8.92
2006,4,CA,"6,023,571",.,13.99
2006,4,CO,"1,176,966",.,9.20
2006,4,CT,"835,641",.,17.64
2006,4,DC,"103,528",.,8.92
2006,4,DE,"298,669",.,9.41
2006,4,FL,"7,940,787",.,11.30
2006,4,GA,"3,390,452",.,8.65
2006,4,HI,"253,278",.,23.30
2006,4,IA,"904,816",.,9.59
2006,4,ID,"581,966",.,6.41
2006,4,IL,"2,941,218",.,8.46
2006,4,IN,"2,079,240",.,8.96
2006,4,KS,"815,607",.,8.39
2006,4,KY,"1,673,236",.,7.22
2006,4,LA,"1,794,461",.,8.76
2006,4,MA,"1,314,383",.,16.48
2006,4,MD,"1,737,739",.,8.62
2006,4,ME,"396,625",.,13.70
2006,4,MI,"2,239,478",.,10.00
2006,4,MN,"1,472,814",.,8.38
2006,4,MO,"2,070,880",.,7.23
2006,4,MS,"1,155,800",.,10.15
2006,4,MT,"338,137",.,7.99
2006,4,NC,"3,440,410",.,9.16
2006,4,ND,"289,020",.,6.88
2006,4,NE,"653,644",.,7.02
2006,4,NH,"319,088",.,15.27
2006,4,NJ,"1,734,279",.,11.31
2006,4,NM,"410,707",.,8.84
2006,4,NV,"641,543",.,11.08
2006,4,NY,"3,359,160",.,16.36
2006,4,OH,"3,336,948",.,9.33
2006,4,OK,"1,270,547",.,8.85
2006,4,OR,"1,493,694",.,7.40
2006,4,PA,"3,557,642",.,10.28
2006,4,RI,"207,945",.,15.46
2006,4,SC,"1,824,318",.,9.05
2006,4,SD,"307,401",.,7.65
2006,4,TN,"2,776,787",.,8.00
2006,4,TX,"8,485,536",.,12.72
2006,4,UT,"523,269",.,7.32
2006,4,VA,"2,696,506",.,8.43
2006,4,VT,"161,300",.,13.39
2006,4,WA,"2,878,702",.,6.77
2006,4,WI,"1,487,796",.,10.72
2006,4,WV,"671,467",.,6.43
2006,4,WY,"193,443",.,7.75
2006,3,AK,"192,193",.,14.41
2006,3,AL,"2,250,300",.,8.27
2006,3,AR,"1,279,352",.,8.07
2006,3,AZ,"1,895,812",.,8.38
2006,3,CA,"7,324,975",.,13.72
2006,3,CO,"1,362,706",.,9.47
2006,3,CT,"1,163,853",.,15.77
2006,3,DC,"160,849",.,8.54
2006,3,DE,"375,572",.,8.91
2006,3,FL,"7,728,909",.,11.20
2006,3,GA,"3,766,084",.,8.40
2006,3,HI,"265,922",.,22.53
2006,3,IA,"1,035,721",.,9.45
2006,3,ID,"742,240",.,6.31
2006,3,IL,"3,646,834",.,7.91
2006,3,IN,"2,703,985",.,8.01
2006,3,KS,"907,204",.,7.75
2006,3,KY,"2,177,322",.,6.71
2006,3,LA,"1,856,328",.,8.67
2006,3,MA,"1,684,384",.,17.17
2006,3,MD,"2,353,284",.,8.31
2006,3,ME,"356,796",.,13.89
2006,3,MI,"2,861,961",.,9.16
2006,3,MN,"1,736,052",.,7.98
2006,3,MO,"2,642,057",.,6.65
2006,3,MS,"1,250,731",.,10.15
2006,3,MT,"436,628",.,7.93
2006,3,NC,"4,139,177",.,8.74
2006,3,ND,"380,896",.,6.41
2006,3,NE,"799,464",.,6.65
2006,3,NH,"378,664",.,14.90
2006,3,NJ,"2,126,131",.,11.36
2006,3,NM,"448,509",.,8.95
2006,3,NV,"738,037",.,11.04
2006,3,NY,"3,929,709",.,15.89
2006,3,OH,"4,486,181",.,8.78
2006,3,OK,"1,463,271",.,8.20
2006,3,OR,"1,942,892",.,7.37
2006,3,PA,"4,591,947",.,9.82
2006,3,RI,"246,605",.,15.83
2006,3,SC,"2,086,759",.,8.59
2006,3,SD,"367,741",.,7.41
2006,3,TN,"3,266,588",.,7.37
2006,3,TX,"8,321,216",.,12.42
2006,3,UT,"621,431",.,7.25
2006,3,VA,"3,571,937",.,7.99
2006,3,VT,"189,348",.,13.07
2006,3,WA,"3,641,398",.,6.75
2006,3,WI,"1,751,696",.,10.28
2006,3,WV,"1,063,307",.,6.16
2006,3,WY,"244,235",.,7.38
2006,2,AK,"208,788",.,13.64
2006,2,AL,"2,369,346",.,8.14
2006,2,AR,"1,319,334",.,8.08
2006,2,AZ,"1,894,931",.,8.21
2006,2,CA,"6,390,806",.,13.45
2006,2,CO,"1,316,069",.,9.23
2006,2,CT,"1,063,457",.,16.30
2006,2,DC,"149,832",.,8.12
2006,2,DE,"385,283",.,8.87
2006,2,FL,"8,101,347",.,11.15
2006,2,GA,"3,922,171",.,8.41
2006,2,HI,"228,144",.,22.92
2006,2,IA,"1,039,941",.,9.32
2006,2,ID,"754,547",.,6.30
2006,2,IL,"3,643,338",.,7.93
2006,2,IN,"2,689,757",.,7.74
2006,2,KS,"911,780",.,7.59
2006,2,KY,"2,256,601",.,6.52
2006,2,LA,"1,915,225",.,9.59
2006,2,MA,"1,555,377",.,17.64
2006,2,MD,"2,453,864",.,8.25
2006,2,ME,"337,091",.,13.70
2006,2,MI,"2,622,622",.,9.21
2006,2,MN,"1,747,197",.,8.33
2006,2,MO,"2,787,866",.,6.47
2006,2,MS,"1,301,284",.,9.97
2006,2,MT,"386,232",.,8.34
2006,2,NC,"4,232,615",.,8.77
2006,2,ND,"397,503",.,6.50
2006,2,NE,"761,688",.,6.73
2006,2,NH,"368,940",.,14.84
2006,2,NJ,"2,190,982",.,11.34
2006,2,NM,"461,156",.,9.04
2006,2,NV,"671,661",.,10.88
2006,2,NY,"3,938,950",.,16.66
2006,2,OH,"4,284,395",.,8.87
2006,2,OK,"1,492,616",.,8.59
2006,2,OR,"1,860,412",.,7.38
2006,2,PA,"4,549,426",.,9.93
2006,2,RI,"241,498",.,14.74
2006,2,SC,"2,184,130",.,8.65
2006,2,SD,"368,045",.,7.39
2006,2,TN,"3,487,130",.,7.29
2006,2,TX,"8,225,925",.,12.12
2006,2,UT,"610,969",.,7.25
2006,2,VA,"3,665,986",.,7.92
2006,2,VT,"185,490",.,13.10
2006,2,WA,"3,518,413",.,6.73
2006,2,WI,"1,745,915",.,10.08
2006,2,WV,"1,067,656",.,6.18
2006,2,WY,"247,331",.,7.22
2006,1,AK,"224,986",.,13.61
2006,1,AL,"2,822,107",.,7.73
2006,1,AR,"1,522,772",.,8.15
2006,1,AZ,"2,274,609",.,8.05
2006,1,CA,"7,625,965",.,13.14
2006,1,CO,"1,451,692",.,9.05
2006,1,CT,"1,235,603",.,14.91
2006,1,DC,"184,740",.,9.34
2006,1,DE,"429,223",.,8.66
2006,1,FL,"9,299,392",.,11.04
2006,1,GA,"4,615,242",.,8.09
2006,1,HI,"270,001",.,22.74
2006,1,IA,"1,256,216",.,8.93
2006,1,ID,"845,775",.,6.14
2006,1,IL,"4,116,696",.,7.43
2006,1,IN,"3,085,031",.,7.44
2006,1,KS,"1,078,435",.,7.66
2006,1,KY,"2,578,075",.,6.45
2006,1,LA,"2,174,005",.,8.89
2006,1,MA,"1,876,099",.,17.05
2006,1,MD,"2,539,359",.,8.36
2006,1,ME,"411,590",.,13.69
2006,1,MI,"3,171,257",.,9.13
2006,1,MN,"1,988,386",.,8.12
2006,1,MO,"2,983,071",.,6.32
2006,1,MS,"1,541,238",.,9.61
2006,1,MT,"478,340",.,7.70
2006,1,NC,"5,095,233",.,8.57
2006,1,ND,"403,228",.,6.37
2006,1,NE,"895,299",.,5.97
2006,1,NH,"431,130",.,14.20
2006,1,NJ,"2,395,305",.,11.21
2006,1,NM,"535,245",.,9.25
2006,1,NV,"855,520",.,10.77
2006,1,NY,"4,357,462",.,16.61
2006,1,OH,"5,082,675",.,8.28
2006,1,OK,"1,719,462",.,8.76
2006,1,OR,"2,083,222",.,7.03
2006,1,PA,"5,167,143",.,9.51
2006,1,RI,"267,173",.,14.94
2006,1,SC,"2,553,451",.,8.56
2006,1,SD,"403,128",.,6.98
2006,1,TN,"3,956,739",.,7.19
2006,1,TX,"9,562,251",.,11.91
2006,1,UT,"682,324",.,7.23
2006,1,VA,"4,274,875",.,7.68
2006,1,VT,"214,057",.,12.92
2006,1,WA,"3,861,665",.,5.74
2006,1,WI,"2,010,664",.,10.03
2006,1,WV,"1,268,065",.,5.92
2006,1,WY,"263,621",.,6.87
2005,12,AK,"213,568",.,14.08
2005,12,AL,"2,765,344",.,8.03
2005,12,AR,"1,357,420",.,8.12
2005,12,AZ,"2,181,126",.,7.88
2005,12,CA,"7,337,332",.,12.91
2005,12,CO,"1,534,819",.,9.62
2005,12,CT,"1,365,464",.,13.42
2005,12,DC,"233,711",.,8.96
2005,12,DE,"376,725",.,8.68
2005,12,FL,"8,631,050",.,9.81
2005,12,GA,"4,605,669",.,8.64
2005,12,HI,"268,561",.,22.70
2005,12,IA,"1,247,010",.,8.70
2005,12,ID,"928,547",.,6.08
2005,12,IL,"4,395,454",.,7.38
2005,12,IN,"3,311,164",.,7.25
2005,12,KS,"1,171,895",.,7.24
2005,12,KY,"2,707,852",.,6.52
2005,12,LA,"1,906,631",.,9.74
2005,12,MA,"1,882,521",.,14.90
2005,12,MD,"2,739,407",.,7.88
2005,12,ME,"541,738",.,10.84
2005,12,MI,"2,997,736",.,8.15
2005,12,MN,"1,982,009",.,8.05
2005,12,MO,"3,242,937",.,6.24
2005,12,MS,"1,359,994",.,9.27
2005,12,MT,"454,459",.,7.92
2005,12,NC,"5,075,794",.,8.43
2005,12,ND,"410,072",.,6.33
2005,12,NE,"877,579",.,6.20
2005,12,NH,"424,071",.,14.18
2005,12,NJ,"2,455,506",.,11.13
2005,12,NM,"521,741",.,9.20
2005,12,NV,"861,290",.,10.80
2005,12,NY,"4,229,420",.,16.53
2005,12,OH,"5,347,546",.,7.81
2005,12,OK,"1,782,929",.,7.46
2005,12,OR,"2,151,456",.,7.41
2005,12,PA,"5,148,763",.,9.36
2005,12,RI,"282,626",.,15.00
2005,12,SC,"2,549,951",.,8.79
2005,12,SD,"387,125",.,7.22
2005,12,TN,"3,632,680",.,7.30
2005,12,TX,"9,288,264",.,11.42
2005,12,UT,"753,944",.,7.16
2005,12,VA,"4,537,162",.,7.44
2005,12,VT,"215,841",.,12.92
2005,12,WA,"3,773,490",.,6.68
2005,12,WI,"2,131,008",.,9.69
2005,12,WV,"1,322,630",.,5.92
2005,12,WY,"276,191",.,6.92
2005,11,AK,"192,654",.,13.74
2005,11,AL,"1,873,000",.,8.61
2005,11,AR,"1,045,646",.,8.37
2005,11,AZ,"1,744,612",.,8.12
2005,11,CA,"6,205,863",.,12.80
2005,11,CO,"1,219,907",.,9.76
2005,11,CT,"1,010,873",.,13.93
2005,11,DC,"123,286",.,8.80
2005,11,DE,"280,410",.,9.23
2005,11,FL,"7,864,037",.,9.91
2005,11,GA,"3,268,273",.,8.65
2005,11,HI,"255,064",.,23.29
2005,11,IA,"937,049",.,9.03
2005,11,ID,"671,898",.,6.27
2005,11,IL,"3,288,974",.,8.04
2005,11,IN,"2,352,756",.,8.21
2005,11,KS,"845,940",.,7.77
2005,11,KY,"1,713,786",.,6.85
2005,11,LA,"1,786,773",.,10.65
2005,11,MA,"1,524,875",.,14.45
2005,11,MD,"1,970,827",.,8.24
2005,11,ME,"332,484",.,13.73
2005,11,MI,"2,433,426",.,8.21
2005,11,MN,"1,646,071",.,8.13
2005,11,MO,"2,210,902",.,6.72
2005,11,MS,"1,114,816",.,9.79
2005,11,MT,"327,400",.,8.40
2005,11,NC,"3,337,471",.,9.18
2005,11,ND,"320,381",.,7.11
2005,11,NE,"591,398",.,6.79
2005,11,NH,"342,551",.,13.75
2005,11,NJ,"1,957,852",.,11.09
2005,11,NM,"399,380",.,9.42
2005,11,NV,"551,320",.,11.27
2005,11,NY,"3,640,468",.,17.57
2005,11,OH,"3,793,803",.,8.55
2005,11,OK,"1,124,894",.,8.25
2005,11,OR,"1,515,541",.,7.35
2005,11,PA,"3,894,707",.,10.05
2005,11,RI,"233,008",.,14.48
2005,11,SC,"1,800,577",.,8.95
2005,11,SD,"289,081",.,7.86
2005,11,TN,"2,739,867",.,7.42
2005,11,TX,"7,734,516",.,11.50
2005,11,UT,"530,453",.,7.10
2005,11,VA,"3,013,465",.,7.92
2005,11,VT,"161,596",.,13.16
2005,11,WA,"2,771,369",.,6.59
2005,11,WI,"1,650,676",.,9.83
2005,11,WV,"868,241",.,6.38
2005,11,WY,"182,354",.,7.54
2005,10,AK,"159,887",.,13.74
2005,10,AL,"2,403,072",.,8.14
2005,10,AR,"1,443,501",.,8.37
2005,10,AZ,"2,486,598",.,9.23
2005,10,CA,"6,576,815",.,11.30
2005,10,CO,"1,233,763",.,9.11
2005,10,CT,"949,333",.,14.24
2005,10,DC,"108,288",.,9.91
2005,10,DE,"327,148",.,9.14
2005,10,FL,"10,452,709",.,9.80
2005,10,GA,"4,085,828",.,8.66
2005,10,HI,"269,134",.,22.88
2005,10,IA,"953,499",.,9.22
2005,10,ID,"534,420",.,6.60
2005,10,IL,"3,350,609",.,8.54
2005,10,IN,"2,311,489",.,8.23
2005,10,KS,"929,225",.,8.27
2005,10,KY,"1,815,787",.,6.97
2005,10,LA,"2,655,244",.,9.99
2005,10,MA,"1,500,358",.,13.28
2005,10,MD,"1,844,676",.,8.24
2005,10,ME,"374,873",.,12.54
2005,10,MI,"2,481,273",.,8.11
2005,10,MN,"1,580,347",.,8.47
2005,10,MO,"2,358,945",.,6.85
2005,10,MS,"1,738,063",.,9.23
2005,10,MT,"298,160",.,8.33
2005,10,NC,"3,783,696",.,9.38
2005,10,ND,"264,487",.,7.73
2005,10,NE,"608,415",.,7.06
2005,10,NH,"323,303",.,14.16
2005,10,NJ,"2,097,134",.,11.42
2005,10,NM,"446,628",.,9.68
2005,10,NV,"713,703",.,10.73
2005,10,NY,"3,882,004",.,17.36
2005,10,OH,"3,676,007",.,8.70
2005,10,OK,"1,613,904",.,9.12
2005,10,OR,"1,250,252",.,7.24
2005,10,PA,"3,664,282",.,10.02
2005,10,RI,"232,567",.,13.44
2005,10,SC,"2,131,984",.,8.90
2005,10,SD,"269,984",.,8.30
2005,10,TN,"3,292,194",.,7.33
2005,10,TX,"10,830,654",.,11.60
2005,10,UT,"551,092",.,7.33
2005,10,VA,"2,958,131",.,8.10
2005,10,VT,"167,621",.,13.19
2005,10,WA,"2,247,511",.,6.58
2005,10,WI,"1,624,587",.,9.91
2005,10,WV,"669,687",.,6.55
2005,10,WY,"163,009",.,7.95
2005,9,AK,"152,002",.,13.08
2005,9,AL,"3,265,028",.,8.47
2005,9,AR,"1,906,015",.,8.84
2005,9,AZ,"3,465,896",.,9.30
2005,9,CA,"7,945,483",.,12.14
2005,9,CO,"1,430,167",.,9.08
2005,9,CT,"1,016,763",.,14.63
2005,9,DC,"163,705",.,10.07
2005,9,DE,"449,278",.,9.90
2005,9,FL,"12,481,098",.,9.69
2005,9,GA,"5,344,560",.,9.45
2005,9,HI,"274,187",.,21.57
2005,9,IA,"1,123,854",.,9.71
2005,9,ID,"495,905",.,6.61
2005,9,IL,"4,106,419",.,8.91
2005,9,IN,"2,907,355",.,7.63
2005,9,KS,"1,339,906",.,8.74
2005,9,KY,"2,377,065",.,6.57
2005,9,LA,"2,832,943",.,9.28
2005,9,MA,"1,703,694",.,13.66
2005,9,MD,"2,427,634",.,9.15
2005,9,ME,"338,047",.,14.47
2005,9,MI,"2,953,220",.,8.58
2005,9,MN,"1,720,089",.,8.76
2005,9,MO,"3,139,865",.,7.22
2005,9,MS,"1,769,033",.,9.25
2005,9,MT,"298,572",.,8.63
2005,9,NC,"5,167,109",.,8.94
2005,9,ND,"257,069",.,8.23
2005,9,NE,"842,007",.,8.24
2005,9,NH,"341,942",.,15.05
2005,9,NJ,"2,794,224",.,12.74
2005,9,NM,"538,562",.,9.35
2005,9,NV,"1,081,053",.,9.97
2005,9,NY,"4,894,758",.,16.69
2005,9,OH,"4,215,745",.,8.94
2005,9,OK,"2,243,983",.,9.31
2005,9,OR,"1,194,924",.,7.24
2005,9,PA,"4,180,648",.,10.36
2005,9,RI,"276,775",.,13.62
2005,9,SC,"2,768,255",.,8.91
2005,9,SD,"328,591",.,8.35
2005,9,TN,"4,166,540",.,6.90
2005,9,TX,"14,574,387",.,11.66
2005,9,UT,"595,836",.,7.95
2005,9,VA,"3,677,644",.,8.97
2005,9,VT,"174,495",.,13.06
2005,9,WA,"2,021,195",.,6.59
2005,9,WI,"1,789,121",.,9.97
2005,9,WV,"800,038",.,6.33
2005,9,WY,"162,952",.,8.11
2005,8,AK,"142,012",.,14.06
2005,8,AL,"3,440,887",.,8.18
2005,8,AR,"1,976,422",.,8.48
2005,8,AZ,"3,830,346",.,9.28
2005,8,CA,"9,823,980",.,13.43
2005,8,CO,"1,649,128",.,8.97
2005,8,CT,"1,427,726",.,13.98
2005,8,DC,"220,582",.,10.01
2005,8,DE,"514,775",.,9.81
2005,8,FL,"12,656,077",.,9.66
2005,8,GA,"5,964,216",.,9.31
2005,8,HI,"287,052",.,21.02
2005,8,IA,"1,433,192",.,9.96
2005,8,ID,"581,322",.,6.87
2005,8,IL,"5,651,258",.,8.87
2005,8,IN,"3,524,589",.,7.38
2005,8,KS,"1,593,144",.,8.55
2005,8,KY,"2,880,206",.,6.71
2005,8,LA,"3,428,008",.,9.26
2005,8,MA,"2,115,036",.,13.19
2005,8,MD,"3,002,589",.,9.34
2005,8,ME,"399,722",.,13.55
2005,8,MI,"4,134,901",.,8.75
2005,8,MN,"2,135,899",.,8.63
2005,8,MO,"3,811,408",.,7.93
2005,8,MS,"1,996,406",.,8.96
2005,8,MT,"361,298",.,8.52
2005,8,NC,"5,787,560",.,8.76
2005,8,ND,"288,497",.,7.98
2005,8,NE,"971,721",.,8.32
2005,8,NH,"439,800",.,13.70
2005,8,NJ,"3,756,205",.,13.27
2005,8,NM,"606,351",.,9.47
2005,8,NV,"1,500,200",.,9.90
2005,8,NY,"5,513,364",.,16.16
2005,8,OH,"5,691,001",.,9.08
2005,8,OK,"2,561,304",.,8.36
2005,8,OR,"1,333,023",.,7.29
2005,8,PA,"5,490,312",.,10.36
2005,8,RI,"347,811",.,13.08
2005,8,SC,"3,105,007",.,8.84
2005,8,SD,"373,072",.,8.07
2005,8,TN,"4,209,494",.,6.82
2005,8,TX,"14,602,174",.,11.47
2005,8,UT,"835,474",.,8.12
2005,8,VA,"4,633,730",.,8.71
2005,8,VT,"190,276",.,13.02
2005,8,WA,"2,167,380",.,6.61
2005,8,WI,"2,289,214",.,9.92
2005,8,WV,"1,052,049",.,6.15
2005,8,WY,"177,580",.,7.95
2005,7,AK,"142,451",.,13.62
2005,7,AL,"3,403,792",.,8.25
2005,7,AR,"1,875,711",.,8.31
2005,7,AZ,"4,006,275",.,9.30
2005,7,CA,"7,819,935",.,13.16
2005,7,CO,"1,746,369",.,9.01
2005,7,CT,"1,413,606",.,13.90
2005,7,DC,"227,393",.,10.09
2005,7,DE,"459,642",.,9.84
2005,7,FL,"12,233,054",.,9.58
2005,7,GA,"5,851,784",.,9.08
2005,7,HI,"277,477",.,20.92
2005,7,IA,"1,654,611",.,9.71
2005,7,ID,"610,502",.,6.89
2005,7,IL,"5,931,027",.,8.97
2005,7,IN,"3,501,180",.,7.30
2005,7,KS,"1,657,424",.,8.29
2005,7,KY,"2,792,216",.,6.63
2005,7,LA,"3,429,008",.,9.08
2005,7,MA,"2,105,099",.,13.08
2005,7,MD,"2,913,332",.,9.23
2005,7,ME,"382,503",.,13.62
2005,7,MI,"4,072,986",.,8.84
2005,7,MN,"2,444,866",.,8.74
2005,7,MO,"3,770,501",.,8.04
2005,7,MS,"2,028,066",.,8.78
2005,7,MT,"341,364",.,8.54
2005,7,NC,"5,635,984",.,8.67
2005,7,ND,"295,988",.,7.91
2005,7,NE,"1,065,242",.,8.27
2005,7,NH,"427,987",.,12.75
2005,7,NJ,"3,583,283",.,12.95
2005,7,NM,"611,128",.,9.39
2005,7,NV,"1,674,898",.,9.84
2005,7,NY,"5,137,675",.,15.63
2005,7,OH,"5,667,701",.,8.98
2005,7,OK,"2,656,203",.,8.15
2005,7,OR,"1,227,939",.,7.25
2005,7,PA,"5,308,413",.,10.41
2005,7,RI,"321,911",.,13.17
2005,7,SC,"3,076,290",.,8.79
2005,7,SD,"386,235",.,8.30
2005,7,TN,"4,079,028",.,6.82
2005,7,TX,"14,977,102",.,11.29
2005,7,UT,"916,028",.,8.01
2005,7,VA,"4,533,960",.,8.76
2005,7,VT,"196,285",.,12.92
2005,7,WA,"2,109,924",.,6.58
2005,7,WI,"2,295,720",.,9.89
2005,7,WV,"1,012,651",.,6.18
2005,7,WY,"186,588",.,8.09
2005,6,AK,"139,906",.,13.46
2005,6,AL,"2,747,548",.,8.31
2005,6,AR,"1,448,309",.,8.34
2005,6,AZ,"3,136,458",.,9.41
2005,6,CA,"6,875,849",.,13.40
2005,6,CO,"1,330,446",.,9.11
2005,6,CT,"1,181,289",.,13.91
2005,6,DC,"185,982",.,9.42
2005,6,DE,"328,318",.,9.91
2005,6,FL,"10,355,241",.,9.56
2005,6,GA,"4,497,566",.,8.93
2005,6,HI,"265,297",.,20.30
2005,6,IA,"1,124,505",.,9.94
2005,6,ID,"497,705",.,6.90
2005,6,IL,"4,465,607",.,8.88
2005,6,IN,"2,797,312",.,7.69
2005,6,KS,"1,329,968",.,7.92
2005,6,KY,"2,153,268",.,6.61
2005,6,LA,"2,810,073",.,8.86
2005,6,MA,"1,703,647",.,13.16
2005,6,MD,"2,402,260",.,9.35
2005,6,ME,"303,671",.,14.39
2005,6,MI,"3,332,574",.,8.73
2005,6,MN,"1,883,344",.,9.10
2005,6,MO,"3,089,742",.,8.16
2005,6,MS,"1,669,464",.,8.76
2005,6,MT,"296,473",.,8.50
2005,6,NC,"4,258,389",.,8.57
2005,6,ND,"245,007",.,8.05
2005,6,NE,"753,784",.,8.00
2005,6,NH,"365,280",.,12.86
2005,6,NJ,"2,765,368",.,12.50
2005,6,NM,"513,242",.,9.21
2005,6,NV,"1,185,855",.,9.89
2005,6,NY,"3,921,290",.,15.58
2005,6,OH,"4,510,358",.,9.15
2005,6,OK,"2,057,904",.,8.28
2005,6,OR,"1,241,185",.,7.25
2005,6,PA,"4,188,480",.,10.50
2005,6,RI,"256,529",.,12.85
2005,6,SC,"2,403,145",.,8.68
2005,6,SD,"292,984",.,8.58
2005,6,TN,"3,164,483",.,6.96
2005,6,TX,"12,634,520",.,11.21
2005,6,UT,"582,903",.,7.93
2005,6,VA,"3,501,511",.,8.68
2005,6,VT,"176,860",.,13.00
2005,6,WA,"2,186,808",.,6.60
2005,6,WI,"2,064,391",.,9.93
2005,6,WV,"838,795",.,6.41
2005,6,WY,"166,546",.,7.88
2005,5,AK,"144,126",.,13.83
2005,5,AL,"2,027,988",.,8.19
2005,5,AR,"1,013,751",.,8.01
2005,5,AZ,"2,169,640",.,9.60
2005,5,CA,"5,975,796",.,12.57
2005,5,CO,"1,135,007",.,9.14
2005,5,CT,"893,195",.,13.70
2005,5,DC,"123,519",.,7.70
2005,5,DE,"256,635",.,9.00
2005,5,FL,"7,982,262",.,9.64
2005,5,GA,"3,318,631",.,8.47
2005,5,HI,"262,778",.,19.91
2005,5,IA,"859,475",.,9.58
2005,5,ID,"519,934",.,6.13
2005,5,IL,"2,798,093",.,8.74
2005,5,IN,"2,007,428",.,8.11
2005,5,KS,"897,718",.,7.71
2005,5,KY,"1,598,176",.,6.90
2005,5,LA,"1,835,499",.,8.12
2005,5,MA,"1,379,100",.,13.31
2005,5,MD,"1,673,048",.,8.94
2005,5,ME,"337,160",.,13.14
2005,5,MI,"2,377,028",.,8.20
2005,5,MN,"1,419,807",.,8.32
2005,5,MO,"2,150,569",.,7.73
2005,5,MS,"1,125,037",.,8.69
2005,5,MT,"284,648",.,8.40
2005,5,NC,"3,197,414",.,8.85
2005,5,ND,"238,925",.,7.42
2005,5,NE,"576,826",.,7.17
2005,5,NH,"307,793",.,13.58
2005,5,NJ,"1,742,721",.,10.99
2005,5,NM,"411,227",.,9.05
2005,5,NV,"742,858",.,10.33
2005,5,NY,"3,252,611",.,15.36
2005,5,OH,"3,295,255",.,8.97
2005,5,OK,"1,367,404",.,7.57
2005,5,OR,"1,277,591",.,7.18
2005,5,PA,"3,285,861",.,10.06
2005,5,RI,"212,474",.,12.67
2005,5,SC,"1,773,394",.,8.96
2005,5,SD,"259,291",.,8.24
2005,5,TN,"2,418,141",.,7.15
2005,5,TX,"8,411,597",.,10.72
2005,5,UT,"532,325",.,7.65
2005,5,VA,"2,653,333",.,8.37
2005,5,VT,"151,016",.,13.09
2005,5,WA,"2,373,976",.,6.55
2005,5,WI,"1,504,696",.,9.78
2005,5,WV,"661,712",.,6.63
2005,5,WY,"169,625",.,7.63
2005,4,AK,"163,806",.,12.90
2005,4,AL,"1,856,527",.,7.87
2005,4,AR,"1,028,107",.,7.79
2005,4,AZ,"1,684,065",.,8.67
2005,4,CA,"5,908,678",.,12.12
2005,4,CO,"1,176,413",.,8.81
2005,4,CT,"871,570",.,13.58
2005,4,DC,"107,403",.,8.77
2005,4,DE,"321,974",.,8.56
2005,4,FL,"7,489,208",.,9.66
2005,4,GA,"3,159,968",.,8.00
2005,4,HI,"251,269",.,19.23
2005,4,IA,"886,336",.,9.25
2005,4,ID,"542,559",.,5.93
2005,4,IL,"2,818,253",.,8.46
2005,4,IN,"2,087,037",.,7.89
2005,4,KS,"762,367",.,7.88
2005,4,KY,"1,653,223",.,6.73
2005,4,LA,"1,700,103",.,7.74
2005,4,MA,"1,406,293",.,13.03
2005,4,MD,"1,731,211",.,7.86
2005,4,ME,"338,104",.,13.20
2005,4,MI,"2,314,238",.,8.27
2005,4,MN,"1,473,846",.,8.08
2005,4,MO,"2,026,375",.,6.81
2005,4,MS,"1,076,294",.,8.44
2005,4,MT,"325,451",.,7.98
2005,4,NC,"3,350,042",.,8.72
2005,4,ND,"276,265",.,6.86
2005,4,NE,"600,785",.,6.64
2005,4,NH,"316,793",.,13.89
2005,4,NJ,"1,883,838",.,10.45
2005,4,NM,"399,946",.,8.78
2005,4,NV,"595,178",.,10.46
2005,4,NY,"3,494,562",.,14.64
2005,4,OH,"3,440,792",.,8.47
2005,4,OK,"1,219,448",.,7.59
2005,4,OR,"1,508,929",.,7.22
2005,4,PA,"3,672,845",.,9.72
2005,4,RI,"214,530",.,12.60
2005,4,SC,"1,675,921",.,8.81
2005,4,SD,"281,706",.,7.68
2005,4,TN,"2,565,396",.,7.05
2005,4,TX,"7,461,620",.,10.15
2005,4,UT,"481,767",.,7.38
2005,4,VA,"2,696,123",.,8.41
2005,4,VT,"156,804",.,13.11
2005,4,WA,"2,852,429",.,6.53
2005,4,WI,"1,504,729",.,9.56
2005,4,WV,"749,182",.,6.32
2005,4,WY,"188,853",.,7.36
2005,3,AK,"180,568",.,12.75
2005,3,AL,"2,225,866",.,7.58
2005,3,AR,"1,173,102",.,7.23
2005,3,AZ,"1,739,195",.,8.19
2005,3,CA,"7,103,144",.,11.28
2005,3,CO,"1,266,241",.,8.80
2005,3,CT,"1,207,546",.,12.95
2005,3,DC,"120,841",.,8.68
2005,3,DE,"414,666",.,8.03
2005,3,FL,"7,888,859",.,9.55
2005,3,GA,"3,871,528",.,8.13
2005,3,HI,"249,987",.,18.47
2005,3,IA,"1,015,597",.,8.89
2005,3,ID,"672,854",.,5.90
2005,3,IL,"3,655,383",.,7.96
2005,3,IN,"2,702,005",.,7.16
2005,3,KS,"860,262",.,7.50
2005,3,KY,"2,246,480",.,6.24
2005,3,LA,"1,801,722",.,7.81
2005,3,MA,"1,706,385",.,13.10
2005,3,MD,"2,438,972",.,7.75
2005,3,ME,"401,299",.,12.81
2005,3,MI,"2,864,184",.,8.14
2005,3,MN,"1,686,025",.,7.75
2005,3,MO,"2,611,893",.,6.45
2005,3,MS,"1,186,289",.,8.15
2005,3,MT,"357,771",.,7.74
2005,3,NC,"4,464,197",.,8.35
2005,3,ND,"348,905",.,6.26
2005,3,NE,"699,302",.,6.47
2005,3,NH,"374,046",.,13.29
2005,3,NJ,"2,212,248",.,10.69
2005,3,NM,"437,446",.,8.57
2005,3,NV,"662,931",.,10.26
2005,3,NY,"4,036,110",.,14.40
2005,3,OH,"4,492,164",.,8.05
2005,3,OK,"1,347,637",.,7.24
2005,3,OR,"1,686,990",.,7.19
2005,3,PA,"4,768,069",.,9.31
2005,3,RI,"255,145",.,12.54
2005,3,SC,"2,203,001",.,8.39
2005,3,SD,"328,753",.,7.32
2005,3,TN,"3,238,706",.,6.85
2005,3,TX,"7,766,210",.,10.05
2005,3,UT,"603,540",.,7.14
2005,3,VA,"3,925,571",.,7.72
2005,3,VT,"195,585",.,12.78
2005,3,WA,"3,312,049",.,6.42
2005,3,WI,"1,751,617",.,9.27
2005,3,WV,"1,085,355",.,6.19
2005,3,WY,"220,964",.,7.19
2005,2,AK,"199,381",.,12.56
2005,2,AL,"2,445,463",.,7.23
2005,2,AR,"1,345,013",.,6.86
2005,2,AZ,"1,813,869",.,7.99
2005,2,CA,"6,390,833",.,12.33
2005,2,CO,"1,246,049",.,8.73
2005,2,CT,"1,107,385",.,13.10
2005,2,DC,"147,164",.,8.38
2005,2,DE,"442,074",.,7.89
2005,2,FL,"8,380,994",.,9.38
2005,2,GA,"4,185,368",.,7.84
2005,2,HI,"231,836",.,18.60
2005,2,IA,"1,011,359",.,8.69
2005,2,ID,"699,636",.,5.89
2005,2,IL,"3,454,342",.,7.83
2005,2,IN,"2,759,209",.,7.15
2005,2,KS,"864,999",.,7.20
2005,2,KY,"2,275,053",.,6.20
2005,2,LA,"2,076,456",.,7.73
2005,2,MA,"1,628,241",.,13.35
2005,2,MD,"2,463,769",.,7.65
2005,2,ME,"332,849",.,14.35
2005,2,MI,"2,763,718",.,8.24
2005,2,MN,"1,641,310",.,7.61
2005,2,MO,"2,719,046",.,6.30
2005,2,MS,"1,342,718",.,7.64
2005,2,MT,"386,235",.,7.54
2005,2,NC,"4,699,965",.,8.30
2005,2,ND,"384,752",.,6.07
2005,2,NE,"764,513",.,6.19
2005,2,NH,"376,551",.,13.50
2005,2,NJ,"2,231,301",.,10.58
2005,2,NM,"446,340",.,8.81
2005,2,NV,"656,912",.,10.24
2005,2,NY,"4,047,548",.,14.53
2005,2,OH,"4,394,618",.,7.85
2005,2,OK,"1,472,188",.,6.86
2005,2,OR,"1,812,873",.,7.20
2005,2,PA,"4,675,217",.,9.26
2005,2,RI,"245,501",.,10.64
2005,2,SC,"2,418,335",.,8.27
2005,2,SD,"351,140",.,7.10
2005,2,TN,"3,632,390",.,6.78
2005,2,TX,"8,704,201",.,9.50
2005,2,UT,"536,100",.,7.01
2005,2,VA,"3,855,283",.,7.57
2005,2,VT,"180,550",.,12.80
2005,2,WA,"3,471,184",.,6.43
2005,2,WI,"1,695,162",.,9.20
2005,2,WV,"1,037,112",.,6.03
2005,2,WY,"222,808",.,7.16
2005,1,AK,"231,293",.,12.29
2005,1,AL,"2,860,584",.,7.00
2005,1,AR,"1,520,696",.,6.65
2005,1,AZ,"2,285,564",.,7.75
2005,1,CA,"7,646,702",.,12.19
2005,1,CO,"1,468,070",.,8.64
2005,1,CT,"1,358,214",.,12.67
2005,1,DC,"176,397",.,7.45
2005,1,DE,"422,364",.,8.05
2005,1,FL,"9,376,870",.,9.21
2005,1,GA,"4,673,121",.,7.73
2005,1,HI,"271,423",.,19.05
2005,1,IA,"1,324,117",.,8.34
2005,1,ID,"845,485",.,5.91
2005,1,IL,"4,677,181",.,7.27
2005,1,IN,"3,367,147",.,6.78
2005,1,KS,"1,153,298",.,6.84
2005,1,KY,"2,733,998",.,6.19
2005,1,LA,"2,391,712",.,7.45
2005,1,MA,"1,884,075",.,12.80
2005,1,MD,"2,831,921",.,7.61
2005,1,ME,"421,005",.,13.70
2005,1,MI,"3,369,670",.,8.14
2005,1,MN,"2,129,389",.,7.49
2005,1,MO,"3,279,804",.,5.97
2005,1,MS,"1,547,164",.,7.34
2005,1,MT,"489,618",.,7.37
2005,1,NC,"5,315,115",.,8.10
2005,1,ND,"465,660",.,5.79
2005,1,NE,"957,637",.,5.75
2005,1,NH,"455,259",.,11.98
2005,1,NJ,"2,493,764",.,10.53
2005,1,NM,"532,843",.,8.48
2005,1,NV,"853,618",.,9.99
2005,1,NY,"4,483,042",.,14.05
2005,1,OH,"5,379,253",.,7.71
2005,1,OK,"1,861,516",.,6.28
2005,1,OR,"2,138,111",.,7.21
2005,1,PA,"5,383,880",.,9.11
2005,1,RI,"292,500",.,12.11
2005,1,SC,"2,769,902",.,7.96
2005,1,SD,"425,016",.,6.80
2005,1,TN,"3,993,367",.,6.71
2005,1,TX,"9,576,666",.,9.15
2005,1,UT,"647,818",.,6.93
2005,1,VA,"4,675,926",.,7.51
2005,1,VT,"221,711",.,12.67
2005,1,WA,"3,924,881",.,6.46
2005,1,WI,"2,157,438",.,8.99
2005,1,WV,"1,286,992",.,5.92
2005,1,WY,"259,062",.,6.81
2004,12,AK,"211,739",.,12.65
2004,12,AL,"2,505,093",.,7.16
2004,12,AR,"1,198,799",.,6.98
2004,12,AZ,"2,189,832",.,7.86
2004,12,CA,"7,581,734",.,12.40
2004,12,CO,"1,458,313",.,7.74
2004,12,CT,"1,290,495",.,10.23
2004,12,DC,"169,582",.,6.94
2004,12,DE,"341,580",.,8.43
2004,12,FL,"8,589,355",.,8.87
2004,12,GA,"4,327,922",.,7.07
2004,12,HI,"263,501",.,20.01
2004,12,IA,"1,158,012",.,8.67
2004,12,ID,"834,983",.,5.86
2004,12,IL,"4,043,776",.,7.58
2004,12,IN,"2,948,867",.,7.01
2004,12,KS,"1,061,838",.,7.07
2004,12,KY,"2,386,984",.,6.17
2004,12,LA,"1,938,852",.,7.98
2004,12,MA,"1,912,785",.,12.16
2004,12,MD,"2,575,495",.,7.38
2004,12,ME,"429,278",.,11.98
2004,12,MI,"3,048,513",.,8.25
2004,12,MN,"1,976,309",.,7.76
2004,12,MO,"2,885,667",.,6.14
2004,12,MS,"1,259,813",.,7.94
2004,12,MT,"421,670",.,7.72
2004,12,NC,"4,591,812",.,8.14
2004,12,ND,"398,739",.,6.28
2004,12,NE,"846,372",.,6.12
2004,12,NH,"414,126",.,11.93
2004,12,NJ,"2,399,962",.,10.02
2004,12,NM,"514,002",.,8.17
2004,12,NV,"815,261",.,10.10
2004,12,NY,"4,097,926",.,14.29
2004,12,OH,"5,038,330",.,7.92
2004,12,OK,"1,637,239",.,6.82
2004,12,OR,"1,946,344",.,7.20
2004,12,PA,"4,882,015",.,9.14
2004,12,RI,"275,268",.,13.36
2004,12,SC,"2,452,384",.,7.85
2004,12,SD,"361,471",.,7.20
2004,12,TN,"3,210,829",.,6.88
2004,12,TX,"9,135,491",.,9.24
2004,12,UT,"682,209",.,6.98
2004,12,VA,"4,039,716",.,7.45
2004,12,VT,"209,382",.,12.56
2004,12,WA,"3,444,426",.,6.40
2004,12,WI,"2,103,909",.,8.86
2004,12,WV,"1,202,422",.,6.01
2004,12,WY,"246,012",.,6.76
2004,11,AK,"182,580",.,12.71
2004,11,AL,"1,802,519",.,7.63
2004,11,AR,"1,006,537",.,7.46
2004,11,AZ,"1,680,233",.,8.05
2004,11,CA,"6,117,237",.,12.50
2004,11,CO,"1,218,155",.,8.59
2004,11,CT,"1,055,803",.,10.65
2004,11,DC,"113,288",.,6.59
2004,11,DE,"275,860",.,8.84
2004,11,FL,"8,087,332",.,9.12
2004,11,GA,"3,063,392",.,7.78
2004,11,HI,"262,958",.,19.39
2004,11,IA,"961,912",.,8.71
2004,11,ID,"644,570",.,6.05
2004,11,IL,"3,003,329",.,8.03
2004,11,IN,"2,157,205",.,7.86
2004,11,KS,"809,656",.,7.64
2004,11,KY,"1,556,728",.,6.53
2004,11,LA,"2,104,393",.,7.46
2004,11,MA,"1,495,730",.,12.17
2004,11,MD,"1,876,620",.,7.59
2004,11,ME,"349,797",.,12.00
2004,11,MI,"2,438,790",.,8.26
2004,11,MN,"1,613,202",.,7.65
2004,11,MO,"2,035,111",.,6.57
2004,11,MS,"1,201,495",.,8.11
2004,11,MT,"326,814",.,7.94
2004,11,NC,"3,076,871",.,8.87
2004,11,ND,"314,758",.,6.72
2004,11,NE,"598,072",.,6.74
2004,11,NH,"334,803",.,12.45
2004,11,NJ,"1,859,333",.,10.03
2004,11,NM,"415,360",.,8.35
2004,11,NV,"583,970",.,10.38
2004,11,NY,"3,502,713",.,14.88
2004,11,OH,"3,544,269",.,8.50
2004,11,OK,"1,217,593",.,7.09
2004,11,OR,"1,530,032",.,7.22
2004,11,PA,"3,698,054",.,9.59
2004,11,RI,"226,665",.,12.27
2004,11,SC,"1,661,707",.,8.71
2004,11,SD,"291,697",.,7.54
2004,11,TN,"2,359,285",.,7.14
2004,11,TX,"7,994,374",.,9.37
2004,11,UT,"584,108",.,6.84
2004,11,VA,"2,926,676",.,7.94
2004,11,VT,"166,071",.,13.33
2004,11,WA,"2,716,923",.,6.32
2004,11,WI,"1,641,104",.,9.08
2004,11,WV,"772,053",.,6.46
2004,11,WY,"192,004",.,7.28
2004,10,AK,"165,191",.,12.73
2004,10,AL,"2,068,733",.,7.75
2004,10,AR,"1,224,553",.,7.09
2004,10,AZ,"2,183,295",.,8.79
2004,10,CA,"6,601,505",.,11.43
2004,10,CO,"1,194,179",.,8.85
2004,10,CT,"898,560",.,10.76
2004,10,DC,"107,805",.,7.24
2004,10,DE,"281,033",.,8.93
2004,10,FL,"9,744,603",.,9.00
2004,10,GA,"3,468,281",.,7.90
2004,10,HI,"272,842",.,18.76
2004,10,IA,"923,496",.,9.13
2004,10,ID,"515,568",.,6.34
2004,10,IL,"2,858,285",.,8.52
2004,10,IN,"2,056,035",.,7.97
2004,10,KS,"828,886",.,7.62
2004,10,KY,"1,545,297",.,6.53
2004,10,LA,"2,559,921",.,8.28
2004,10,MA,"1,438,932",.,12.05
2004,10,MD,"1,881,300",.,7.65
2004,10,ME,"323,727",.,12.28
2004,10,MI,"2,359,085",.,8.14
2004,10,MN,"1,575,279",.,7.80
2004,10,MO,"2,002,656",.,6.66
2004,10,MS,"1,444,242",.,8.23
2004,10,MT,"292,961",.,8.09
2004,10,NC,"3,303,089",.,9.11
2004,10,ND,"275,833",.,7.23
2004,10,NE,"598,261",.,6.87
2004,10,NH,"306,409",.,13.10
2004,10,NJ,"1,881,778",.,10.14
2004,10,NM,"410,351",.,9.01
2004,10,NV,"702,689",.,10.09
2004,10,NY,"3,564,614",.,14.93
2004,10,OH,"3,323,107",.,8.64
2004,10,OK,"1,378,922",.,8.14
2004,10,OR,"1,225,632",.,7.26
2004,10,PA,"3,444,362",.,9.69
2004,10,RI,"218,101",.,12.73
2004,10,SC,"1,767,542",.,8.43
2004,10,SD,"256,753",.,8.02
2004,10,TN,"2,613,345",.,7.06
2004,10,TX,"9,630,894",.,9.57
2004,10,UT,"526,266",.,7.29
2004,10,VA,"2,556,021",.,8.17
2004,10,VT,"160,530",.,13.29
2004,10,WA,"2,195,499",.,6.51
2004,10,WI,"1,548,202",.,9.11
2004,10,WV,"602,901",.,6.53
2004,10,WY,"158,819",.,7.84
2004,9,AK,"147,998",.,12.84
2004,9,AL,"2,576,824",.,7.82
2004,9,AR,"1,532,765",.,7.79
2004,9,AZ,"3,078,342",.,8.96
2004,9,CA,"8,106,107",.,12.18
2004,9,CO,"1,347,737",.,8.74
2004,9,CT,"1,014,897",.,10.95
2004,9,DC,"123,126",.,8.60
2004,9,DE,"409,538",.,9.62
2004,9,FL,"10,557,288",.,8.99
2004,9,GA,"4,345,878",.,8.40
2004,9,HI,"273,701",.,18.18
2004,9,IA,"1,057,401",.,9.53
2004,9,ID,"480,119",.,6.46
2004,9,IL,"3,655,813",.,8.99
2004,9,IN,"2,540,651",.,7.53
2004,9,KS,"1,178,629",.,8.29
2004,9,KY,"2,042,459",.,6.29
2004,9,LA,"3,096,263",.,8.52
2004,9,MA,"1,589,657",.,12.22
2004,9,MD,"2,227,470",.,8.53
2004,9,ME,"338,696",.,11.87
2004,9,MI,"2,749,811",.,8.54
2004,9,MN,"1,713,091",.,8.28
2004,9,MO,"2,590,820",.,7.29
2004,9,MS,"1,774,335",.,8.66
2004,9,MT,"286,411",.,8.44
2004,9,NC,"4,193,355",.,8.96
2004,9,ND,"244,857",.,7.86
2004,9,NE,"753,625",.,7.99
2004,9,NH,"335,197",.,13.24
2004,9,NJ,"2,426,410",.,12.47
2004,9,NM,"485,851",.,9.10
2004,9,NV,"1,005,413",.,9.76
2004,9,NY,"4,315,192",.,15.10
2004,9,OH,"3,892,444",.,8.83
2004,9,OK,"1,889,373",.,8.27
2004,9,OR,"1,173,710",.,7.17
2004,9,PA,"3,884,395",.,10.17
2004,9,RI,"257,056",.,11.57
2004,9,SC,"2,251,389",.,8.51
2004,9,SD,"290,596",.,8.23
2004,9,TN,"3,402,305",.,6.89
2004,9,TX,"12,185,233",.,10.32
2004,9,UT,"544,963",.,7.58
2004,9,VA,"3,132,339",.,8.40
2004,9,VT,"152,908",.,13.23
2004,9,WA,"2,024,063",.,6.35
2004,9,WI,"1,783,323",.,9.32
2004,9,WV,"723,273",.,6.39
2004,9,WY,"154,597",.,7.72
2004,8,AK,"142,789",.,12.60
2004,8,AL,"3,113,205",.,7.87
2004,8,AR,"1,679,962",.,7.96
2004,8,AZ,"3,599,142",.,8.87
2004,8,CA,"8,468,789",.,12.50
2004,8,CO,"1,480,547",.,8.61
2004,8,CT,"1,243,651",.,12.43
2004,8,DC,"217,837",.,9.06
2004,8,DE,"419,624",.,9.63
2004,8,FL,"11,245,930",.,8.93
2004,8,GA,"5,452,079",.,8.52
2004,8,HI,"288,610",.,18.01
2004,8,IA,"1,116,691",.,9.98
2004,8,ID,"553,345",.,6.61
2004,8,IL,"4,084,075",.,9.05
2004,8,IN,"2,832,628",.,7.55
2004,8,KS,"1,321,837",.,8.52
2004,8,KY,"2,297,381",.,6.20
2004,8,LA,"3,242,626",.,8.86
2004,8,MA,"1,830,884",.,11.96
2004,8,MD,"2,599,347",.,9.03
2004,8,ME,"374,516",.,12.12
2004,8,MI,"3,014,794",.,8.56
2004,8,MN,"1,796,359",.,8.57
2004,8,MO,"2,976,263",.,7.88
2004,8,MS,"1,929,912",.,8.85
2004,8,MT,"326,396",.,8.33
2004,8,NC,"4,934,490",.,8.75
2004,8,ND,"249,202",.,7.94
2004,8,NE,"828,708",.,8.21
2004,8,NH,"390,488",.,12.73
2004,8,NJ,"3,073,737",.,12.47
2004,8,NM,"557,018",.,9.07
2004,8,NV,"1,467,621",.,9.65
2004,8,NY,"4,547,935",.,15.32
2004,8,OH,"4,452,703",.,9.13
2004,8,OK,"2,215,933",.,8.36
2004,8,OR,"1,292,808",.,7.21
2004,8,PA,"4,548,289",.,10.20
2004,8,RI,"285,629",.,12.30
2004,8,SC,"2,725,025",.,8.34
2004,8,SD,"314,052",.,8.28
2004,8,TN,"3,643,174",.,6.85
2004,8,TX,"13,494,633",.,10.71
2004,8,UT,"753,576",.,7.76
2004,8,VA,"3,864,932",.,8.54
2004,8,VT,"172,172",.,13.21
2004,8,WA,"2,115,451",.,6.37
2004,8,WI,"1,836,445",.,9.34
2004,8,WV,"854,838",.,6.27
2004,8,WY,"155,261",.,7.71
2004,7,AK,"139,874",.,12.79
2004,7,AL,"3,315,475",.,7.91
2004,7,AR,"1,647,746",.,7.87
2004,7,AZ,"3,466,457",.,8.88
2004,7,CA,"7,492,102",.,12.19
2004,7,CO,"1,453,966",.,8.56
2004,7,CT,"1,137,043",.,12.56
2004,7,DC,"201,043",.,9.30
2004,7,DE,"405,319",.,9.61
2004,7,FL,"12,115,848",.,8.93
2004,7,GA,"5,741,037",.,8.40
2004,7,HI,"275,356",.,17.87
2004,7,IA,"1,285,684",.,9.79
2004,7,ID,"570,997",.,6.61
2004,7,IL,"4,554,788",.,9.13
2004,7,IN,"3,007,566",.,7.37
2004,7,KS,"1,419,905",.,8.31
2004,7,KY,"2,443,542",.,6.23
2004,7,LA,"3,134,114",.,8.34
2004,7,MA,"1,735,786",.,11.73
2004,7,MD,"2,506,793",.,8.86
2004,7,ME,"329,600",.,12.78
2004,7,MI,"3,155,643",.,8.63
2004,7,MN,"1,940,116",.,8.79
2004,7,MO,"3,272,668",.,7.94
2004,7,MS,"1,888,385",.,8.75
2004,7,MT,"315,140",.,8.38
2004,7,NC,"5,346,503",.,8.56
2004,7,ND,"250,778",.,7.90
2004,7,NE,"835,393",.,8.23
2004,7,NH,"357,876",.,12.75
2004,7,NJ,"3,126,379",.,12.39
2004,7,NM,"545,559",.,9.04
2004,7,NV,"1,439,396",.,9.67
2004,7,NY,"4,403,418",.,15.36
2004,7,OH,"4,786,340",.,8.97
2004,7,OK,"2,268,218",.,8.59
2004,7,OR,"1,245,228",.,7.18
2004,7,PA,"4,567,927",.,10.21
2004,7,RI,"278,197",.,12.26
2004,7,SC,"3,045,898",.,8.22
2004,7,SD,"310,859",.,8.40
2004,7,TN,"3,804,258",.,6.82
2004,7,TX,"13,509,591",.,10.48
2004,7,UT,"834,347",.,7.77
2004,7,VA,"4,147,814",.,8.59
2004,7,VT,"174,665",.,13.16
2004,7,WA,"2,094,004",.,6.34
2004,7,WI,"1,901,151",.,9.40
2004,7,WV,"910,430",.,6.30
2004,7,WY,"169,129",.,7.82
2004,6,AK,"137,965",.,12.95
2004,6,AL,"2,893,676",.,7.76
2004,6,AR,"1,372,358",.,8.00
2004,6,AZ,"2,849,687",.,9.10
2004,6,CA,"6,843,063",.,12.40
2004,6,CO,"1,233,723",.,8.67
2004,6,CT,"1,079,204",.,12.35
2004,6,DC,"164,292",.,9.75
2004,6,DE,"335,617",.,9.65
2004,6,FL,"10,977,592",.,8.86
2004,6,GA,"4,953,218",.,8.14
2004,6,HI,"261,087",.,17.91
2004,6,IA,"1,015,727",.,9.56
2004,6,ID,"505,197",.,6.69
2004,6,IL,"3,773,340",.,8.98
2004,6,IN,"2,600,132",.,7.44
2004,6,KS,"1,185,765",.,8.02
2004,6,KY,"2,217,173",.,6.28
2004,6,LA,"2,731,729",.,8.23
2004,6,MA,"1,562,394",.,11.55
2004,6,MD,"2,275,271",.,8.78
2004,6,ME,"317,242",.,12.37
2004,6,MI,"2,652,672",.,8.81
2004,6,MN,"1,546,291",.,8.54
2004,6,MO,"2,776,087",.,7.91
2004,6,MS,"1,634,892",.,8.67
2004,6,MT,"284,878",.,8.34
2004,6,NC,"4,751,006",.,8.22
2004,6,ND,"216,245",.,7.83
2004,6,NE,"681,822",.,7.90
2004,6,NH,"317,066",.,12.74
2004,6,NJ,"2,463,993",.,12.07
2004,6,NM,"481,628",.,8.92
2004,6,NV,"1,124,275",.,9.65
2004,6,NY,"3,657,837",.,14.99
2004,6,OH,"4,104,392",.,9.09
2004,6,OK,"1,879,178",.,8.75
2004,6,OR,"1,255,687",.,7.09
2004,6,PA,"3,835,701",.,10.22
2004,6,RI,"228,429",.,11.96
2004,6,SC,"2,660,933",.,8.22
2004,6,SD,"257,443",.,8.41
2004,6,TN,"3,386,407",.,6.89
2004,6,TX,"11,855,394",.,10.44
2004,6,UT,"582,282",.,7.78
2004,6,VA,"3,538,245",.,8.49
2004,6,VT,"154,114",.,13.33
2004,6,WA,"2,149,006",.,6.34
2004,6,WI,"1,680,215",.,9.48
2004,6,WV,"746,236",.,6.36
2004,6,WY,"147,324",.,7.75
2004,5,AK,"146,792",.,12.88
2004,5,AL,"2,252,708",.,7.78
2004,5,AR,"998,221",.,7.64
2004,5,AZ,"2,161,958",.,9.26
2004,5,CA,"5,876,890",.,11.97
2004,5,CO,"1,126,265",.,8.65
2004,5,CT,"882,037",.,12.34
2004,5,DC,"131,460",.,8.56
2004,5,DE,"281,262",.,8.78
2004,5,FL,"8,238,817",.,8.95
2004,5,GA,"3,700,524",.,7.97
2004,5,HI,"256,327",.,17.65
2004,5,IA,"864,870",.,8.95
2004,5,ID,"447,693",.,6.17
2004,5,IL,"2,910,507",.,8.76
2004,5,IN,"2,106,697",.,7.63
2004,5,KS,"940,141",.,7.82
2004,5,KY,"1,712,300",.,6.25
2004,5,LA,"1,913,710",.,8.06
2004,5,MA,"1,392,541",.,11.43
2004,5,MD,"1,943,159",.,7.96
2004,5,ME,"291,759",.,12.67
2004,5,MI,"2,412,598",.,8.19
2004,5,MN,"1,381,713",.,7.94
2004,5,MO,"2,154,859",.,7.66
2004,5,MS,"1,167,341",.,8.44
2004,5,MT,"275,142",.,8.06
2004,5,NC,"3,488,050",.,8.44
2004,5,ND,"236,813",.,7.15
2004,5,NE,"583,764",.,6.93
2004,5,NH,"293,813",.,12.79
2004,5,NJ,"2,025,354",.,10.95
2004,5,NM,"411,522",.,8.95
2004,5,NV,"827,487",.,9.99
2004,5,NY,"3,334,906",.,14.20
2004,5,OH,"3,239,494",.,8.78
2004,5,OK,"1,410,997",.,7.49
2004,5,OR,"1,169,709",.,7.19
2004,5,PA,"3,523,884",.,9.83
2004,5,RI,"213,309",.,11.80
2004,5,SC,"1,997,544",.,8.26
2004,5,SD,"244,216",.,7.94
2004,5,TN,"2,486,597",.,7.10
2004,5,TX,"8,669,602",.,9.76
2004,5,UT,"523,709",.,7.55
2004,5,VA,"3,180,850",.,8.41
2004,5,VT,"152,482",.,13.07
2004,5,WA,"2,211,735",.,6.28
2004,5,WI,"1,488,846",.,9.27
2004,5,WV,"751,490",.,6.51
2004,5,WY,"163,748",.,7.46
2004,4,AK,"174,754",.,12.21
2004,4,AL,"1,795,553",.,8.14
2004,4,AR,"948,116",.,7.43
2004,4,AZ,"1,730,017",.,8.05
2004,4,CA,"5,903,532",.,11.43
2004,4,CO,"1,107,707",.,8.40
2004,4,CT,"933,154",.,12.09
2004,4,DC,"116,221",.,6.97
2004,4,DE,"314,053",.,8.41
2004,4,FL,"7,015,998",.,9.91
2004,4,GA,"3,086,699",.,7.80
2004,4,HI,"249,502",.,17.50
2004,4,IA,"843,079",.,8.70
2004,4,ID,"512,489",.,5.75
2004,4,IL,"2,810,255",.,8.46
2004,4,IN,"2,061,149",.,7.61
2004,4,KS,"740,907",.,7.81
2004,4,KY,"1,628,588",.,6.16
2004,4,LA,"1,645,001",.,7.83
2004,4,MA,"1,433,234",.,11.56
2004,4,MD,"2,033,590",.,7.23
2004,4,ME,"335,611",.,12.11
2004,4,MI,"2,332,027",.,8.11
2004,4,MN,"1,412,519",.,7.55
2004,4,MO,"1,969,495",.,6.86
2004,4,MS,"1,052,308",.,8.28
2004,4,MT,"298,262",.,7.79
2004,4,NC,"3,375,040",.,8.54
2004,4,ND,"271,974",.,6.64
2004,4,NE,"563,331",.,6.78
2004,4,NH,"325,067",.,12.37
2004,4,NJ,"1,825,728",.,10.82
2004,4,NM,"382,662",.,8.55
2004,4,NV,"537,441",.,9.95
2004,4,NY,"3,484,466",.,14.03
2004,4,OH,"3,415,895",.,8.56
2004,4,OK,"1,115,110",.,7.93
2004,4,OR,"1,407,185",.,7.15
2004,4,PA,"3,651,031",.,9.44
2004,4,RI,"225,076",.,11.59
2004,4,SC,"1,629,435",.,8.65
2004,4,SD,"266,814",.,7.65
2004,4,TN,"2,589,520",.,7.05
2004,4,TX,"7,252,481",.,9.39
2004,4,UT,"466,312",.,6.99
2004,4,VA,"2,794,914",.,7.95
2004,4,VT,"158,695",.,12.88
2004,4,WA,"2,714,465",.,6.27
2004,4,WI,"1,503,549",.,9.07
2004,4,WV,"773,200",.,6.32
2004,4,WY,"163,656",.,7.32
2004,3,AK,"176,193",.,12.16
2004,3,AL,"2,136,277",.,7.66
2004,3,AR,"1,162,951",.,6.86
2004,3,AZ,"1,878,701",.,7.61
2004,3,CA,"6,629,218",.,12.14
2004,3,CO,"1,202,875",.,8.23
2004,3,CT,"1,085,517",.,12.03
2004,3,DC,"125,615",.,7.17
2004,3,DE,"348,909",.,8.11
2004,3,FL,"7,677,213",.,8.94
2004,3,GA,"3,619,000",.,7.61
2004,3,HI,"252,487",.,17.30
2004,3,IA,"950,226",.,8.42
2004,3,ID,"639,004",.,5.77
2004,3,IL,"3,361,559",.,8.18
2004,3,IN,"2,470,802",.,7.21
2004,3,KS,"854,295",.,7.33
2004,3,KY,"1,955,307",.,5.93
2004,3,LA,"1,915,509",.,7.65
2004,3,MA,"1,597,666",.,11.36
2004,3,MD,"2,280,650",.,7.07
2004,3,ME,"360,155",.,12.33
2004,3,MI,"2,787,639",.,8.08
2004,3,MN,"1,671,924",.,7.47
2004,3,MO,"2,405,068",.,6.57
2004,3,MS,"1,214,671",.,7.64
2004,3,MT,"363,579",.,7.66
2004,3,NC,"4,076,759",.,8.32
2004,3,ND,"343,088",.,6.23
2004,3,NE,"725,133",.,6.21
2004,3,NH,"356,522",.,12.33
2004,3,NJ,"2,021,059",.,10.85
2004,3,NM,"441,049",.,8.30
2004,3,NV,"658,545",.,9.17
2004,3,NY,"3,825,097",.,13.98
2004,3,OH,"4,162,006",.,8.27
2004,3,OK,"1,311,642",.,7.32
2004,3,OR,"1,703,603",.,7.10
2004,3,PA,"4,307,993",.,9.20
2004,3,RI,"242,884",.,12.17
2004,3,SC,"2,187,451",.,7.43
2004,3,SD,"323,270",.,7.20
2004,3,TN,"3,044,353",.,6.90
2004,3,TX,"7,807,744",.,8.93
2004,3,UT,"556,096",.,6.58
2004,3,VA,"3,287,700",.,7.67
2004,3,VT,"181,062",.,12.75
2004,3,WA,"3,410,729",.,6.31
2004,3,WI,"1,690,883",.,8.77
2004,3,WV,"945,855",.,6.19
2004,3,WY,"213,675",.,6.72
2004,2,AK,"200,406",.,11.83
2004,2,AL,"2,591,918",.,7.20
2004,2,AR,"1,389,516",.,6.50
2004,2,AZ,"1,938,699",.,7.49
2004,2,CA,"6,252,440",.,12.39
2004,2,CO,"1,310,933",.,8.08
2004,2,CT,"1,170,982",.,11.81
2004,2,DC,"162,229",.,7.27
2004,2,DE,"461,515",.,7.65
2004,2,FL,"8,435,225",.,8.84
2004,2,GA,"4,411,836",.,7.31
2004,2,HI,"239,317",.,17.13
2004,2,IA,"1,144,046",.,8.05
2004,2,ID,"698,281",.,5.77
2004,2,IL,"3,807,600",.,7.58
2004,2,IN,"3,009,904",.,6.62
2004,2,KS,"984,471",.,6.92
2004,2,KY,"2,557,524",.,5.65
2004,2,LA,"2,175,676",.,7.28
2004,2,MA,"1,729,458",.,11.69
2004,2,MD,"2,799,458",.,6.88
2004,2,ME,"379,225",.,12.15
2004,2,MI,"2,800,762",.,8.21
2004,2,MN,"1,806,181",.,7.35
2004,2,MO,"3,003,277",.,6.08
2004,2,MS,"1,446,404",.,7.23
2004,2,MT,"393,696",.,7.14
2004,2,NC,"5,098,174",.,8.04
2004,2,ND,"409,385",.,5.85
2004,2,NE,"822,571",.,5.97
2004,2,NH,"390,978",.,12.39
2004,2,NJ,"2,291,931",.,10.68
2004,2,NM,"464,603",.,8.35
2004,2,NV,"698,140",.,9.09
2004,2,NY,"4,171,308",.,14.02
2004,2,OH,"4,630,500",.,7.69
2004,2,OK,"1,619,025",.,6.62
2004,2,OR,"1,861,129",.,7.28
2004,2,PA,"4,741,447",.,8.91
2004,2,RI,"247,350",.,12.25
2004,2,SC,"2,647,122",.,7.66
2004,2,SD,"379,415",.,6.87
2004,2,TN,"3,903,969",.,6.74
2004,2,TX,"9,200,060",.,8.55
2004,2,UT,"567,653",.,6.64
2004,2,VA,"4,256,087",.,7.30
2004,2,VT,"200,251",.,12.47
2004,2,WA,"3,395,279",.,6.62
2004,2,WI,"1,823,040",.,8.73
2004,2,WV,"1,103,467",.,5.96
2004,2,WY,"240,195",.,6.75
2004,1,AK,"235,624",.,11.59
2004,1,AL,"3,057,136",.,6.97
2004,1,AR,"1,457,874",.,6.51
2004,1,AZ,"2,164,288",.,7.27
2004,1,CA,"7,488,634",.,12.59
2004,1,CO,"1,397,769",.,7.98
2004,1,CT,"1,420,046",.,11.48
2004,1,DC,"201,936",.,7.20
2004,1,DE,"430,225",.,7.83
2004,1,FL,"9,517,812",.,8.80
2004,1,GA,"4,953,637",.,7.05
2004,1,HI,"266,505",.,16.89
2004,1,IA,"1,303,982",.,8.06
2004,1,ID,"911,681",.,5.75
2004,1,IL,"4,579,205",.,7.37
2004,1,IN,"3,400,592",.,6.51
2004,1,KS,"1,090,269",.,6.96
2004,1,KY,"2,843,286",.,5.58
2004,1,LA,"2,405,204",.,7.29
2004,1,MA,"2,049,462",.,11.20
2004,1,MD,"2,952,826",.,6.84
2004,1,ME,"501,503",.,11.64
2004,1,MI,"3,351,252",.,8.14
2004,1,MN,"2,074,429",.,7.34
2004,1,MO,"3,278,670",.,6.01
2004,1,MS,"1,566,229",.,7.20
2004,1,MT,"467,810",.,7.15
2004,1,NC,"5,482,232",.,7.92
2004,1,ND,"451,108",.,5.89
2004,1,NE,"919,683",.,5.76
2004,1,NH,"459,392",.,11.61
2004,1,NJ,"2,624,461",.,10.52
2004,1,NM,"525,217",.,8.13
2004,1,NV,"812,352",.,8.94
2004,1,NY,"4,473,465",.,13.32
2004,1,OH,"5,710,558",.,7.59
2004,1,OK,"1,755,812",.,6.37
2004,1,OR,"2,189,641",.,7.15
2004,1,PA,"5,578,292",.,8.80
2004,1,RI,"302,393",.,11.90
2004,1,SC,"2,883,310",.,7.66
2004,1,SD,"399,138",.,6.83
2004,1,TN,"4,081,613",.,6.70
2004,1,TX,"9,594,383",.,8.61
2004,1,UT,"703,326",.,6.57
2004,1,VA,"4,778,102",.,7.39
2004,1,VT,"227,162",.,12.48
2004,1,WA,"3,983,103",.,6.34
2004,1,WI,"2,191,658",.,8.59
2004,1,WV,"1,369,705",.,5.97
2004,1,WY,"257,392",.,6.51
2003,12,AK,"215,795",.,12.03
2003,12,AL,"2,599,657",.,7.26
2003,12,AR,"1,245,638",.,6.55
2003,12,AZ,"2,006,945",.,7.55
2003,12,CA,"7,509,197",.,12.45
2003,12,CO,"1,432,705",.,8.02
2003,12,CT,"1,306,129",.,11.02
2003,12,DC,"145,290",.,7.16
2003,12,DE,"347,445",.,8.14
2003,12,FL,"8,606,837",.,8.65
2003,12,GA,"4,332,511",.,6.72
2003,12,HI,"259,860",.,16.64
2003,12,IA,"1,116,653",.,7.96
2003,12,ID,"767,913",.,5.69
2003,12,IL,"4,004,261",.,7.56
2003,12,IN,"2,917,317",.,6.69
2003,12,KS,"1,025,904",.,6.85
2003,12,KY,"2,391,939",.,5.68
2003,12,LA,"2,045,287",.,7.12
2003,12,MA,"1,783,045",.,11.98
2003,12,MD,"2,514,257",.,7.00
2003,12,ME,"408,244",.,12.00
2003,12,MI,"3,088,802",.,8.22
2003,12,MN,"1,876,395",.,7.31
2003,12,MO,"2,848,221",.,6.17
2003,12,MS,"1,304,932",.,7.03
2003,12,MT,"445,117",.,7.31
2003,12,NC,"4,726,751",.,7.87
2003,12,ND,"381,827",.,5.70
2003,12,NE,"815,611",.,5.94
2003,12,NH,"413,204",.,11.74
2003,12,NJ,"2,342,447",.,10.59
2003,12,NM,"473,979",.,8.17
2003,12,NV,"772,993",.,9.07
2003,12,NY,"4,052,052",.,13.63
2003,12,OH,"4,845,589",.,7.70
2003,12,OK,"1,818,580",.,5.75
2003,12,OR,"1,932,959",.,7.07
2003,12,PA,"4,857,263",.,9.17
2003,12,RI,"267,868",.,12.79
2003,12,SC,"2,452,755",.,7.75
2003,12,SD,"351,339",.,6.93
2003,12,TN,"3,246,458",.,6.79
2003,12,TX,"8,810,536",.,8.38
2003,12,UT,"662,243",.,6.62
2003,12,VA,"4,158,833",.,7.23
2003,12,VT,"189,700",.,12.72
2003,12,WA,"3,586,000",.,6.41
2003,12,WI,"1,989,069",.,8.51
2003,12,WV,"1,164,842",.,5.96
2003,12,WY,"224,658",.,6.16
2003,11,AK,"182,396",.,12.22
2003,11,AL,"1,709,484",.,7.67
2003,11,AR,"935,309",.,6.98
2003,11,AZ,"1,713,780",.,7.21
2003,11,CA,"5,854,431",.,12.54
2003,11,CO,"1,221,906",.,8.18
2003,11,CT,"990,771",.,11.42
2003,11,DC,"131,909",.,6.82
2003,11,DE,"264,387",.,8.68
2003,11,FL,"8,099,804",.,8.98
2003,11,GA,"2,870,792",.,7.53
2003,11,HI,"250,140",.,16.28
2003,11,IA,"955,955",.,8.21
2003,11,ID,"652,826",.,5.82
2003,11,IL,"2,945,992",.,8.12
2003,11,IN,"2,094,696",.,7.52
2003,11,KS,"797,519",.,7.26
2003,11,KY,"1,566,660",.,6.10
2003,11,LA,"1,784,666",.,7.31
2003,11,MA,"1,450,650",.,12.01
2003,11,MD,"1,734,477",.,7.36
2003,11,ME,"315,802",.,12.61
2003,11,MI,"2,476,750",.,8.24
2003,11,MN,"1,607,007",.,7.22
2003,11,MO,"2,034,743",.,6.67
2003,11,MS,"1,063,617",.,7.43
2003,11,MT,"333,094",.,7.60
2003,11,NC,"2,897,190",.,8.68
2003,11,ND,"327,064",.,6.13
2003,11,NE,"637,551",.,6.46
2003,11,NH,"320,139",.,12.08
2003,11,NJ,"1,850,696",.,10.63
2003,11,NM,"384,997",.,8.45
2003,11,NV,"546,537",.,9.33
2003,11,NY,"3,450,476",.,14.23
2003,11,OH,"3,363,361",.,8.23
2003,11,OK,"1,181,483",.,6.63
2003,11,OR,"1,493,075",.,7.09
2003,11,PA,"3,531,229",.,9.60
2003,11,RI,"226,484",.,12.21
2003,11,SC,"1,495,998",.,8.59
2003,11,SD,"294,450",.,7.30
2003,11,TN,"2,292,054",.,7.07
2003,11,TX,"7,527,668",.,8.59
2003,11,UT,"525,413",.,6.53
2003,11,VA,"2,791,343",.,7.67
2003,11,VT,"159,626",.,12.96
2003,11,WA,"2,694,690",.,6.26
2003,11,WI,"1,663,349",.,8.71
2003,11,WV,"754,550",.,6.40
2003,11,WY,"209,694",.,7.00
2003,10,AK,"158,194",.,12.34
2003,10,AL,"1,886,860",.,7.46
2003,10,AR,"1,056,094",.,7.02
2003,10,AZ,"2,474,178",.,8.83
2003,10,CA,"7,096,893",.,10.47
2003,10,CO,"1,194,204",.,8.60
2003,10,CT,"862,775",.,12.41
2003,10,DC,"73,881",.,6.37
2003,10,DE,"271,391",.,8.76
2003,10,FL,"9,277,792",.,8.88
2003,10,GA,"3,171,631",.,7.90
2003,10,HI,"266,416",.,16.55
2003,10,IA,"892,294",.,8.65
2003,10,ID,"499,221",.,6.15
2003,10,IL,"2,676,564",.,8.67
2003,10,IN,"2,003,637",.,7.65
2003,10,KS,"747,884",.,7.67
2003,10,KY,"1,449,534",.,6.16
2003,10,LA,"2,346,327",.,8.12
2003,10,MA,"1,409,296",.,12.00
2003,10,MD,"1,621,257",.,7.71
2003,10,ME,"344,167",.,11.63
2003,10,MI,"2,457,035",.,8.08
2003,10,MN,"1,505,010",.,7.45
2003,10,MO,"1,889,002",.,6.92
2003,10,MS,"1,261,176",.,7.48
2003,10,MT,"270,413",.,8.01
2003,10,NC,"3,075,598",.,8.97
2003,10,ND,"250,071",.,7.02
2003,10,NE,"534,364",.,6.83
2003,10,NH,"299,968",.,12.31
2003,10,NJ,"1,805,528",.,10.41
2003,10,NM,"416,699",.,8.96
2003,10,NV,"776,452",.,8.97
2003,10,NY,"3,494,177",.,14.75
2003,10,OH,"3,338,127",.,8.48
2003,10,OK,"1,183,396",.,7.43
2003,10,OR,"1,185,970",.,7.09
2003,10,PA,"3,378,449",.,9.79
2003,10,RI,"220,084",.,11.92
2003,10,SC,"1,692,299",.,8.31
2003,10,SD,"246,128",.,7.85
2003,10,TN,"2,455,204",.,7.03
2003,10,TX,"8,411,202",.,8.93
2003,10,UT,"527,222",.,6.90
2003,10,VA,"2,627,224",.,7.95
2003,10,VT,"149,289",.,13.06
2003,10,WA,"2,124,857",.,6.34
2003,10,WI,"1,563,649",.,8.79
2003,10,WV,"708,265",.,6.54
2003,10,WY,"153,514",.,7.91
2003,9,AK,"143,821",.,12.21
2003,9,AL,"2,879,872",.,7.51
2003,9,AR,"1,658,710",.,7.46
2003,9,AZ,"3,192,199",.,8.70
2003,9,CA,"8,287,254",.,10.08
2003,9,CO,"1,387,078",.,8.30
2003,9,CT,"1,121,922",.,12.01
2003,9,DC,"152,325",.,8.36
2003,9,DE,"391,873",.,9.39
2003,9,FL,"11,068,343",.,8.74
2003,9,GA,"4,690,784",.,8.00
2003,9,HI,"258,281",.,16.47
2003,9,IA,"1,022,816",.,8.98
2003,9,ID,"508,709",.,6.18
2003,9,IL,"3,657,078",.,8.85
2003,9,IN,"2,510,776",.,7.19
2003,9,KS,"1,058,596",.,8.35
2003,9,KY,"2,150,735",.,5.83
2003,9,LA,"3,134,699",.,8.41
2003,9,MA,"1,501,568",.,12.64
2003,9,MD,"2,285,643",.,8.74
2003,9,ME,"328,654",.,12.00
2003,9,MI,"2,757,722",.,8.54
2003,9,MN,"1,792,092",.,7.71
2003,9,MO,"2,537,930",.,6.97
2003,9,MS,"1,865,567",.,7.74
2003,9,MT,"296,003",.,8.25
2003,9,NC,"4,481,225",.,8.68
2003,9,ND,"255,893",.,7.34
2003,9,NE,"736,044",.,7.85
2003,9,NH,"336,504",.,12.26
2003,9,NJ,"2,332,453",.,12.02
2003,9,NM,"481,748",.,9.07
2003,9,NV,"1,005,384",.,8.73
2003,9,NY,"4,266,498",.,14.92
2003,9,OH,"3,770,533",.,8.72
2003,9,OK,"1,945,775",.,7.95
2003,9,OR,"1,162,629",.,7.10
2003,9,PA,"3,658,692",.,10.08
2003,9,RI,"227,994",.,12.54
2003,9,SC,"2,488,392",.,8.13
2003,9,SD,"304,121",.,7.93
2003,9,TN,"3,723,491",.,6.41
2003,9,TX,"11,888,543",.,9.52
2003,9,UT,"548,955",.,7.15
2003,9,VA,"2,948,445",.,8.08
2003,9,VT,"156,142",.,13.16
2003,9,WA,"1,943,667",.,6.37
2003,9,WI,"1,685,008",.,8.94
2003,9,WV,"712,317",.,6.34
2003,9,WY,"147,478",.,7.62
2003,8,AK,"138,640",.,12.28
2003,8,AL,"3,201,598",.,7.67
2003,8,AR,"1,813,691",.,7.84
2003,8,AZ,"3,573,922",.,8.74
2003,8,CA,"8,501,297",.,12.90
2003,8,CO,"1,660,357",.,8.17
2003,8,CT,"1,318,997",.,11.61
2003,8,DC,"215,581",.,8.97
2003,8,DE,"433,676",.,9.37
2003,8,FL,"11,169,455",.,8.72
2003,8,GA,"5,374,763",.,8.40
2003,8,HI,"274,584",.,16.49
2003,8,IA,"1,462,897",.,9.06
2003,8,ID,"556,379",.,6.15
2003,8,IL,"4,987,108",.,8.97
2003,8,IN,"3,214,566",.,7.03
2003,8,KS,"1,701,902",.,8.23
2003,8,KY,"2,517,499",.,5.91
2003,8,LA,"3,205,041",.,8.44
2003,8,MA,"1,994,522",.,12.11
2003,8,MD,"2,668,643",.,8.74
2003,8,ME,"359,518",.,12.64
2003,8,MI,"3,434,085",.,8.70
2003,8,MN,"2,218,286",.,8.37
2003,8,MO,"3,669,807",.,7.85
2003,8,MS,"2,059,338",.,7.97
2003,8,MT,"374,385",.,8.30
2003,8,NC,"4,992,835",.,8.57
2003,8,ND,"301,711",.,7.35
2003,8,NE,"1,041,002",.,7.90
2003,8,NH,"400,425",.,12.08
2003,8,NJ,"3,305,905",.,12.08
2003,8,NM,"584,612",.,9.12
2003,8,NV,"1,375,247",.,8.67
2003,8,NY,"4,787,595",.,14.94
2003,8,OH,"4,867,956",.,8.68
2003,8,OK,"2,601,846",.,8.36
2003,8,OR,"1,220,359",.,7.13
2003,8,PA,"4,748,340",.,10.22
2003,8,RI,"329,814",.,12.59
2003,8,SC,"2,761,499",.,8.19
2003,8,SD,"376,080",.,7.98
2003,8,TN,"3,797,230",.,6.42
2003,8,TX,"14,629,019",.,9.89
2003,8,UT,"812,660",.,7.16
2003,8,VA,"4,008,137",.,8.34
2003,8,VT,"175,346",.,13.09
2003,8,WA,"1,946,369",.,6.36
2003,8,WI,"2,214,831",.,8.87
2003,8,WV,"906,738",.,6.28
2003,8,WY,"181,707",.,7.36
2003,7,AK,"136,331",.,12.64
2003,7,AL,"3,172,894",.,7.64
2003,7,AR,"1,630,870",.,7.84
2003,7,AZ,"3,492,683",.,8.78
2003,7,CA,"8,175,183",.,13.50
2003,7,CO,"1,613,250",.,8.34
2003,7,CT,"1,233,500",.,11.57
2003,7,DC,"211,748",.,9.14
2003,7,DE,"415,049",.,9.36
2003,7,FL,"11,164,543",.,8.49
2003,7,GA,"5,192,040",.,8.25
2003,7,HI,"264,518",.,16.51
2003,7,IA,"1,403,981",.,9.12
2003,7,ID,"569,518",.,6.15
2003,7,IL,"4,797,690",.,9.06
2003,7,IN,"2,968,385",.,6.90
2003,7,KS,"1,689,919",.,8.14
2003,7,KY,"2,485,911",.,5.92
2003,7,LA,"3,057,774",.,8.38
2003,7,MA,"1,892,521",.,11.89
2003,7,MD,"2,558,612",.,8.77
2003,7,ME,"397,797",.,11.83
2003,7,MI,"3,424,846",.,8.71
2003,7,MN,"2,039,093",.,8.26
2003,7,MO,"3,601,338",.,7.92
2003,7,MS,"1,893,961",.,8.04
2003,7,MT,"341,089",.,8.03
2003,7,NC,"5,078,468",.,8.41
2003,7,ND,"270,312",.,7.41
2003,7,NE,"987,788",.,7.94
2003,7,NH,"393,166",.,12.04
2003,7,NJ,"3,224,131",.,11.02
2003,7,NM,"565,677",.,8.96
2003,7,NV,"1,481,163",.,8.61
2003,7,NY,"4,516,816",.,15.14
2003,7,OH,"4,994,072",.,9.02
2003,7,OK,"2,440,659",.,8.40
2003,7,OR,"1,232,668",.,7.17
2003,7,PA,"4,563,349",.,10.28
2003,7,RI,"299,373",.,12.70
2003,7,SC,"2,810,183",.,8.03
2003,7,SD,"339,567",.,8.05
2003,7,TN,"3,560,452",.,6.44
2003,7,TX,"13,868,724",.,9.97
2003,7,UT,"885,154",.,7.11
2003,7,VA,"3,986,186",.,8.39
2003,7,VT,"171,846",.,13.09
2003,7,WA,"2,105,028",.,6.37
2003,7,WI,"2,037,308",.,8.90
2003,7,WV,"861,693",.,6.35
2003,7,WY,"175,029",.,7.63
2003,6,AK,"135,568",.,12.13
2003,6,AL,"2,425,680",.,7.72
2003,6,AR,"1,222,455",.,8.12
2003,6,AZ,"2,743,419",.,9.09
2003,6,CA,"6,532,614",.,13.12
2003,6,CO,"1,203,306",.,8.50
2003,6,CT,"923,928",.,11.87
2003,6,DC,"142,207",.,9.00
2003,6,DE,"272,676",.,9.56
2003,6,FL,"10,078,908",.,8.51
2003,6,GA,"3,959,086",.,8.18
2003,6,HI,"249,419",.,16.76
2003,6,IA,"960,718",.,9.37
2003,6,ID,"486,619",.,6.31
2003,6,IL,"3,033,990",.,9.23
2003,6,IN,"2,171,411",.,7.37
2003,6,KS,"1,115,795",.,8.14
2003,6,KY,"1,677,999",.,6.20
2003,6,LA,"2,764,149",.,8.30
2003,6,MA,"1,391,508",.,12.05
2003,6,MD,"1,793,067",.,8.79
2003,6,ME,"272,455",.,13.81
2003,6,MI,"2,636,131",.,8.59
2003,6,MN,"1,486,420",.,8.45
2003,6,MO,"2,332,625",.,8.05
2003,6,MS,"1,585,150",.,8.26
2003,6,MT,"272,750",.,7.79
2003,6,NC,"3,642,258",.,8.33
2003,6,ND,"214,684",.,7.51
2003,6,NE,"607,557",.,7.99
2003,6,NH,"306,280",.,12.33
2003,6,NJ,"2,171,125",.,10.67
2003,6,NM,"453,418",.,9.05
2003,6,NV,"1,238,523",.,8.68
2003,6,NY,"3,462,773",.,14.98
2003,6,OH,"3,563,088",.,8.96
2003,6,OK,"1,704,880",.,8.54
2003,6,OR,"1,358,967",.,7.18
2003,6,PA,"3,463,160",.,10.19
2003,6,RI,"221,529",.,11.22
2003,6,SC,"2,067,917",.,8.20
2003,6,SD,"242,121",.,8.31
2003,6,TN,"2,630,174",.,6.53
2003,6,TX,"11,864,828",.,10.07
2003,6,UT,"513,266",.,7.39
2003,6,VA,"2,956,848",.,8.44
2003,6,VT,"146,430",.,13.17
2003,6,WA,"2,184,604",.,6.36
2003,6,WI,"1,580,363",.,9.10
2003,6,WV,"643,557",.,6.51
2003,6,WY,"177,386",.,7.47
2003,5,AK,"144,169",.,11.83
2003,5,AL,"2,166,607",.,7.18
2003,5,AR,"1,018,678",.,7.51
2003,5,AZ,"1,826,874",.,9.52
2003,5,CA,"5,739,572",.,12.74
2003,5,CO,"1,091,914",.,8.61
2003,5,CT,"838,634",.,11.80
2003,5,DC,"85,350",.,8.84
2003,5,DE,"258,144",.,8.64
2003,5,FL,"8,652,800",.,8.56
2003,5,GA,"3,274,401",.,7.80
2003,5,HI,"245,012",.,17.48
2003,5,IA,"788,977",.,8.96
2003,5,ID,"499,385",.,6.43
2003,5,IL,"2,639,764",.,8.83
2003,5,IN,"1,855,531",.,7.53
2003,5,KS,"819,527",.,7.80
2003,5,KY,"1,533,622",.,5.97
2003,5,LA,"2,126,943",.,8.23
2003,5,MA,"1,368,475",.,11.56
2003,5,MD,"1,643,125",.,7.91
2003,5,ME,"288,178",.,13.44
2003,5,MI,"2,244,807",.,8.23
2003,5,MN,"1,362,966",.,7.76
2003,5,MO,"1,855,055",.,7.76
2003,5,MS,"1,307,259",.,7.94
2003,5,MT,"287,447",.,7.50
2003,5,NC,"3,186,048",.,8.45
2003,5,ND,"229,069",.,7.05
2003,5,NE,"573,404",.,6.81
2003,5,NH,"291,340",.,12.19
2003,5,NJ,"1,709,041",.,10.31
2003,5,NM,"383,251",.,8.65
2003,5,NV,"691,543",.,9.34
2003,5,NY,"3,246,194",.,14.77
2003,5,OH,"3,172,115",.,8.83
2003,5,OK,"1,348,141",.,7.88
2003,5,OR,"1,357,452",.,7.07
2003,5,PA,"3,230,896",.,9.82
2003,5,RI,"201,939",.,11.46
2003,5,SC,"1,721,765",.,8.19
2003,5,SD,"245,024",.,7.72
2003,5,TN,"2,403,309",.,6.64
2003,5,TX,"9,934,323",.,9.35
2003,5,UT,"532,152",.,6.91
2003,5,VA,"2,514,548",.,8.26
2003,5,VT,"143,625",.,12.92
2003,5,WA,"2,415,608",.,6.34
2003,5,WI,"1,527,922",.,8.88
2003,5,WV,"627,722",.,6.61
2003,5,WY,"154,725",.,7.33
2003,4,AK,"160,770",.,11.76
2003,4,AL,"1,724,733",.,7.81
2003,4,AR,"947,082",.,7.28
2003,4,AZ,"1,456,990",.,7.82
2003,4,CA,"5,759,978",.,12.51
2003,4,CO,"1,076,596",.,8.00
2003,4,CT,"962,991",.,10.93
2003,4,DC,"97,582",.,6.88
2003,4,DE,"294,528",.,8.31
2003,4,FL,"7,583,956",.,8.87
2003,4,GA,"2,884,068",.,7.72
2003,4,HI,"238,373",.,17.29
2003,4,IA,"866,273",.,8.72
2003,4,ID,"527,830",.,6.49
2003,4,IL,"2,755,042",.,8.54
2003,4,IN,"1,921,067",.,7.59
2003,4,KS,"764,417",.,7.68
2003,4,KY,"1,479,281",.,5.95
2003,4,LA,"1,633,170",.,8.00
2003,4,MA,"1,452,072",.,10.75
2003,4,MD,"1,879,193",.,7.27
2003,4,ME,"314,663",.,12.70
2003,4,MI,"2,318,668",.,8.19
2003,4,MN,"1,399,345",.,7.43
2003,4,MO,"1,919,085",.,6.85
2003,4,MS,"1,046,698",.,7.83
2003,4,MT,"312,594",.,7.31
2003,4,NC,"2,925,523",.,8.58
2003,4,ND,"279,552",.,6.46
2003,4,NE,"581,308",.,6.45
2003,4,NH,"312,497",.,11.99
2003,4,NJ,"1,782,164",.,10.00
2003,4,NM,"363,780",.,8.71
2003,4,NV,"525,443",.,9.75
2003,4,NY,"3,437,483",.,14.55
2003,4,OH,"3,087,256",.,8.45
2003,4,OK,"1,138,950",.,7.69
2003,4,OR,"1,493,350",.,6.99
2003,4,PA,"3,641,874",.,9.43
2003,4,RI,"217,525",.,10.18
2003,4,SC,"1,522,353",.,8.37
2003,4,SD,"275,541",.,7.40
2003,4,TN,"2,295,467",.,6.66
2003,4,TX,"7,343,050",.,9.03
2003,4,UT,"511,037",.,6.91
2003,4,VA,"2,499,308",.,7.81
2003,4,VT,"152,014",.,12.81
2003,4,WA,"2,921,734",.,6.30
2003,4,WI,"1,491,193",.,8.79
2003,4,WV,"688,575",.,6.48
2003,4,WY,"184,225",.,6.90
2003,3,AK,"170,386",.,11.65
2003,3,AL,"2,028,498",.,7.18
2003,3,AR,"1,234,985",.,7.00
2003,3,AZ,"1,661,931",.,7.59
2003,3,CA,"6,094,779",.,11.42
2003,3,CO,"1,225,053",.,7.75
2003,3,CT,"1,120,145",.,10.68
2003,3,DC,"145,032",.,6.97
2003,3,DE,"386,458",.,7.82
2003,3,FL,"7,844,452",.,8.21
2003,3,GA,"3,405,904",.,7.45
2003,3,HI,"244,017",.,17.08
2003,3,IA,"1,007,313",.,8.15
2003,3,ID,"619,232",.,6.60
2003,3,IL,"3,496,532",.,7.88
2003,3,IN,"2,551,789",.,6.84
2003,3,KS,"890,146",.,7.38
2003,3,KY,"2,034,745",.,5.70
2003,3,LA,"1,844,927",.,7.67
2003,3,MA,"1,712,891",.,11.05
2003,3,MD,"2,431,016",.,6.99
2003,3,ME,"372,396",.,12.29
2003,3,MI,"2,812,519",.,8.20
2003,3,MN,"1,654,263",.,7.33
2003,3,MO,"2,494,223",.,6.25
2003,3,MS,"1,206,050",.,7.45
2003,3,MT,"382,152",.,7.07
2003,3,NC,"3,961,079",.,8.14
2003,3,ND,"375,132",.,5.93
2003,3,NE,"733,036",.,6.07
2003,3,NH,"364,993",.,11.89
2003,3,NJ,"2,165,982",.,9.88
2003,3,NM,"406,441",.,8.46
2003,3,NV,"610,254",.,9.63
2003,3,NY,"3,919,260",.,13.91
2003,3,OH,"4,398,901",.,7.76
2003,3,OK,"1,416,374",.,7.50
2003,3,OR,"1,695,298",.,7.01
2003,3,PA,"4,420,923",.,9.11
2003,3,RI,"264,313",.,10.24
2003,3,SC,"2,002,438",.,7.86
2003,3,SD,"331,896",.,6.99
2003,3,TN,"3,121,824",.,6.44
2003,3,TX,"7,966,667",.,9.02
2003,3,UT,"517,645",.,6.66
2003,3,VA,"3,486,478",.,7.42
2003,3,VT,"173,137",.,12.51
2003,3,WA,"3,240,061",.,6.24
2003,3,WI,"1,762,426",.,8.37
2003,3,WV,"935,112",.,6.15
2003,3,WY,"219,810",.,6.71
2003,2,AK,"184,310",.,11.67
2003,2,AL,"2,562,968",.,6.86
2003,2,AR,"1,390,438",.,6.54
2003,2,AZ,"1,594,625",.,7.57
2003,2,CA,"5,868,157",.,12.41
2003,2,CO,"1,255,707",.,7.78
2003,2,CT,"1,170,860",.,10.50
2003,2,DC,"169,705",.,7.02
2003,2,DE,"436,750",.,7.61
2003,2,FL,"9,282,814",.,7.99
2003,2,GA,"4,170,042",.,7.07
2003,2,HI,"219,987",.,16.82
2003,2,IA,"1,090,661",.,7.86
2003,2,ID,"668,538",.,6.53
2003,2,IL,"3,713,555",.,7.60
2003,2,IN,"3,074,226",.,6.57
2003,2,KS,"925,191",.,7.14
2003,2,KY,"2,594,793",.,5.43
2003,2,LA,"2,241,937",.,6.59
2003,2,MA,"1,706,852",.,10.83
2003,2,MD,"2,703,952",.,6.84
2003,2,ME,"371,067",.,12.33
2003,2,MI,"2,681,786",.,8.16
2003,2,MN,"1,709,501",.,7.20
2003,2,MO,"2,992,320",.,6.02
2003,2,MS,"1,493,199",.,6.88
2003,2,MT,"374,898",.,7.04
2003,2,NC,"5,223,872",.,7.84
2003,2,ND,"401,609",.,5.79
2003,2,NE,"780,363",.,5.93
2003,2,NH,"373,654",.,11.76
2003,2,NJ,"2,112,582",.,9.84
2003,2,NM,"408,849",.,8.34
2003,2,NV,"567,846",.,9.66
2003,2,NY,"4,049,742",.,13.30
2003,2,OH,"4,609,849",.,7.57
2003,2,OK,"1,613,743",.,6.55
2003,2,OR,"1,680,140",.,6.92
2003,2,PA,"4,684,871",.,8.93
2003,2,RI,"231,881",.,11.32
2003,2,SC,"2,659,667",.,7.50
2003,2,SD,"354,065",.,6.84
2003,2,TN,"4,140,018",.,6.30
2003,2,TX,"9,175,437",.,8.11
2003,2,UT,"475,419",.,6.71
2003,2,VA,"4,189,986",.,7.12
2003,2,VT,"187,658",.,12.33
2003,2,WA,"3,255,427",.,6.23
2003,2,WI,"1,754,008",.,8.27
2003,2,WV,"1,145,263",.,5.92
2003,2,WY,"212,586",.,6.69
2003,1,AK,"216,630",.,11.40
2003,1,AL,"3,057,566",.,6.89
2003,1,AR,"1,444,351",.,6.44
2003,1,AZ,"2,003,974",.,7.06
2003,1,CA,"7,506,545",.,12.81
2003,1,CO,"1,362,764",.,7.53
2003,1,CT,"1,327,684",.,10.54
2003,1,DC,"183,692",.,7.07
2003,1,DE,"418,013",.,7.77
2003,1,FL,"9,820,160",.,8.09
2003,1,GA,"4,848,209",.,7.16
2003,1,HI,"257,016",.,16.54
2003,1,IA,"1,199,013",.,7.74
2003,1,ID,"733,575",.,6.53
2003,1,IL,"4,453,756",.,7.40
2003,1,IN,"3,442,777",.,6.48
2003,1,KS,"1,065,496",.,6.96
2003,1,KY,"2,820,927",.,5.41
2003,1,LA,"2,387,384",.,6.68
2003,1,MA,"1,927,392",.,10.50
2003,1,MD,"2,838,031",.,6.89
2003,1,ME,"446,012",.,11.97
2003,1,MI,"3,336,323",.,8.21
2003,1,MN,"1,987,374",.,7.14
2003,1,MO,"3,247,579",.,5.99
2003,1,MS,"1,582,763",.,6.80
2003,1,MT,"430,208",.,6.93
2003,1,NC,"5,157,919",.,7.90
2003,1,ND,"420,512",.,5.80
2003,1,NE,"824,191",.,5.75
2003,1,NH,"439,664",.,11.43
2003,1,NJ,"2,565,072",.,9.59
2003,1,NM,"494,586",.,8.15
2003,1,NV,"748,551",.,9.37
2003,1,NY,"4,432,821",.,12.77
2003,1,OH,"5,609,731",.,7.40
2003,1,OK,"1,768,140",.,6.08
2003,1,OR,"1,922,693",.,7.00
2003,1,PA,"5,471,956",.,8.91
2003,1,RI,"289,405",.,9.80
2003,1,SC,"2,746,373",.,7.61
2003,1,SD,"379,505",.,6.86
2003,1,TN,"4,031,260",.,6.31
2003,1,TX,"9,934,830",.,7.71
2003,1,UT,"655,242",.,6.59
2003,1,VA,"4,709,371",.,7.08
2003,1,VT,"206,575",.,12.32
2003,1,WA,"3,454,000",.,6.21
2003,1,WI,"2,095,017",.,8.11
2003,1,WV,"1,324,770",.,5.99
2003,1,WY,"245,389",.,6.54
2002,12,AK,"190,082",.,11.57
2002,12,AL,"2,639,314",.,6.64
2002,12,AR,"1,179,767",.,6.69
2002,12,AZ,"1,808,544",.,7.46
2002,12,CA,"6,267,748",.,13.31
2002,12,CO,"1,349,066",.,7.14
2002,12,CT,"1,267,137",.,10.55
2002,12,DC,"169,066",.,7.12
2002,12,DE,"360,973",.,8.00
2002,12,FL,"8,159,352",.,7.92
2002,12,GA,"4,189,305",.,6.42
2002,12,HI,"255,865",.,16.80
2002,12,IA,"1,130,620",.,7.85
2002,12,ID,"739,758",.,6.46
2002,12,IL,"4,004,956",.,7.46
2002,12,IN,"2,932,686",.,6.55
2002,12,KS,"946,721",.,7.06
2002,12,KY,"2,472,613",.,5.34
2002,12,LA,"1,900,255",.,7.08
2002,12,MA,"1,812,471",.,10.78
2002,12,MD,"2,578,387",.,6.82
2002,12,ME,"415,689",.,12.29
2002,12,MI,"3,039,302",.,8.28
2002,12,MN,"1,811,296",.,7.11
2002,12,MO,"2,970,482",.,6.11
2002,12,MS,"1,308,539",.,6.94
2002,12,MT,"419,849",.,7.09
2002,12,NC,"4,599,246",.,7.73
2002,12,ND,"375,599",.,5.99
2002,12,NE,"755,093",.,5.97
2002,12,NH,"439,560",.,11.82
2002,12,NJ,"2,613,387",.,9.86
2002,12,NM,"440,665",.,8.26
2002,12,NV,"692,216",.,9.53
2002,12,NY,"3,999,722",.,13.19
2002,12,OH,"4,792,938",.,7.41
2002,12,OK,"1,513,089",.,6.14
2002,12,OR,"1,828,208",.,7.00
2002,12,PA,"4,808,375",.,9.17
2002,12,RI,"254,076",.,10.37
2002,12,SC,"2,394,130",.,7.31
2002,12,SD,"331,517",.,6.96
2002,12,TN,"3,520,121",.,6.36
2002,12,TX,"8,129,120",.,8.07
2002,12,UT,"582,747",.,6.51
2002,12,VA,"4,116,291",.,7.05
2002,12,VT,"202,388",.,12.70
2002,12,WA,"3,214,265",.,6.19
2002,12,WI,"2,018,573",.,8.37
2002,12,WV,"1,104,699",.,6.06
2002,12,WY,"220,509",.,6.73
2002,11,AK,"168,784",.,11.86
2002,11,AL,"1,761,079",.,7.27
2002,11,AR,"960,737",.,7.08
2002,11,AZ,"1,508,090",.,7.37
2002,11,CA,"5,557,724",.,12.55
2002,11,CO,"1,205,692",.,7.38
2002,11,CT,"997,067",.,10.94
2002,11,DC,"119,731",.,7.00
2002,11,DE,"276,876",.,8.47
2002,11,FL,"8,340,898",.,8.21
2002,11,GA,"3,138,621",.,7.46
2002,11,HI,"245,865",.,16.67
2002,11,IA,"965,022",.,7.98
2002,11,ID,"622,407",.,6.55
2002,11,IL,"3,125,007",.,7.83
2002,11,IN,"2,306,122",.,6.79
2002,11,KS,"804,531",.,7.28
2002,11,KY,"1,692,761",.,5.68
2002,11,LA,"1,746,416",.,7.11
2002,11,MA,"1,425,230",.,11.04
2002,11,MD,"1,832,530",.,7.38
2002,11,ME,"349,282",.,12.34
2002,11,MI,"2,470,800",.,8.05
2002,11,MN,"1,587,160",.,7.14
2002,11,MO,"2,081,746",.,6.45
2002,11,MS,"1,095,259",.,7.33
2002,11,MT,"330,529",.,7.25
2002,11,NC,"3,254,919",.,8.36
2002,11,ND,"322,888",.,6.03
2002,11,NE,"648,821",.,6.30
2002,11,NH,"309,937",.,11.92
2002,11,NJ,"1,855,739",.,9.96
2002,11,NM,"376,340",.,8.47
2002,11,NV,"524,620",.,9.51
2002,11,NY,"3,416,228",.,13.37
2002,11,OH,"3,587,722",.,7.93
2002,11,OK,"1,231,547",.,6.53
2002,11,OR,"1,441,986",.,7.08
2002,11,PA,"3,689,751",.,9.48
2002,11,RI,"217,181",.,10.62
2002,11,SC,"1,693,030",.,7.93
2002,11,SD,"295,462",.,7.17
2002,11,TN,"2,430,765",.,6.58
2002,11,TX,"7,867,603",.,7.44
2002,11,UT,"533,269",.,6.61
2002,11,VA,"2,946,266",.,7.59
2002,11,VT,"167,274",.,12.76
2002,11,WA,"2,626,308",.,6.18
2002,11,WI,"1,700,891",.,8.27
2002,11,WV,"779,195",.,6.43
2002,11,WY,"188,598",.,6.90
2002,10,AK,"154,545",.,12.01
2002,10,AL,"2,241,182",.,7.14
2002,10,AR,"1,270,944",.,6.87
2002,10,AZ,"2,097,304",.,8.99
2002,10,CA,"6,669,266",.,11.98
2002,10,CO,"1,169,126",.,7.91
2002,10,CT,"875,799",.,11.20
2002,10,DC,"100,390",.,6.20
2002,10,DE,"282,532",.,8.65
2002,10,FL,"9,834,248",.,8.14
2002,10,GA,"3,623,857",.,7.55
2002,10,HI,"249,961",.,16.13
2002,10,IA,"886,007",.,8.40
2002,10,ID,"517,120",.,6.77
2002,10,IL,"2,840,558",.,8.61
2002,10,IN,"2,186,978",.,7.41
2002,10,KS,"878,400",.,7.67
2002,10,KY,"1,618,063",.,5.84
2002,10,LA,"2,543,553",.,7.22
2002,10,MA,"1,366,241",.,10.87
2002,10,MD,"1,706,034",.,7.67
2002,10,ME,"286,981",.,13.59
2002,10,MI,"2,483,706",.,8.02
2002,10,MN,"1,566,408",.,7.21
2002,10,MO,"2,064,805",.,6.62
2002,10,MS,"1,476,101",.,7.25
2002,10,MT,"285,685",.,7.63
2002,10,NC,"3,561,938",.,8.63
2002,10,ND,"276,521",.,6.61
2002,10,NE,"605,085",.,6.72
2002,10,NH,"301,806",.,12.77
2002,10,NJ,"1,876,354",.,9.86
2002,10,NM,"401,134",.,8.94
2002,10,NV,"554,584",.,9.66
2002,10,NY,"3,480,954",.,13.87
2002,10,OH,"3,454,287",.,8.36
2002,10,OK,"1,422,914",.,7.10
2002,10,OR,"1,163,496",.,6.98
2002,10,PA,"3,548,239",.,9.87
2002,10,RI,"199,277",.,10.50
2002,10,SC,"1,996,530",.,7.78
2002,10,SD,"253,549",.,7.70
2002,10,TN,"2,703,718",.,6.52
2002,10,TX,"9,625,065",.,7.51
2002,10,UT,"498,333",.,6.85
2002,10,VA,"2,702,002",.,7.80
2002,10,VT,"155,449",.,12.93
2002,10,WA,"2,114,791",.,6.24
2002,10,WI,"1,526,196",.,8.23
2002,10,WV,"674,556",.,6.48
2002,10,WY,"158,772",.,7.81
2002,9,AK,"142,148",.,12.16
2002,9,AL,"2,926,615",.,7.28
2002,9,AR,"1,761,894",.,7.59
2002,9,AZ,"2,866,614",.,8.79
2002,9,CA,"6,989,757",.,11.61
2002,9,CO,"1,337,896",.,7.73
2002,9,CT,"957,394",.,10.91
2002,9,DC,"182,682",.,8.59
2002,9,DE,"383,858",.,9.40
2002,9,FL,"10,862,626",.,8.09
2002,9,GA,"4,714,537",.,8.02
2002,9,HI,"245,292",.,15.73
2002,9,IA,"1,109,896",.,8.83
2002,9,ID,"416,189",.,6.81
2002,9,IL,"3,694,892",.,8.92
2002,9,IN,"2,728,552",.,7.02
2002,9,KS,"1,280,959",.,8.13
2002,9,KY,"2,237,075",.,5.80
2002,9,LA,"3,182,955",.,7.45
2002,9,MA,"1,607,843",.,10.68
2002,9,MD,"2,110,434",.,8.35
2002,9,ME,"297,893",.,13.75
2002,9,MI,"2,924,378",.,8.48
2002,9,MN,"1,746,962",.,7.63
2002,9,MO,"2,939,505",.,7.23
2002,9,MS,"2,008,550",.,7.48
2002,9,MT,"273,767",.,7.86
2002,9,NC,"4,552,701",.,8.46
2002,9,ND,"261,457",.,7.22
2002,9,NE,"766,182",.,7.58
2002,9,NH,"307,479",.,11.60
2002,9,NJ,"2,524,784",.,10.77
2002,9,NM,"479,605",.,8.78
2002,9,NV,"928,241",.,9.74
2002,9,NY,"4,354,500",.,14.42
2002,9,OH,"4,155,694",.,8.60
2002,9,OK,"2,206,853",.,7.37
2002,9,OR,"1,111,812",.,7.16
2002,9,PA,"4,081,602",.,10.04
2002,9,RI,"242,699",.,10.20
2002,9,SC,"2,598,872",.,7.76
2002,9,SD,"297,338",.,7.93
2002,9,TN,"3,861,919",.,6.36
2002,9,TX,"12,497,615",.,8.04
2002,9,UT,"510,805",.,7.16
2002,9,VA,"3,361,476",.,8.03
2002,9,VT,"164,185",.,12.95
2002,9,WA,"1,902,357",.,6.22
2002,9,WI,"1,752,949",.,8.22
2002,9,WV,"835,349",.,6.25
2002,9,WY,"145,395",.,7.69
2002,8,AK,"135,105",.,12.40
2002,8,AL,"3,347,771",.,7.34
2002,8,AR,"1,776,155",.,7.50
2002,8,AZ,"3,287,334",.,8.78
2002,8,CA,"7,479,019",.,12.92
2002,8,CO,"1,507,361",.,7.54
2002,8,CT,"1,276,595",.,11.02
2002,8,DC,"264,166",.,9.48
2002,8,DE,"461,695",.,9.33
2002,8,FL,"11,140,690",.,8.09
2002,8,GA,"5,612,382",.,8.24
2002,8,HI,"257,274",.,15.75
2002,8,IA,"1,366,929",.,8.85
2002,8,ID,"483,242",.,7.08
2002,8,IL,"5,227,400",.,8.89
2002,8,IN,"3,356,694",.,6.86
2002,8,KS,"1,633,296",.,8.14
2002,8,KY,"2,719,094",.,5.78
2002,8,LA,"3,190,017",.,7.46
2002,8,MA,"1,993,255",.,10.56
2002,8,MD,"2,813,180",.,8.52
2002,8,ME,"391,510",.,12.46
2002,8,MI,"3,639,118",.,8.63
2002,8,MN,"2,035,480",.,7.96
2002,8,MO,"3,501,740",.,7.92
2002,8,MS,"1,992,229",.,7.52
2002,8,MT,"312,455",.,7.88
2002,8,NC,"5,364,051",.,8.35
2002,8,ND,"272,779",.,7.23
2002,8,NE,"980,648",.,7.66
2002,8,NH,"381,760",.,11.42
2002,8,NJ,"3,224,170",.,11.02
2002,8,NM,"531,446",.,8.86
2002,8,NV,"1,328,471",.,8.38
2002,8,NY,"5,124,027",.,14.16
2002,8,OH,"5,380,792",.,8.73
2002,8,OK,"2,470,232",.,7.10
2002,8,OR,"1,160,982",.,7.23
2002,8,PA,"4,921,646",.,10.21
2002,8,RI,"311,700",.,10.42
2002,8,SC,"2,991,949",.,7.79
2002,8,SD,"359,603",.,7.88
2002,8,TN,"4,118,935",.,6.34
2002,8,TX,"14,121,434",.,8.07
2002,8,UT,"710,000",.,7.15
2002,8,VA,"4,037,905",.,8.31
2002,8,VT,"187,855",.,12.89
2002,8,WA,"1,896,980",.,6.33
2002,8,WI,"2,117,585",.,8.16
2002,8,WV,"970,348",.,6.24
2002,8,WY,"165,985",.,7.39
2002,7,AK,"131,376",.,12.50
2002,7,AL,"3,301,865",.,7.39
2002,7,AR,"1,622,298",.,7.72
2002,7,AZ,"3,297,105",.,8.65
2002,7,CA,"7,486,783",.,13.28
2002,7,CO,"1,568,652",.,7.38
2002,7,CT,"1,319,756",.,11.14
2002,7,DC,"154,387",.,9.21
2002,7,DE,"420,626",.,9.36
2002,7,FL,"10,256,204",.,8.07
2002,7,GA,"5,381,083",.,8.16
2002,7,HI,"245,611",.,15.73
2002,7,IA,"1,554,532",.,8.79
2002,7,ID,"551,900",.,6.96
2002,7,IL,"5,814,414",.,8.95
2002,7,IN,"3,561,545",.,6.75
2002,7,KS,"1,610,114",.,8.40
2002,7,KY,"2,705,293",.,5.77
2002,7,LA,"2,996,812",.,7.67
2002,7,MA,"1,815,380",.,10.75
2002,7,MD,"2,667,494",.,8.69
2002,7,ME,"374,382",.,12.91
2002,7,MI,"4,023,650",.,8.67
2002,7,MN,"2,344,048",.,7.98
2002,7,MO,"3,650,234",.,8.05
2002,7,MS,"1,901,346",.,7.73
2002,7,MT,"347,505",.,7.68
2002,7,NC,"5,123,332",.,8.36
2002,7,ND,"299,763",.,7.23
2002,7,NE,"1,035,328",.,7.76
2002,7,NH,"369,738",.,12.25
2002,7,NJ,"3,253,773",.,11.14
2002,7,NM,"527,790",.,8.84
2002,7,NV,"1,378,486",.,9.52
2002,7,NY,"4,765,009",.,14.19
2002,7,OH,"5,754,357",.,8.84
2002,7,OK,"2,307,741",.,7.41
2002,7,OR,"1,174,800",.,7.14
2002,7,PA,"4,865,361",.,10.27
2002,7,RI,"301,575",.,9.56
2002,7,SC,"2,782,636",.,7.84
2002,7,SD,"386,716",.,7.90
2002,7,TN,"3,889,084",.,6.35
2002,7,TX,"13,743,458",.,8.49
2002,7,UT,"817,245",.,7.20
2002,7,VA,"4,227,883",.,8.34
2002,7,VT,"170,943",.,13.05
2002,7,WA,"2,017,504",.,6.31
2002,7,WI,"2,353,611",.,8.13
2002,7,WV,"876,140",.,6.25
2002,7,WY,"168,133",.,7.54
2002,6,AK,"131,533",.,12.57
2002,6,AL,"2,648,414",.,7.32
2002,6,AR,"1,218,769",.,7.80
2002,6,AZ,"2,562,150",.,8.97
2002,6,CA,"5,981,943",.,12.87
2002,6,CO,"1,234,089",.,7.74
2002,6,CT,"926,561",.,11.16
2002,6,DC,"167,168",.,9.10
2002,6,DE,"299,285",.,9.47
2002,6,FL,"9,557,896",.,7.61
2002,6,GA,"4,339,784",.,8.09
2002,6,HI,"239,885",.,15.70
2002,6,IA,"1,119,937",.,8.97
2002,6,ID,"483,788",.,7.03
2002,6,IL,"3,930,166",.,8.93
2002,6,IN,"2,581,751",.,7.08
2002,6,KS,"1,255,218",.,7.80
2002,6,KY,"2,149,430",.,5.85
2002,6,LA,"2,564,290",.,7.69
2002,6,MA,"1,364,735",.,10.92
2002,6,MD,"2,211,409",.,8.72
2002,6,ME,"307,958",.,13.07
2002,6,MI,"2,812,818",.,8.56
2002,6,MN,"1,673,396",.,8.37
2002,6,MO,"2,892,286",.,8.22
2002,6,MS,"1,556,577",.,7.76
2002,6,MT,"286,241",.,7.35
2002,6,NC,"4,061,599",.,8.14
2002,6,ND,"239,698",.,7.25
2002,6,NE,"765,708",.,7.40
2002,6,NH,"289,361",.,11.68
2002,6,NJ,"2,330,522",.,11.01
2002,6,NM,"442,973",.,8.86
2002,6,NV,"1,069,331",.,9.90
2002,6,NY,"3,524,380",.,14.01
2002,6,OH,"4,202,733",.,8.65
2002,6,OK,"1,727,730",.,7.51
2002,6,OR,"1,155,409",.,7.16
2002,6,PA,"3,845,447",.,10.34
2002,6,RI,"202,150",.,10.65
2002,6,SC,"2,245,657",.,7.89
2002,6,SD,"278,486",.,8.06
2002,6,TN,"3,110,148",.,6.52
2002,6,TX,"12,333,342",.,8.50
2002,6,UT,"588,889",.,6.98
2002,6,VA,"3,368,566",.,8.36
2002,6,VT,"153,481",.,12.92
2002,6,WA,"2,100,651",.,6.39
2002,6,WI,"1,796,648",.,8.44
2002,6,WV,"690,510",.,6.53
2002,6,WY,"149,098",.,7.20
2002,5,AK,"145,038",.,12.51
2002,5,AL,"2,181,617",.,7.22
2002,5,AR,"1,016,088",.,7.41
2002,5,AZ,"1,858,684",.,9.37
2002,5,CA,"5,637,427",.,12.82
2002,5,CO,"1,091,843",.,7.83
2002,5,CT,"837,405",.,11.24
2002,5,DC,"163,190",.,7.94
2002,5,DE,"252,653",.,8.71
2002,5,FL,"8,811,621",.,8.10
2002,5,GA,"3,385,674",.,7.72
2002,5,HI,"238,614",.,15.39
2002,5,IA,"822,838",.,8.51
2002,5,ID,"490,681",.,6.57
2002,5,IL,"2,713,486",.,8.78
2002,5,IN,"1,929,154",.,7.54
2002,5,KS,"824,391",.,7.79
2002,5,KY,"1,516,514",.,5.94
2002,5,LA,"2,212,225",.,7.10
2002,5,MA,"1,305,676",.,10.66
2002,5,MD,"1,601,125",.,8.12
2002,5,ME,"310,238",.,12.97
2002,5,MI,"2,325,406",.,8.10
2002,5,MN,"1,349,928",.,7.51
2002,5,MO,"1,853,324",.,7.72
2002,5,MS,"1,339,868",.,7.54
2002,5,MT,"284,400",.,7.08
2002,5,NC,"3,357,084",.,8.26
2002,5,ND,"246,490",.,6.63
2002,5,NE,"571,204",.,6.71
2002,5,NH,"278,448",.,12.17
2002,5,NJ,"1,736,827",.,10.62
2002,5,NM,"359,825",.,9.25
2002,5,NV,"565,704",.,9.82
2002,5,NY,"3,255,847",.,13.30
2002,5,OH,"3,155,582",.,9.04
2002,5,OK,"1,271,976",.,6.69
2002,5,OR,"1,313,207",.,7.10
2002,5,PA,"3,140,572",.,9.93
2002,5,RI,"202,332",.,10.01
2002,5,SC,"1,812,979",.,7.90
2002,5,SD,"246,753",.,7.57
2002,5,TN,"2,411,902",.,6.58
2002,5,TX,"8,813,195",.,8.15
2002,5,UT,"486,516",.,6.80
2002,5,VA,"2,598,542",.,8.17
2002,5,VT,"149,570",.,12.57
2002,5,WA,"2,495,968",.,6.39
2002,5,WI,"1,475,787",.,8.32
2002,5,WV,"716,402",.,6.43
2002,5,WY,"156,716",.,7.15
2002,4,AK,"163,041",.,12.22
2002,4,AL,"1,792,472",.,7.38
2002,4,AR,"994,781",.,7.14
2002,4,AZ,"1,520,687",.,7.69
2002,4,CA,"5,889,416",.,12.05
2002,4,CO,"1,046,432",.,7.20
2002,4,CT,"876,027",.,11.07
2002,4,DC,"105,133",.,6.82
2002,4,DE,"279,172",.,8.43
2002,4,FL,"7,409,512",.,8.44
2002,4,GA,"3,026,136",.,7.53
2002,4,HI,"230,830",.,14.93
2002,4,IA,"873,191",.,8.16
2002,4,ID,"507,624",.,6.09
2002,4,IL,"3,004,530",.,8.31
2002,4,IN,"2,091,828",.,7.19
2002,4,KS,"768,338",.,7.44
2002,4,KY,"1,608,132",.,5.71
2002,4,LA,"1,705,616",.,6.54
2002,4,MA,"1,304,841",.,11.40
2002,4,MD,"1,728,782",.,7.23
2002,4,ME,"317,888",.,12.63
2002,4,MI,"2,422,287",.,8.03
2002,4,MN,"1,402,368",.,7.22
2002,4,MO,"2,043,920",.,6.63
2002,4,MS,"1,093,869",.,7.38
2002,4,MT,"322,386",.,6.88
2002,4,NC,"3,206,351",.,8.25
2002,4,ND,"287,276",.,6.10
2002,4,NE,"604,085",.,6.17
2002,4,NH,"296,049",.,12.43
2002,4,NJ,"1,804,945",.,10.25
2002,4,NM,"354,493",.,8.37
2002,4,NV,"582,140",.,9.50
2002,4,NY,"3,329,310",.,12.69
2002,4,OH,"3,446,887",.,8.18
2002,4,OK,"1,220,942",.,6.18
2002,4,OR,"1,492,105",.,7.20
2002,4,PA,"3,476,608",.,9.54
2002,4,RI,"200,303",.,10.41
2002,4,SC,"1,638,449",.,7.95
2002,4,SD,"288,406",.,7.21
2002,4,TN,"2,571,912",.,6.51
2002,4,TX,"7,450,886",.,7.98
2002,4,UT,"467,440",.,6.61
2002,4,VA,"2,590,807",.,7.77
2002,4,VT,"148,611",.,12.81
2002,4,WA,"2,916,128",.,6.30
2002,4,WI,"1,550,831",.,8.08
2002,4,WV,"766,254",.,6.26
2002,4,WY,"187,151",.,6.77
2002,3,AK,"173,115",.,12.23
2002,3,AL,"2,240,338",.,7.03
2002,3,AR,"1,145,271",.,7.00
2002,3,AZ,"1,641,836",.,7.46
2002,3,CA,"5,781,695",.,12.58
2002,3,CO,"1,242,553",.,6.95
2002,3,CT,"1,004,657",.,10.94
2002,3,DC,"128,102",.,6.76
2002,3,DE,"305,399",.,8.17
2002,3,FL,"7,275,218",.,8.53
2002,3,GA,"3,405,472",.,7.35
2002,3,HI,"231,399",.,14.73
2002,3,IA,"985,179",.,7.89
2002,3,ID,"711,488",.,6.13
2002,3,IL,"3,352,770",.,8.03
2002,3,IN,"2,503,127",.,6.92
2002,3,KS,"871,960",.,7.11
2002,3,KY,"2,018,843",.,5.48
2002,3,LA,"1,889,671",.,6.33
2002,3,MA,"1,478,568",.,11.10
2002,3,MD,"1,975,964",.,7.00
2002,3,ME,"270,843",.,16.06
2002,3,MI,"2,649,011",.,8.04
2002,3,MN,"1,594,387",.,7.11
2002,3,MO,"2,363,357",.,6.46
2002,3,MS,"1,261,779",.,6.78
2002,3,MT,"385,312",.,6.74
2002,3,NC,"3,740,045",.,8.08
2002,3,ND,"353,282",.,5.83
2002,3,NE,"739,824",.,5.98
2002,3,NH,"321,785",.,11.58
2002,3,NJ,"1,906,784",.,9.70
2002,3,NM,"407,591",.,7.76
2002,3,NV,"687,062",.,9.34
2002,3,NY,"3,527,318",.,12.81
2002,3,OH,"4,119,899",.,7.78
2002,3,OK,"1,386,572",.,5.96
2002,3,OR,"1,801,270",.,7.21
2002,3,PA,"3,906,719",.,9.37
2002,3,RI,"227,841",.,9.29
2002,3,SC,"1,965,889",.,7.66
2002,3,SD,"323,067",.,6.89
2002,3,TN,"3,058,152",.,6.37
2002,3,TX,"7,798,513",.,7.79
2002,3,UT,"544,236",.,6.35
2002,3,VA,"3,100,765",.,7.51
2002,3,VT,"168,224",.,12.78
2002,3,WA,"3,499,624",.,6.31
2002,3,WI,"1,701,670",.,8.02
2002,3,WV,"916,354",.,6.14
2002,3,WY,"228,866",.,6.51
2002,2,AK,"187,163",.,11.59
2002,2,AL,"1,974,586",.,6.96
2002,2,AR,"1,190,823",.,7.03
2002,2,AZ,"1,810,845",.,7.17
2002,2,CA,"6,149,996",.,12.58
2002,2,CO,"1,292,773",.,6.93
2002,2,CT,"934,699",.,10.86
2002,2,DC,"94,343",.,7.72
2002,2,DE,"318,376",.,8.09
2002,2,FL,"7,341,849",.,8.57
2002,2,GA,"3,426,991",.,7.38
2002,2,HI,"211,556",.,14.89
2002,2,IA,"963,905",.,7.91
2002,2,ID,"738,638",.,6.44
2002,2,IL,"3,250,843",.,8.02
2002,2,IN,"2,455,164",.,6.82
2002,2,KS,"826,431",.,7.07
2002,2,KY,"2,001,859",.,5.51
2002,2,LA,"1,937,461",.,6.42
2002,2,MA,"1,542,401",.,10.90
2002,2,MD,"2,024,081",.,7.03
2002,2,ME,"302,245",.,11.65
2002,2,MI,"2,442,236",.,8.04
2002,2,MN,"1,534,998",.,7.21
2002,2,MO,"2,429,464",.,6.37
2002,2,MS,"1,267,617",.,6.75
2002,2,MT,"353,912",.,6.93
2002,2,NC,"4,004,343",.,8.04
2002,2,ND,"341,704",.,5.83
2002,2,NE,"709,544",.,5.94
2002,2,NH,"318,157",.,11.32
2002,2,NJ,"1,836,238",.,9.74
2002,2,NM,"427,162",.,7.41
2002,2,NV,"633,981",.,9.47
2002,2,NY,"3,601,793",.,13.00
2002,2,OH,"3,685,376",.,7.84
2002,2,OK,"1,427,864",.,6.04
2002,2,OR,"1,828,691",.,7.08
2002,2,PA,"3,757,510",.,9.47
2002,2,RI,"211,777",.,10.28
2002,2,SC,"2,038,835",.,7.65
2002,2,SD,"318,529",.,6.94
2002,2,TN,"3,272,228",.,6.34
2002,2,TX,"8,831,124",.,7.98
2002,2,UT,"527,876",.,6.34
2002,2,VA,"3,264,938",.,7.48
2002,2,VT,"176,378",.,12.35
2002,2,WA,"3,571,474",.,6.31
2002,2,WI,"1,635,759",.,8.06
2002,2,WV,"950,107",.,6.06
2002,2,WY,"216,292",.,6.53
2002,1,AK,"210,288",.,11.55
2002,1,AL,"2,966,510",.,6.54
2002,1,AR,"1,389,847",.,6.80
2002,1,AZ,"2,153,421",.,7.01
2002,1,CA,"7,311,527",.,13.03
2002,1,CO,"1,379,362",.,6.84
2002,1,CT,"1,199,718",.,10.65
2002,1,DC,"141,744",.,7.03
2002,1,DE,"378,864",.,7.89
2002,1,FL,"9,173,711",.,8.38
2002,1,GA,"4,355,889",.,7.04
2002,1,HI,"246,228",.,14.90
2002,1,IA,"1,142,515",.,7.65
2002,1,ID,"793,077",.,6.56
2002,1,IL,"4,071,047",.,7.53
2002,1,IN,"2,934,298",.,6.48
2002,1,KS,"1,044,942",.,6.91
2002,1,KY,"2,607,481",.,5.26
2002,1,LA,"2,287,820",.,6.27
2002,1,MA,"1,678,025",.,11.65
2002,1,MD,"2,239,633",.,6.92
2002,1,ME,"418,191",.,10.66
2002,1,MI,"3,103,449",.,8.09
2002,1,MN,"1,804,494",.,7.05
2002,1,MO,"2,893,346",.,6.16
2002,1,MS,"1,542,008",.,6.50
2002,1,MT,"428,623",.,6.83
2002,1,NC,"5,028,808",.,7.80
2002,1,ND,"386,428",.,5.64
2002,1,NE,"774,514",.,5.70
2002,1,NH,"388,441",.,11.91
2002,1,NJ,"2,207,850",.,9.66
2002,1,NM,"489,110",.,8.16
2002,1,NV,"757,247",.,9.41
2002,1,NY,"4,077,941",.,12.95
2002,1,OH,"5,127,376",.,7.59
2002,1,OK,"1,739,813",.,5.65
2002,1,OR,"2,082,019",.,7.10
2002,1,PA,"4,688,127",.,9.21
2002,1,RI,"257,978",.,10.34
2002,1,SC,"2,627,674",.,7.38
2002,1,SD,"353,592",.,6.72
2002,1,TN,"3,802,926",.,6.26
2002,1,TX,"10,223,755",.,8.11
2002,1,UT,"670,935",.,6.66
2002,1,VA,"4,042,931",.,7.15
2002,1,VT,"202,460",.,12.67
2002,1,WA,"3,709,947",.,6.34
2002,1,WI,"1,944,871",.,7.86
2002,1,WV,"1,164,231",.,6.00
2002,1,WY,"246,770",.,6.33
2001,12,AK,"207,588",.,12.05
2001,12,AL,"1,989,562",.,6.97
2001,12,AR,"1,061,967",.,7.40
2001,12,AZ,"1,888,131",.,7.26
2001,12,CA,"6,782,495",.,12.26
2001,12,CO,"1,302,645",.,7.63
2001,12,CT,"1,151,143",.,10.75
2001,12,DC,"121,325",.,7.17
2001,12,DE,"264,013",.,8.44
2001,12,FL,"7,157,459",.,8.58
2001,12,GA,"3,214,866",.,7.05
2001,12,HI,"240,114",.,15.24
2001,12,IA,"1,062,758",.,7.78
2001,12,ID,"801,542",.,6.51
2001,12,IL,"3,752,102",.,7.93
2001,12,IN,"2,538,590",.,6.79
2001,12,KS,"879,768",.,6.99
2001,12,KY,"1,932,224",.,5.54
2001,12,LA,"1,682,778",.,6.38
2001,12,MA,"1,564,787",.,11.96
2001,12,MD,"1,981,660",.,7.01
2001,12,ME,"382,581",.,12.85
2001,12,MI,"2,783,038",.,7.88
2001,12,MN,"1,727,585",.,7.02
2001,12,MO,"2,480,331",.,6.37
2001,12,MS,"1,138,443",.,6.99
2001,12,MT,"369,891",.,6.95
2001,12,NC,"3,338,330",.,8.06
2001,12,ND,"347,147",.,5.87
2001,12,NE,"711,478",.,6.04
2001,12,NH,"332,534",.,12.01
2001,12,NJ,"1,961,872",.,9.68
2001,12,NM,"422,854",.,8.46
2001,12,NV,"717,600",.,9.24
2001,12,NY,"3,659,810",.,13.25
2001,12,OH,"4,063,811",.,7.69
2001,12,OK,"1,450,927",.,6.02
2001,12,OR,"1,843,723",.,7.15
2001,12,PA,"4,020,775",.,9.43
2001,12,RI,"235,779",.,11.40
2001,12,SC,"1,696,453",.,7.73
2001,12,SD,"307,997",.,7.00
2001,12,TN,"2,690,835",.,6.55
2001,12,TX,"7,804,903",.,8.23
2001,12,UT,"618,959",.,6.33
2001,12,VA,"3,118,739",.,7.50
2001,12,VT,"179,150",.,12.61
2001,12,WA,"3,280,096",.,6.23
2001,12,WI,"1,835,209",.,7.95
2001,12,WV,"872,913",.,6.25
2001,12,WY,"212,776",.,6.55
2001,11,AK,"174,870",.,12.38
2001,11,AL,"1,707,822",.,7.16
2001,11,AR,"838,555",.,7.50
2001,11,AZ,"1,584,348",.,7.17
2001,11,CA,"5,768,259",.,12.12
2001,11,CO,"1,051,458",.,7.11
2001,11,CT,"901,044",.,11.04
2001,11,DC,"121,796",.,6.91
2001,11,DE,"246,262",.,8.58
2001,11,FL,"7,030,169",.,8.70
2001,11,GA,"2,797,984",.,7.36
2001,11,HI,"231,958",.,15.89
2001,11,IA,"1,009,817",.,7.84
2001,11,ID,"587,388",.,6.52
2001,11,IL,"2,499,060",.,8.05
2001,11,IN,"1,987,398",.,7.32
2001,11,KS,"689,862",.,7.09
2001,11,KY,"1,552,395",.,5.67
2001,11,LA,"1,539,496",.,6.59
2001,11,MA,"1,310,860",.,12.74
2001,11,MD,"1,638,013",.,7.13
2001,11,ME,"320,521",.,12.68
2001,11,MI,"2,323,214",.,8.10
2001,11,MN,"1,420,183",.,7.27
2001,11,MO,"1,810,370",.,6.63
2001,11,MS,"985,571",.,7.13
2001,11,MT,"300,062",.,7.10
2001,11,NC,"3,077,128",.,8.23
2001,11,ND,"266,377",.,6.31
2001,11,NE,"553,861",.,6.31
2001,11,NH,"290,823",.,11.73
2001,11,NJ,"1,722,445",.,9.79
2001,11,NM,"341,721",.,8.61
2001,11,NV,"473,215",.,9.45
2001,11,NY,"3,258,001",.,13.53
2001,11,OH,"3,319,205",.,7.95
2001,11,OK,"1,074,152",.,6.15
2001,11,OR,"1,449,622",.,7.08
2001,11,PA,"3,333,145",.,9.63
2001,11,RI,"196,389",.,11.56
2001,11,SC,"1,581,297",.,7.78
2001,11,SD,"260,507",.,7.38
2001,11,TN,"2,355,859",.,6.51
2001,11,TX,"6,741,298",.,8.40
2001,11,UT,"463,958",.,6.50
2001,11,VA,"2,583,500",.,7.74
2001,11,VT,"157,953",.,12.67
2001,11,WA,"2,516,474",.,6.14
2001,11,WI,"1,499,431",.,7.90
2001,11,WV,"692,477",.,6.41
2001,11,WY,"169,125",.,6.94
2001,10,AK,"147,185",.,12.93
2001,10,AL,"1,781,137",.,7.29
2001,10,AR,"1,047,761",.,7.49
2001,10,AZ,"2,219,555",.,8.95
2001,10,CA,"6,555,547",.,12.49
2001,10,CO,"1,128,898",.,7.74
2001,10,CT,"802,298",.,11.34
2001,10,DC,"100,293",.,6.68
2001,10,DE,"245,939",.,8.74
2001,10,FL,"8,048,975",.,8.70
2001,10,GA,"2,964,980",.,7.79
2001,10,HI,"237,917",.,16.31
2001,10,IA,"819,716",.,8.52
2001,10,ID,"472,758",.,6.29
2001,10,IL,"2,570,265",.,8.78
2001,10,IN,"2,051,325",.,7.43
2001,10,KS,"711,127",.,7.65
2001,10,KY,"1,468,469",.,5.79
2001,10,LA,"2,041,302",.,7.82
2001,10,MA,"1,315,199",.,12.85
2001,10,MD,"1,583,288",.,7.41
2001,10,ME,"285,907",.,13.97
2001,10,MI,"2,282,886",.,8.04
2001,10,MN,"1,372,310",.,7.32
2001,10,MO,"1,837,841",.,6.86
2001,10,MS,"1,215,505",.,7.13
2001,10,MT,"264,268",.,7.27
2001,10,NC,"3,006,996",.,8.67
2001,10,ND,"239,801",.,6.91
2001,10,NE,"559,502",.,6.57
2001,10,NH,"283,255",.,12.68
2001,10,NJ,"1,798,718",.,9.76
2001,10,NM,"388,961",.,9.29
2001,10,NV,"675,957",.,9.16
2001,10,NY,"3,264,368",.,14.22
2001,10,OH,"3,196,770",.,8.35
2001,10,OK,"1,219,765",.,6.66
2001,10,OR,"1,149,809",.,6.69
2001,10,PA,"3,205,000",.,9.95
2001,10,RI,"200,692",.,11.68
2001,10,SC,"1,603,628",.,7.97
2001,10,SD,"233,427",.,7.77
2001,10,TN,"2,370,618",.,6.46
2001,10,TX,"8,940,046",.,9.11
2001,10,UT,"523,060",.,6.44
2001,10,VA,"2,416,728",.,8.03
2001,10,VT,"150,746",.,13.07
2001,10,WA,"2,097,075",.,5.82
2001,10,WI,"1,504,048",.,8.00
2001,10,WV,"655,636",.,6.56
2001,10,WY,"162,329",.,7.08
2001,9,AK,"136,744",.,12.20
2001,9,AL,"2,555,748",.,7.01
2001,9,AR,"1,592,311",.,8.07
2001,9,AZ,"2,836,723",.,8.81
2001,9,CA,"6,391,074",.,12.87
2001,9,CO,"1,295,818",.,8.13
2001,9,CT,"896,358",.,11.14
2001,9,DC,"118,041",.,8.37
2001,9,DE,"350,975",.,9.34
2001,9,FL,"10,518,350",.,8.82
2001,9,GA,"4,148,705",.,7.94
2001,9,HI,"239,861",.,16.37
2001,9,IA,"906,055",.,8.78
2001,9,ID,"421,238",.,6.32
2001,9,IL,"3,470,125",.,9.21
2001,9,IN,"2,168,805",.,7.65
2001,9,KS,"886,177",.,8.15
2001,9,KY,"1,973,245",.,5.72
2001,9,LA,"2,753,990",.,7.55
2001,9,MA,"1,414,147",.,12.97
2001,9,MD,"1,823,759",.,8.46
2001,9,ME,"276,421",.,14.30
2001,9,MI,"2,376,146",.,8.37
2001,9,MN,"1,502,001",.,7.69
2001,9,MO,"2,539,474",.,7.22
2001,9,MS,"1,756,963",.,7.77
2001,9,MT,"286,383",.,7.28
2001,9,NC,"4,279,871",.,8.35
2001,9,ND,"238,323",.,7.47
2001,9,NE,"733,104",.,7.37
2001,9,NH,"285,465",.,11.26
2001,9,NJ,"2,244,336",.,10.98
2001,9,NM,"459,285",.,9.19
2001,9,NV,"977,339",.,9.28
2001,9,NY,"4,041,795",.,14.23
2001,9,OH,"3,445,047",.,8.78
2001,9,OK,"1,899,717",.,7.00
2001,9,OR,"1,072,386",.,6.29
2001,9,PA,"3,589,393",.,9.97
2001,9,RI,"215,736",.,12.37
2001,9,SC,"2,429,894",.,7.68
2001,9,SD,"280,482",.,7.97
2001,9,TN,"3,527,065",.,6.27
2001,9,TX,"12,910,811",.,9.27
2001,9,UT,"572,552",.,6.82
2001,9,VA,"2,802,341",.,8.07
2001,9,VT,"154,172",.,12.79
2001,9,WA,"1,806,901",.,5.79
2001,9,WI,"1,493,318",.,8.03
2001,9,WV,"711,802",.,6.28
2001,9,WY,"136,422",.,8.19
2001,8,AK,"129,590",.,12.79
2001,8,AL,"3,070,820",.,7.08
2001,8,AR,"1,870,759",.,8.11
2001,8,AZ,"3,116,466",.,8.84
2001,8,CA,"7,301,669",.,12.80
2001,8,CO,"1,417,966",.,7.45
2001,8,CT,"1,215,655",.,11.15
2001,8,DC,"167,507",.,8.91
2001,8,DE,"379,267",.,9.32
2001,8,FL,"10,270,435",.,8.77
2001,8,GA,"5,137,824",.,8.48
2001,8,HI,"247,853",.,16.48
2001,8,IA,"1,445,612",.,8.86
2001,8,ID,"523,501",.,6.40
2001,8,IL,"5,399,061",.,9.35
2001,8,IN,"3,201,404",.,6.72
2001,8,KS,"1,602,159",.,8.34
2001,8,KY,"2,577,846",.,5.59
2001,8,LA,"3,099,603",.,7.56
2001,8,MA,"1,786,009",.,12.62
2001,8,MD,"2,487,609",.,8.76
2001,8,ME,"360,074",.,13.04
2001,8,MI,"3,745,626",.,8.69
2001,8,MN,"2,196,219",.,8.31
2001,8,MO,"3,451,875",.,7.92
2001,8,MS,"2,017,383",.,7.89
2001,8,MT,"321,491",.,7.35
2001,8,NC,"4,684,493",.,8.35
2001,8,ND,"283,679",.,7.46
2001,8,NE,"1,007,380",.,7.40
2001,8,NH,"354,821",.,11.97
2001,8,NJ,"3,055,184",.,10.91
2001,8,NM,"503,982",.,9.07
2001,8,NV,"1,231,090",.,9.68
2001,8,NY,"4,420,472",.,14.61
2001,8,OH,"5,084,125",.,8.86
2001,8,OK,"2,721,157",.,8.01
2001,8,OR,"1,132,458",.,6.37
2001,8,PA,"4,525,240",.,10.25
2001,8,RI,"283,460",.,11.64
2001,8,SC,"2,657,931",.,7.75
2001,8,SD,"370,206",.,7.90
2001,8,TN,"3,795,967",.,6.24
2001,8,TX,"14,770,517",.,9.53
2001,8,UT,"717,011",.,6.98
2001,8,VA,"3,840,148",.,8.41
2001,8,VT,"176,541",.,12.89
2001,8,WA,"1,865,398",.,5.87
2001,8,WI,"2,166,202",.,7.93
2001,8,WV,"847,232",.,6.30
2001,8,WY,"169,386",.,7.28
2001,7,AK,"128,153",.,12.42
2001,7,AL,"3,111,696",.,7.05
2001,7,AR,"1,650,883",.,8.06
2001,7,AZ,"3,052,180",.,8.84
2001,7,CA,"6,755,691",.,13.05
2001,7,CO,"1,424,623",.,7.31
2001,7,CT,"1,075,252",.,11.00
2001,7,DC,"192,818",.,9.18
2001,7,DE,"373,269",.,9.32
2001,7,FL,"10,116,047",.,8.76
2001,7,GA,"4,923,590",.,8.40
2001,7,HI,"247,504",.,16.62
2001,7,IA,"1,409,004",.,8.78
2001,7,ID,"474,507",.,6.35
2001,7,IL,"4,594,074",.,9.42
2001,7,IN,"3,020,790",.,6.88
2001,7,KS,"1,743,294",.,8.16
2001,7,KY,"2,345,120",.,5.69
2001,7,LA,"2,907,569",.,7.83
2001,7,MA,"1,596,441",.,13.24
2001,7,MD,"2,224,802",.,8.65
2001,7,ME,"339,398",.,13.01
2001,7,MI,"3,313,070",.,8.63
2001,7,MN,"2,116,986",.,8.26
2001,7,MO,"3,393,703",.,8.04
2001,7,MS,"1,861,327",.,7.82
2001,7,MT,"320,372",.,7.32
2001,7,NC,"4,550,674",.,8.31
2001,7,ND,"283,426",.,7.24
2001,7,NE,"952,933",.,7.44
2001,7,NH,"328,445",.,12.66
2001,7,NJ,"2,678,532",.,11.03
2001,7,NM,"492,232",.,8.94
2001,7,NV,"1,179,507",.,9.25
2001,7,NY,"4,220,175",.,14.99
2001,7,OH,"4,808,920",.,9.01
2001,7,OK,"2,482,070",.,7.96
2001,7,OR,"1,103,938",.,6.26
2001,7,PA,"3,961,300",.,10.32
2001,7,RI,"239,095",.,12.97
2001,7,SC,"2,522,941",.,7.70
2001,7,SD,"342,377",.,8.06
2001,7,TN,"3,440,695",.,6.28
2001,7,TX,"13,128,231",.,9.55
2001,7,UT,"713,461",.,6.90
2001,7,VA,"3,434,988",.,8.34
2001,7,VT,"165,408",.,13.06
2001,7,WA,"1,921,028",.,5.64
2001,7,WI,"2,089,778",.,7.93
2001,7,WV,"795,216",.,6.38
2001,7,WY,"159,897",.,7.23
2001,6,AK,"129,996",.,12.31
2001,6,AL,"2,461,648",.,7.14
2001,6,AR,"1,244,362",.,8.30
2001,6,AZ,"2,571,914",.,9.04
2001,6,CA,"6,286,687",.,12.87
2001,6,CO,"1,104,477",.,8.18
2001,6,CT,"945,064",.,11.06
2001,6,DC,"160,848",.,8.97
2001,6,DE,"267,824",.,9.44
2001,6,FL,"9,176,736",.,8.20
2001,6,GA,"3,829,835",.,8.37
2001,6,HI,"226,752",.,16.38
2001,6,IA,"996,773",.,8.95
2001,6,ID,"400,813",.,6.58
2001,6,IL,"3,200,664",.,9.43
2001,6,IN,"2,313,476",.,7.21
2001,6,KS,"1,147,847",.,7.79
2001,6,KY,"1,814,156",.,5.75
2001,6,LA,"2,389,403",.,8.80
2001,6,MA,"1,468,433",.,12.57
2001,6,MD,"2,061,973",.,8.56
2001,6,ME,"301,769",.,13.31
2001,6,MI,"2,714,062",.,8.52
2001,6,MN,"1,560,839",.,8.20
2001,6,MO,"2,445,540",.,8.15
2001,6,MS,"1,522,866",.,7.81
2001,6,MT,"274,101",.,7.20
2001,6,NC,"3,691,121",.,8.19
2001,6,ND,"214,264",.,7.46
2001,6,NE,"650,338",.,7.44
2001,6,NH,"296,843",.,12.08
2001,6,NJ,"2,292,851",.,10.86
2001,6,NM,"411,596",.,9.13
2001,6,NV,"1,069,104",.,9.23
2001,6,NY,"3,468,904",.,14.41
2001,6,OH,"3,561,752",.,9.28
2001,6,OK,"1,788,729",.,8.03
2001,6,OR,"1,154,897",.,6.35
2001,6,PA,"3,489,225",.,10.63
2001,6,RI,"217,433",.,12.57
2001,6,SC,"2,094,673",.,7.80
2001,6,SD,"248,574",.,8.25
2001,6,TN,"2,755,611",.,6.37
2001,6,TX,"10,686,071",.,9.63
2001,6,UT,"558,225",.,7.05
2001,6,VA,"3,071,606",.,8.46
2001,6,VT,"152,212",.,13.01
2001,6,WA,"2,063,708",.,5.67
2001,6,WI,"1,660,559",.,8.12
2001,6,WV,"650,550",.,6.55
2001,6,WY,"139,589",.,7.19
2001,5,AK,"139,193",.,12.13
2001,5,AL,"1,945,314",.,7.23
2001,5,AR,"951,217",.,8.00
2001,5,AZ,"1,983,740",.,9.41
2001,5,CA,"5,541,028",.,11.97
2001,5,CO,"1,008,523",.,7.84
2001,5,CT,"775,912",.,11.20
2001,5,DC,"115,769",.,8.77
2001,5,DE,"231,331",.,8.69
2001,5,FL,"6,995,791",.,8.93
2001,5,GA,"3,091,007",.,7.82
2001,5,HI,"229,170",.,16.30
2001,5,IA,"810,328",.,9.13
2001,5,ID,"468,589",.,6.48
2001,5,IL,"2,724,446",.,9.20
2001,5,IN,"1,893,080",.,7.30
2001,5,KS,"844,431",.,7.86
2001,5,KY,"1,536,165",.,5.75
2001,5,LA,"1,878,379",.,8.33
2001,5,MA,"1,251,549",.,12.47
2001,5,MD,"1,581,567",.,8.46
2001,5,ME,"255,104",.,14.24
2001,5,MI,"2,233,682",.,8.16
2001,5,MN,"1,322,275",.,7.87
2001,5,MO,"1,999,478",.,7.42
2001,5,MS,"1,146,134",.,7.76
2001,5,MT,"266,187",.,6.94
2001,5,NC,"3,004,071",.,8.22
2001,5,ND,"230,881",.,6.81
2001,5,NE,"558,840",.,6.44
2001,5,NH,"269,802",.,11.58
2001,5,NJ,"1,677,709",.,9.92
2001,5,NM,"349,889",.,9.24
2001,5,NV,"781,660",.,9.21
2001,5,NY,"3,090,920",.,14.01
2001,5,OH,"3,108,430",.,8.93
2001,5,OK,"1,258,614",.,7.73
2001,5,OR,"1,296,982",.,6.18
2001,5,PA,"3,030,812",.,9.98
2001,5,RI,"195,945",.,12.38
2001,5,SC,"1,626,681",.,7.79
2001,5,SD,"236,066",.,7.76
2001,5,TN,"2,367,965",.,6.46
2001,5,TX,"7,840,343",.,8.91
2001,5,UT,"462,010",.,7.13
2001,5,VA,"2,349,075",.,8.17
2001,5,VT,"144,276",.,12.59
2001,5,WA,"2,438,889",.,5.74
2001,5,WI,"1,408,654",.,8.09
2001,5,WV,"634,240",.,6.53
2001,5,WY,"149,011",.,6.85
2001,4,AK,"155,222",.,11.98
2001,4,AL,"1,886,082",.,7.34
2001,4,AR,"954,641",.,8.00
2001,4,AZ,"1,404,356",.,8.09
2001,4,CA,"5,395,783",.,11.14
2001,4,CO,"997,275",.,7.46
2001,4,CT,"872,418",.,10.87
2001,4,DC,"108,247",.,6.68
2001,4,DE,"278,407",.,8.25
2001,4,FL,"6,919,498",.,8.84
2001,4,GA,"2,948,651",.,7.40
2001,4,HI,"219,727",.,16.19
2001,4,IA,"823,620",.,8.66
2001,4,ID,"535,517",.,5.51
2001,4,IL,"2,760,593",.,8.81
2001,4,IN,"1,934,990",.,7.10
2001,4,KS,"755,467",.,7.58
2001,4,KY,"1,611,068",.,5.64
2001,4,LA,"1,614,184",.,8.64
2001,4,MA,"1,340,544",.,12.49
2001,4,MD,"1,795,394",.,7.17
2001,4,ME,"320,698",.,12.32
2001,4,MI,"2,185,404",.,8.08
2001,4,MN,"1,266,434",.,7.36
2001,4,MO,"1,936,292",.,6.55
2001,4,MS,"1,072,630",.,7.42
2001,4,MT,"309,581",.,6.31
2001,4,NC,"3,341,507",.,8.00
2001,4,ND,"267,264",.,6.28
2001,4,NE,"589,692",.,6.01
2001,4,NH,"279,614",.,13.93
2001,4,NJ,"1,739,082",.,9.90
2001,4,NM,"334,979",.,8.75
2001,4,NV,"569,060",.,9.34
2001,4,NY,"3,251,181",.,13.44
2001,4,OH,"3,278,867",.,8.38
2001,4,OK,"1,154,237",.,7.71
2001,4,OR,"1,510,451",.,6.05
2001,4,PA,"3,503,667",.,9.38
2001,4,RI,"197,802",.,13.17
2001,4,SC,"1,695,897",.,7.69
2001,4,SD,"268,749",.,7.23
2001,4,TN,"2,651,463",.,6.36
2001,4,TX,"7,033,397",.,8.52
2001,4,UT,"442,681",.,6.90
2001,4,VA,"2,565,637",.,7.62
2001,4,VT,"153,487",.,12.04
2001,4,WA,"2,853,568",.,5.72
2001,4,WI,"1,445,123",.,8.02
2001,4,WV,"757,174",.,6.22
2001,4,WY,"166,479",.,6.61
2001,3,AK,"161,376",.,12.21
2001,3,AL,"1,919,162",.,7.38
2001,3,AR,"1,056,675",.,7.42
2001,3,AZ,"1,690,146",.,7.40
2001,3,CA,"6,527,290",.,11.29
2001,3,CO,"1,159,501",.,7.03
2001,3,CT,"1,054,435",.,10.60
2001,3,DC,"136,367",.,6.65
2001,3,DE,"329,686",.,7.93
2001,3,FL,"6,793,984",.,8.51
2001,3,GA,"3,084,917",.,7.48
2001,3,HI,"229,724",.,16.58
2001,3,IA,"947,845",.,8.06
2001,3,ID,"650,393",.,5.41
2001,3,IL,"3,226,525",.,8.33
2001,3,IN,"2,407,571",.,6.73
2001,3,KS,"849,560",.,7.44
2001,3,KY,"1,914,805",.,5.50
2001,3,LA,"1,570,677",.,9.17
2001,3,MA,"1,628,801",.,12.08
2001,3,MD,"2,119,295",.,6.99
2001,3,ME,"350,322",.,12.64
2001,3,MI,"2,656,751",.,8.08
2001,3,MN,"1,476,587",.,7.31
2001,3,MO,"2,312,871",.,6.42
2001,3,MS,"1,080,763",.,7.14
2001,3,MT,"358,423",.,6.35
2001,3,NC,"3,535,048",.,8.02
2001,3,ND,"325,569",.,5.86
2001,3,NE,"696,928",.,5.70
2001,3,NH,"343,675",.,13.08
2001,3,NJ,"1,968,493",.,9.79
2001,3,NM,"386,791",.,8.24
2001,3,NV,"572,954",.,8.94
2001,3,NY,"3,682,958",.,13.58
2001,3,OH,"4,034,498",.,7.99
2001,3,OK,"1,325,776",.,7.45
2001,3,OR,"1,780,770",.,5.91
2001,3,PA,"4,124,787",.,9.29
2001,3,RI,"240,933",.,12.04
2001,3,SC,"1,729,480",.,7.76
2001,3,SD,"312,194",.,6.89
2001,3,TN,"2,818,070",.,6.32
2001,3,TX,"7,293,281",.,8.39
2001,3,UT,"501,788",.,6.57
2001,3,VA,"3,259,745",.,7.49
2001,3,VT,"179,800",.,12.40
2001,3,WA,"3,236,920",.,5.71
2001,3,WI,"1,625,655",.,7.78
2001,3,WV,"918,017",.,6.21
2001,3,WY,"216,004",.,6.20
2001,2,AK,"175,443",.,11.39
2001,2,AL,"2,109,814",.,6.66
2001,2,AR,"1,215,750",.,7.11
2001,2,AZ,"1,790,024",.,7.13
2001,2,CA,"6,126,173",.,11.14
2001,2,CO,"1,158,036",.,7.15
2001,2,CT,"985,469",.,10.23
2001,2,DC,"155,062",.,6.90
2001,2,DE,"350,371",.,7.80
2001,2,FL,"7,891,735",.,8.29
2001,2,GA,"3,397,624",.,7.28
2001,2,HI,"204,313",.,16.73
2001,2,IA,"1,000,831",.,7.94
2001,2,ID,"720,679",.,5.36
2001,2,IL,"3,346,876",.,8.25
2001,2,IN,"2,503,738",.,6.67
2001,2,KS,"867,337",.,7.09
2001,2,KY,"2,052,240",.,5.54
2001,2,LA,"1,869,902",.,8.52
2001,2,MA,"1,491,987",.,12.03
2001,2,MD,"2,214,309",.,6.88
2001,2,ME,"322,891",.,12.84
2001,2,MI,"2,512,965",.,8.12
2001,2,MN,"1,627,715",.,7.26
2001,2,MO,"2,726,882",.,6.11
2001,2,MS,"1,299,798",.,6.69
2001,2,MT,"374,377",.,6.46
2001,2,NC,"4,136,460",.,7.77
2001,2,ND,"388,929",.,5.75
2001,2,NE,"771,159",.,5.60
2001,2,NH,"319,132",.,13.02
2001,2,NJ,"2,014,652",.,9.34
2001,2,NM,"425,306",.,8.01
2001,2,NV,"603,205",.,7.93
2001,2,NY,"3,701,674",.,13.93
2001,2,OH,"4,011,779",.,7.87
2001,2,OK,"1,440,974",.,6.76
2001,2,OR,"1,874,702",.,5.81
2001,2,PA,"4,133,944",.,9.01
2001,2,RI,"218,353",.,12.02
2001,2,SC,"2,169,510",.,7.49
2001,2,SD,"343,688",.,6.76
2001,2,TN,"3,528,141",.,6.23
2001,2,TX,"8,755,310",.,8.02
2001,2,UT,"535,262",.,6.83
2001,2,VA,"3,368,694",.,7.24
2001,2,VT,"187,051",.,12.53
2001,2,WA,"3,560,284",.,5.51
2001,2,WI,"1,694,668",.,7.67
2001,2,WV,"988,543",.,6.03
2001,2,WY,"213,908",.,6.25
2001,1,AK,"206,108",.,11.22
2001,1,AL,"3,263,403",.,6.33
2001,1,AR,"1,619,065",.,6.88
2001,1,AZ,"2,062,589",.,6.99
2001,1,CA,"7,235,934",.,10.89
2001,1,CO,"1,421,031",.,6.71
2001,1,CT,"1,299,569",.,10.70
2001,1,DC,"200,794",.,7.16
2001,1,DE,"416,649",.,7.61
2001,1,FL,"10,457,915",.,8.14
2001,1,GA,"4,840,229",.,6.75
2001,1,HI,"247,576",.,16.94
2001,1,IA,"1,197,314",.,7.65
2001,1,ID,"848,622",.,5.21
2001,1,IL,"4,276,215",.,7.53
2001,1,IN,"3,398,506",.,6.08
2001,1,KS,"1,085,300",.,6.81
2001,1,KY,"2,920,583",.,5.14
2001,1,LA,"2,453,050",.,7.97
2001,1,MA,"1,814,776",.,11.86
2001,1,MD,"2,782,427",.,6.74
2001,1,ME,"387,254",.,12.96
2001,1,MI,"3,177,954",.,8.08
2001,1,MN,"1,810,552",.,7.03
2001,1,MO,"3,233,671",.,5.87
2001,1,MS,"1,758,278",.,6.45
2001,1,MT,"441,088",.,6.44
2001,1,NC,"5,555,018",.,7.53
2001,1,ND,"394,149",.,5.60
2001,1,NE,"852,994",.,5.26
2001,1,NH,"404,881",.,13.52
2001,1,NJ,"2,337,549",.,9.62
2001,1,NM,"481,883",.,7.98
2001,1,NV,"756,177",.,7.55
2001,1,NY,"4,175,334",.,13.89
2001,1,OH,"5,432,959",.,7.59
2001,1,OK,"1,979,737",.,6.53
2001,1,OR,"2,133,258",.,5.68
2001,1,PA,"5,112,702",.,8.74
2001,1,RI,"257,442",.,11.96
2001,1,SC,"3,066,259",.,7.36
2001,1,SD,"376,151",.,6.52
2001,1,TN,"4,629,247",.,6.11
2001,1,TX,"11,438,570",.,7.68
2001,1,UT,"584,016",.,6.17
2001,1,VA,"4,514,030",.,6.84
2001,1,VT,"208,606",.,12.47
2001,1,WA,"3,968,130",.,4.95
2001,1,WI,"1,995,253",.,7.46
2001,1,WV,"1,304,381",.,5.90
2001,1,WY,"250,606",.,6.01
2000,12,AK,"188,256",.,11.64
2000,12,AL,"2,748,170",.,6.62
2000,12,AR,"1,277,472",.,7.30
2000,12,AZ,"1,839,252",.,7.24
2000,12,CA,"6,701,133",.,11.37
2000,12,CO,"1,388,799",.,6.62
2000,12,CT,"1,244,120",.,10.95
2000,12,DC,"161,562",.,7.23
2000,12,DE,"340,098",.,8.38
2000,12,FL,"7,877,799",.,7.79
2000,12,GA,"4,175,728",.,6.68
2000,12,HI,"237,534",.,17.37
2000,12,IA,"1,208,665",.,7.21
2000,12,ID,"919,452",.,5.32
2000,12,IL,"4,162,798",.,7.75
2000,12,IN,"3,233,522",.,6.11
2000,12,KS,"1,082,484",.,7.09
2000,12,KY,"2,735,051",.,4.92
2000,12,LA,"2,100,316",.,8.03
2000,12,MA,"1,746,586",.,10.69
2000,12,MD,"2,617,613",.,6.72
2000,12,ME,"408,449",.,11.56
2000,12,MI,"2,974,172",.,8.53
2000,12,MN,"1,890,059",.,7.30
2000,12,MO,"3,235,158",.,5.84
2000,12,MS,"1,396,013",.,6.57
2000,12,MT,"452,052",.,6.54
2000,12,NC,"4,592,655",.,7.60
2000,12,ND,"419,432",.,5.72
2000,12,NE,"840,436",.,5.69
2000,12,NH,"364,153",.,13.22
2000,12,NJ,"2,151,761",.,10.17
2000,12,NM,"441,802",.,8.24
2000,12,NV,"703,821",.,7.93
2000,12,NY,"3,880,097",.,13.98
2000,12,OH,"5,202,966",.,7.69
2000,12,OK,"1,702,407",.,6.89
2000,12,OR,"2,125,696",.,5.81
2000,12,PA,"4,531,598",.,9.36
2000,12,RI,"241,402",.,12.52
2000,12,SC,"2,357,361",.,7.10
2000,12,SD,"378,481",.,6.90
2000,12,TN,"3,760,202",.,6.10
2000,12,TX,"8,902,227",.,7.86
2000,12,UT,"648,887",.,6.25
2000,12,VA,"4,237,908",.,6.95
2000,12,VT,"206,038",.,13.18
2000,12,WA,"3,688,422",.,4.76
2000,12,WI,"2,042,171",.,7.34
2000,12,WV,"1,134,518",.,6.04
2000,12,WY,"244,614",.,5.99
2000,11,AK,"165,011",.,11.94
2000,11,AL,"1,815,647",.,6.98
2000,11,AR,"930,343",.,7.28
2000,11,AZ,"1,563,813",.,7.31
2000,11,CA,"5,844,927",.,10.94
2000,11,CO,"1,059,129",.,7.33
2000,11,CT,"879,571",.,10.94
2000,11,DC,"116,337",.,6.89
2000,11,DE,"259,777",.,8.49
2000,11,FL,"6,762,289",.,8.00
2000,11,GA,"2,895,170",.,7.23
2000,11,HI,"227,316",.,17.14
2000,11,IA,"839,405",.,8.16
2000,11,ID,"634,515",.,5.50
2000,11,IL,"2,863,991",.,8.47
2000,11,IN,"2,159,157",.,7.16
2000,11,KS,"804,322",.,7.00
2000,11,KY,"1,632,845",.,5.51
2000,11,LA,"1,763,331",.,8.10
2000,11,MA,"1,366,756",.,10.82
2000,11,MD,"1,810,703",.,7.01
2000,11,ME,"310,153",.,11.71
2000,11,MI,"2,303,422",.,8.23
2000,11,MN,"1,465,710",.,7.30
2000,11,MO,"2,056,164",.,6.48
2000,11,MS,"1,087,605",.,6.78
2000,11,MT,"335,807",.,6.47
2000,11,NC,"2,952,358",.,8.13
2000,11,ND,"295,617",.,6.19
2000,11,NE,"581,670",.,6.15
2000,11,NH,"293,120",.,12.65
2000,11,NJ,"1,757,261",.,10.00
2000,11,NM,"363,729",.,8.52
2000,11,NV,"555,185",.,8.02
2000,11,NY,"3,196,737",.,13.94
2000,11,OH,"3,392,164",.,8.58
2000,11,OK,"1,198,711",.,6.53
2000,11,OR,"1,612,929",.,6.01
2000,11,PA,"3,400,809",.,9.31
2000,11,RI,"197,029",.,12.12
2000,11,SC,"1,589,175",.,7.59
2000,11,SD,"276,117",.,7.38
2000,11,TN,"2,458,363",.,6.41
2000,11,TX,"7,662,498",.,7.74
2000,11,UT,"480,515",.,6.18
2000,11,VA,"2,816,487",.,7.43
2000,11,VT,"167,351",.,12.49
2000,11,WA,"2,853,624",.,5.13
2000,11,WI,"1,509,063",.,7.63
2000,11,WV,"735,460",.,6.46
2000,11,WY,"183,044",.,6.43
2000,10,AK,"145,878",.,11.89
2000,10,AL,"1,789,688",.,7.09
2000,10,AR,"1,154,212",.,7.63
2000,10,AZ,"2,024,775",.,9.03
2000,10,CA,"6,364,379",.,10.99
2000,10,CO,"1,063,059",.,7.52
2000,10,CT,"824,286",.,11.08
2000,10,DC,"110,716",.,7.35
2000,10,DE,"243,578",.,8.62
2000,10,FL,"8,379,854",.,7.95
2000,10,GA,"2,946,200",.,7.60
2000,10,HI,"237,923",.,16.65
2000,10,IA,"819,310",.,9.05
2000,10,ID,"509,342",.,5.55
2000,10,IL,"2,658,995",.,9.05
2000,10,IN,"1,899,850",.,7.41
2000,10,KS,"855,082",.,8.11
2000,10,KY,"1,472,669",.,5.68
2000,10,LA,"2,261,167",.,8.79
2000,10,MA,"1,262,021",.,10.95
2000,10,MD,"1,571,539",.,7.12
2000,10,ME,"299,348",.,11.51
2000,10,MI,"2,186,320",.,8.10
2000,10,MN,"1,344,121",.,7.40
2000,10,MO,"1,866,282",.,6.74
2000,10,MS,"1,314,114",.,7.28
2000,10,MT,"285,278",.,6.57
2000,10,NC,"3,046,198",.,8.39
2000,10,ND,"243,175",.,6.75
2000,10,NE,"604,743",.,6.10
2000,10,NH,"274,992",.,13.18
2000,10,NJ,"1,632,877",.,9.71
2000,10,NM,"378,999",.,8.52
2000,10,NV,"644,996",.,7.66
2000,10,NY,"3,154,700",.,14.12
2000,10,OH,"3,168,367",.,8.76
2000,10,OK,"1,400,940",.,7.82
2000,10,OR,"1,224,462",.,6.11
2000,10,PA,"3,101,136",.,9.37
2000,10,RI,"191,225",.,11.63
2000,10,SC,"1,539,081",.,7.61
2000,10,SD,"238,652",.,7.79
2000,10,TN,"2,438,812",.,6.46
2000,10,TX,"10,128,357",.,8.67
2000,10,UT,"479,803",.,6.46
2000,10,VA,"2,344,975",.,7.63
2000,10,VT,"150,407",.,11.74
2000,10,WA,"2,190,941",.,5.21
2000,10,WI,"1,550,063",.,7.73
2000,10,WV,"638,884",.,6.46
2000,10,WY,"154,449",.,7.13
2000,9,AK,"134,047",.,11.68
2000,9,AL,"2,690,152",.,7.08
2000,9,AR,"1,794,887",.,7.81
2000,9,AZ,"2,621,957",.,8.85
2000,9,CA,"7,019,216",.,10.82
2000,9,CO,"1,218,483",.,6.94
2000,9,CT,"907,003",.,10.40
2000,9,DC,"116,884",.,8.22
2000,9,DE,"295,443",.,8.91
2000,9,FL,"10,111,922",.,7.90
2000,9,GA,"3,922,447",.,7.89
2000,9,HI,"230,637",.,16.71
2000,9,IA,"1,020,407",.,8.24
2000,9,ID,"440,747",.,5.62
2000,9,IL,"3,485,957",.,9.34
2000,9,IN,"2,250,395",.,6.94
2000,9,KS,"1,290,245",.,8.19
2000,9,KY,"1,839,175",.,5.61
2000,9,LA,"3,198,820",.,8.40
2000,9,MA,"1,343,624",.,11.15
2000,9,MD,"1,733,352",.,8.47
2000,9,ME,"330,667",.,11.97
2000,9,MI,"2,565,735",.,8.65
2000,9,MN,"1,540,711",.,7.62
2000,9,MO,"2,613,393",.,7.25
2000,9,MS,"2,000,682",.,7.08
2000,9,MT,"275,553",.,6.85
2000,9,NC,"3,888,775",.,8.25
2000,9,ND,"233,539",.,7.20
2000,9,NE,"779,564",.,7.07
2000,9,NH,"241,845",.,13.51
2000,9,NJ,"2,207,939",.,10.33
2000,9,NM,"452,591",.,8.40
2000,9,NV,"798,882",.,7.45
2000,9,NY,"3,752,236",.,14.52
2000,9,OH,"3,559,640",.,9.17
2000,9,OK,"2,395,597",.,7.59
2000,9,OR,"1,126,661",.,6.08
2000,9,PA,"3,521,075",.,9.84
2000,9,RI,"211,592",.,11.55
2000,9,SC,"2,267,036",.,7.75
2000,9,SD,"277,072",.,7.76
2000,9,TN,"3,416,441",.,6.33
2000,9,TX,"14,441,128",.,8.49
2000,9,UT,"506,995",.,6.41
2000,9,VA,"2,845,276",.,7.79
2000,9,VT,"151,058",.,11.78
2000,9,WA,"1,976,376",.,5.10
2000,9,WI,"1,622,175",.,7.58
2000,9,WV,"718,947",.,6.37
2000,9,WY,"145,768",.,6.97
2000,8,AK,"128,544",.,11.48
2000,8,AL,"3,209,690",.,7.49
2000,8,AR,"1,831,050",.,7.81
2000,8,AZ,"3,149,226",.,8.84
2000,8,CA,"8,308,496",.,11.36
2000,8,CO,"1,487,241",.,8.20
2000,8,CT,"1,017,205",.,11.11
2000,8,DC,"151,339",.,9.08
2000,8,DE,"325,983",.,8.91
2000,8,FL,"10,353,272",.,7.91
2000,8,GA,"5,003,696",.,8.33
2000,8,HI,"244,567",.,16.59
2000,8,IA,"1,341,387",.,8.96
2000,8,ID,"567,914",.,5.59
2000,8,IL,"4,247,741",.,9.48
2000,8,IN,"2,873,955",.,6.97
2000,8,KS,"1,758,912",.,8.25
2000,8,KY,"2,302,811",.,5.70
2000,8,LA,"3,440,118",.,8.19
2000,8,MA,"1,550,536",.,10.61
2000,8,MD,"2,073,370",.,8.49
2000,8,ME,"351,204",.,12.13
2000,8,MI,"3,028,658",.,8.63
2000,8,MN,"1,903,880",.,8.03
2000,8,MO,"3,376,660",.,8.14
2000,8,MS,"2,107,793",.,7.16
2000,8,MT,"308,231",.,6.55
2000,8,NC,"4,539,127",.,8.28
2000,8,ND,"269,318",.,7.07
2000,8,NE,"889,643",.,7.49
2000,8,NH,"310,184",.,13.18
2000,8,NJ,"2,543,500",.,10.72
2000,8,NM,"498,040",.,8.49
2000,8,NV,"1,258,351",.,7.04
2000,8,NY,"4,039,139",.,14.77
2000,8,OH,"4,337,818",.,9.21
2000,8,OK,"2,604,049",.,7.56
2000,8,OR,"1,205,345",.,6.08
2000,8,PA,"4,037,030",.,9.98
2000,8,RI,"245,110",.,10.43
2000,8,SC,"2,627,986",.,7.77
2000,8,SD,"320,979",.,7.73
2000,8,TN,"3,688,603",.,6.38
2000,8,TX,"14,577,190",.,8.33
2000,8,UT,"768,708",.,6.19
2000,8,VA,"3,420,927",.,8.12
2000,8,VT,"159,111",.,11.30
2000,8,WA,"2,073,828",.,5.15
2000,8,WI,"1,913,610",.,7.55
2000,8,WV,"769,515",.,6.36
2000,8,WY,"159,749",.,7.02
2000,7,AK,"123,707",.,11.68
2000,7,AL,"3,358,558",.,7.49
2000,7,AR,"1,631,857",.,7.73
2000,7,AZ,"2,959,331",.,8.90
2000,7,CA,"7,052,093",.,11.12
2000,7,CO,"1,217,670",.,7.33
2000,7,CT,"1,000,782",.,11.10
2000,7,DC,"177,281",.,10.23
2000,7,DE,"337,627",.,9.08
2000,7,FL,"10,388,470",.,7.89
2000,7,GA,"5,213,510",.,8.35
2000,7,HI,"238,526",.,16.30
2000,7,IA,"1,262,277",.,8.92
2000,7,ID,"476,326",.,5.70
2000,7,IL,"4,237,373",.,9.56
2000,7,IN,"2,745,000",.,6.86
2000,7,KS,"1,532,699",.,8.01
2000,7,KY,"2,331,781",.,5.68
2000,7,LA,"3,269,434",.,7.61
2000,7,MA,"1,493,591",.,10.81
2000,7,MD,"2,404,174",.,9.29
2000,7,ME,"355,707",.,12.54
2000,7,MI,"2,788,702",.,8.59
2000,7,MN,"1,846,576",.,8.00
2000,7,MO,"3,090,948",.,8.08
2000,7,MS,"1,996,202",.,7.12
2000,7,MT,"312,242",.,6.56
2000,7,NC,"4,791,733",.,8.33
2000,7,ND,"255,665",.,7.10
2000,7,NE,"835,929",.,7.53
2000,7,NH,"305,971",.,13.70
2000,7,NJ,"2,585,532",.,11.23
2000,7,NM,"470,289",.,8.47
2000,7,NV,"1,245,450",.,6.86
2000,7,NY,"3,972,803",.,15.40
2000,7,OH,"4,313,646",.,9.13
2000,7,OK,"2,231,645",.,7.38
2000,7,OR,"1,157,717",.,6.05
2000,7,PA,"4,070,925",.,9.96
2000,7,RI,"227,006",.,11.22
2000,7,SC,"2,780,043",.,7.75
2000,7,SD,"300,176",.,7.80
2000,7,TN,"3,732,570",.,6.37
2000,7,TX,"13,236,930",.,8.28
2000,7,UT,"684,306",.,6.62
2000,7,VA,"3,488,855",.,8.04
2000,7,VT,"159,371",.,11.70
2000,7,WA,"2,041,629",.,5.17
2000,7,WI,"1,781,767",.,7.56
2000,7,WV,"805,767",.,6.27
2000,7,WY,"146,284",.,7.11
2000,6,AK,"129,768",.,11.58
2000,6,AL,"2,828,757",.,7.15
2000,6,AR,"1,229,807",.,7.83
2000,6,AZ,"2,489,640",.,9.09
2000,6,CA,"6,985,338",.,11.12
2000,6,CO,"1,077,638",.,7.46
2000,6,CT,"928,970",.,11.15
2000,6,DC,"160,887",.,9.84
2000,6,DE,"286,339",.,9.12
2000,6,FL,"9,663,255",.,7.57
2000,6,GA,"4,399,506",.,8.12
2000,6,HI,"225,193",.,16.32
2000,6,IA,"958,710",.,8.79
2000,6,ID,"445,319",.,5.75
2000,6,IL,"3,283,280",.,9.51
2000,6,IN,"2,346,787",.,7.17
2000,6,KS,"1,134,304",.,7.75
2000,6,KY,"1,975,351",.,5.84
2000,6,LA,"2,702,340",.,7.40
2000,6,MA,"1,395,003",.,10.99
2000,6,MD,"2,031,161",.,9.47
2000,6,ME,"332,697",.,12.31
2000,6,MI,"2,607,230",.,8.57
2000,6,MN,"1,407,212",.,7.80
2000,6,MO,"2,659,419",.,8.22
2000,6,MS,"1,620,645",.,7.06
2000,6,MT,"261,134",.,6.65
2000,6,NC,"4,175,083",.,7.87
2000,6,ND,"209,315",.,7.27
2000,6,NE,"647,195",.,7.79
2000,6,NH,"273,895",.,13.21
2000,6,NJ,"2,219,681",.,11.25
2000,6,NM,"415,230",.,8.51
2000,6,NV,"1,069,105",.,6.85
2000,6,NY,"3,529,350",.,14.22
2000,6,OH,"3,868,663",.,9.54
2000,6,OK,"1,764,013",.,7.43
2000,6,OR,"1,192,374",.,6.00
2000,6,PA,"3,670,709",.,10.32
2000,6,RI,"192,798",.,11.89
2000,6,SC,"2,422,764",.,7.69
2000,6,SD,"244,666",.,7.95
2000,6,TN,"2,998,313",.,6.46
2000,6,TX,"11,071,200",.,8.11
2000,6,UT,"538,670",.,6.45
2000,6,VA,"3,216,451",.,8.03
2000,6,VT,"151,635",.,12.55
2000,6,WA,"2,165,901",.,5.14
2000,6,WI,"1,505,356",.,8.13
2000,6,WV,"736,101",.,6.44
2000,6,WY,"141,449",.,7.03
2000,5,AK,"135,992",.,11.59
2000,5,AL,"2,104,031",.,7.33
2000,5,AR,"900,924",.,7.58
2000,5,AZ,"1,915,707",.,9.04
2000,5,CA,"5,639,662",.,10.84
2000,5,CO,"965,087",.,7.46
2000,5,CT,"811,053",.,11.04
2000,5,DC,"118,840",.,8.46
2000,5,DE,"256,395",.,8.55
2000,5,FL,"7,284,516",.,7.65
2000,5,GA,"3,230,610",.,7.63
2000,5,HI,"229,231",.,16.27
2000,5,IA,"822,457",.,8.63
2000,5,ID,"436,636",.,5.44
2000,5,IL,"2,700,772",.,9.23
2000,5,IN,"1,834,652",.,7.38
2000,5,KS,"866,605",.,7.63
2000,5,KY,"1,523,888",.,5.65
2000,5,LA,"1,928,631",.,7.36
2000,5,MA,"1,255,508",.,10.81
2000,5,MD,"1,711,137",.,8.70
2000,5,ME,"321,683",.,11.42
2000,5,MI,"2,327,099",.,8.54
2000,5,MN,"1,285,570",.,7.75
2000,5,MO,"1,935,180",.,7.79
2000,5,MS,"1,136,544",.,7.33
2000,5,MT,"264,434",.,6.77
2000,5,NC,"3,216,915",.,8.03
2000,5,ND,"207,100",.,7.00
2000,5,NE,"539,998",.,6.58
2000,5,NH,"277,689",.,13.32
2000,5,NJ,"1,731,340",.,10.22
2000,5,NM,"355,330",.,8.51
2000,5,NV,"781,339",.,7.13
2000,5,NY,"3,148,177",.,13.54
2000,5,OH,"3,201,824",.,8.86
2000,5,OK,"1,262,887",.,6.89
2000,5,OR,"1,249,442",.,5.93
2000,5,PA,"3,182,308",.,9.58
2000,5,RI,"240,242",.,11.45
2000,5,SC,"1,711,041",.,7.79
2000,5,SD,"222,522",.,7.80
2000,5,TN,"2,344,738",.,6.51
2000,5,TX,"7,866,767",.,7.69
2000,5,UT,"449,953",.,6.21
2000,5,VA,"2,559,785",.,7.82
2000,5,VT,"144,830",.,11.72
2000,5,WA,"2,426,910",.,5.08
2000,5,WI,"1,479,138",.,7.65
2000,5,WV,"652,294",.,6.52
2000,5,WY,"140,683",.,6.70
2000,4,AK,"149,299",.,11.23
2000,4,AL,"1,631,559",.,7.21
2000,4,AR,"851,599",.,7.43
2000,4,AZ,"1,416,665",.,8.17
2000,4,CA,"5,441,945",.,10.16
2000,4,CO,"1,000,806",.,7.33
2000,4,CT,"808,948",.,11.01
2000,4,DC,"102,018",.,6.82
2000,4,DE,"251,621",.,8.44
2000,4,FL,"6,405,344",.,7.70
2000,4,GA,"2,583,076",.,7.36
2000,4,HI,"212,421",.,16.19
2000,4,IA,"809,823",.,8.44
2000,4,ID,"506,700",.,5.20
2000,4,IL,"2,528,976",.,8.94
2000,4,IN,"1,798,171",.,7.38
2000,4,KS,"683,732",.,7.50
2000,4,KY,"1,414,919",.,5.62
2000,4,LA,"1,576,632",.,6.95
2000,4,MA,"1,260,499",.,10.65
2000,4,MD,"1,525,410",.,7.91
2000,4,ME,"300,170",.,11.46
2000,4,MI,"2,105,343",.,8.55
2000,4,MN,"1,282,298",.,7.39
2000,4,MO,"1,627,197",.,6.77
2000,4,MS,"961,557",.,7.03
2000,4,MT,"304,770",.,6.01
2000,4,NC,"2,862,539",.,8.01
2000,4,ND,"251,823",.,6.46
2000,4,NE,"548,324",.,6.19
2000,4,NH,"271,143",.,13.44
2000,4,NJ,"1,675,432",.,9.63
2000,4,NM,"345,420",.,8.23
2000,4,NV,"530,364",.,7.37
2000,4,NY,"3,061,177",.,13.52
2000,4,OH,"3,019,271",.,8.82
2000,4,OK,"1,088,275",.,6.60
2000,4,OR,"1,422,450",.,5.86
2000,4,PA,"3,133,426",.,9.53
2000,4,RI,"192,556",.,14.29
2000,4,SC,"1,472,995",.,7.81
2000,4,SD,"242,683",.,7.37
2000,4,TN,"2,261,094",.,6.48
2000,4,TX,"6,456,319",.,7.56
2000,4,UT,"436,507",.,6.19
2000,4,VA,"2,267,341",.,7.63
2000,4,VT,"159,599",.,11.02
2000,4,WA,"2,738,745",.,5.16
2000,4,WI,"1,384,440",.,7.51
2000,4,WV,"661,103",.,6.42
2000,4,WY,"172,854",.,6.28
2000,3,AK,"159,728",.,11.40
2000,3,AL,"1,694,681",.,7.07
2000,3,AR,"922,674",.,7.12
2000,3,AZ,"1,543,327",.,7.90
2000,3,CA,"6,576,519",.,10.68
2000,3,CO,"1,104,068",.,7.24
2000,3,CT,"923,263",.,10.84
2000,3,DC,"108,280",.,6.64
2000,3,DE,"286,620",.,8.17
2000,3,FL,"6,321,147",.,7.71
2000,3,GA,"2,698,203",.,7.37
2000,3,HI,"224,918",.,16.08
2000,3,IA,"863,950",.,8.37
2000,3,ID,"606,793",.,5.13
2000,3,IL,"2,903,400",.,8.79
2000,3,IN,"2,074,426",.,7.07
2000,3,KS,"766,918",.,7.30
2000,3,KY,"1,599,466",.,5.51
2000,3,LA,"1,630,612",.,6.84
2000,3,MA,"1,473,805",.,9.94
2000,3,MD,"1,817,155",.,7.67
2000,3,ME,"281,853",.,12.92
2000,3,MI,"2,332,843",.,8.67
2000,3,MN,"1,389,092",.,7.24
2000,3,MO,"2,070,091",.,6.54
2000,3,MS,"998,427",.,6.86
2000,3,MT,"331,812",.,6.18
2000,3,NC,"3,085,723",.,7.95
2000,3,ND,"283,243",.,6.23
2000,3,NE,"619,689",.,6.01
2000,3,NH,"309,571",.,12.97
2000,3,NJ,"1,775,302",.,9.92
2000,3,NM,"369,300",.,8.31
2000,3,NV,"582,887",.,7.38
2000,3,NY,"3,506,008",.,13.33
2000,3,OH,"3,480,756",.,8.53
2000,3,OK,"1,140,577",.,6.35
2000,3,OR,"1,789,791",.,5.69
2000,3,PA,"3,601,031",.,9.29
2000,3,RI,"217,485",.,9.85
2000,3,SC,"1,641,845",.,7.66
2000,3,SD,"273,367",.,7.21
2000,3,TN,"2,518,145",.,6.38
2000,3,TX,"6,507,440",.,7.43
2000,3,UT,"496,726",.,6.66
2000,3,VA,"2,650,676",.,7.52
2000,3,VT,"177,308",.,12.55
2000,3,WA,"3,359,636",.,5.23
2000,3,WI,"1,557,376",.,7.43
2000,3,WV,"790,847",.,6.40
2000,3,WY,"185,530",.,6.19
2000,2,AK,"176,411",.,11.03
2000,2,AL,"2,318,484",.,6.45
2000,2,AR,"1,145,027",.,6.69
2000,2,AZ,"1,426,397",.,8.00
2000,2,CA,"6,281,952",.,10.50
2000,2,CO,"1,126,923",.,7.18
2000,2,CT,"1,019,191",.,10.39
2000,2,DC,"150,536",.,7.08
2000,2,DE,"342,129",.,7.86
2000,2,FL,"7,847,753",.,7.56
2000,2,GA,"3,614,322",.,6.89
2000,2,HI,"214,895",.,15.74
2000,2,IA,"917,194",.,8.09
2000,2,ID,"683,212",.,5.15
2000,2,IL,"3,244,497",.,8.17
2000,2,IN,"2,447,978",.,6.48
2000,2,KS,"819,048",.,7.01
2000,2,KY,"2,088,866",.,5.20
2000,2,LA,"1,851,903",.,6.51
2000,2,MA,"1,659,839",.,9.51
2000,2,MD,"2,239,927",.,7.33
2000,2,ME,"211,474",.,16.37
2000,2,MI,"2,443,505",.,8.57
2000,2,MN,"1,476,937",.,7.25
2000,2,MO,"2,336,822",.,6.10
2000,2,MS,"1,242,369",.,6.34
2000,2,MT,"362,927",.,6.36
2000,2,NC,"4,695,225",.,7.50
2000,2,ND,"334,500",.,5.88
2000,2,NE,"681,817",.,5.73
2000,2,NH,"332,707",.,12.86
2000,2,NJ,"2,038,763",.,9.54
2000,2,NM,"384,092",.,8.10
2000,2,NV,"539,732",.,7.45
2000,2,NY,"3,717,704",.,13.18
2000,2,OH,"3,948,892",.,7.92
2000,2,OK,"1,342,349",.,6.14
2000,2,OR,"1,903,365",.,5.70
2000,2,PA,"4,225,360",.,8.95
2000,2,RI,"252,111",.,9.07
2000,2,SC,"2,459,967",.,7.23
2000,2,SD,"305,535",.,6.96
2000,2,TN,"3,458,711",.,6.15
2000,2,TX,"7,759,588",.,7.05
2000,2,UT,"481,154",.,5.72
2000,2,VA,"3,424,994",.,6.98
2000,2,VT,"198,098",.,12.96
2000,2,WA,"3,617,050",.,5.26
2000,2,WI,"1,637,025",.,7.31
2000,2,WV,"936,427",.,5.94
2000,2,WY,"195,913",.,6.04
2000,1,AK,"218,327",.,10.73
2000,1,AL,"2,566,699",.,6.47
2000,1,AR,"1,200,924",.,6.66
2000,1,AZ,"1,893,887",.,7.43
2000,1,CA,"7,024,980",.,10.50
2000,1,CO,"1,320,030",.,7.04
2000,1,CT,"1,281,090",.,10.47
2000,1,DC,"149,420",.,6.94
2000,1,DE,"349,237",.,8.04
2000,1,FL,"7,609,983",.,7.55
2000,1,GA,"3,877,521",.,6.98
2000,1,HI,"241,456",.,15.49
2000,1,IA,"1,165,078",.,7.77
2000,1,ID,"779,535",.,5.10
2000,1,IL,"3,828,621",.,7.81
2000,1,IN,"2,984,649",.,6.28
2000,1,KS,"933,990",.,6.86
2000,1,KY,"2,457,651",.,5.11
2000,1,LA,"1,995,872",.,6.70
2000,1,MA,"1,754,541",.,9.91
2000,1,MD,"2,413,774",.,7.41
2000,1,ME,"233,397",.,16.57
2000,1,MI,"3,044,239",.,8.56
2000,1,MN,"1,797,198",.,7.01
2000,1,MO,"2,714,039",.,6.05
2000,1,MS,"1,330,859",.,6.24
2000,1,MT,"413,516",.,6.49
2000,1,NC,"4,690,186",.,7.57
2000,1,ND,"387,308",.,5.72
2000,1,NE,"777,027",.,5.56
2000,1,NH,"400,863",.,12.81
2000,1,NJ,"2,227,949",.,9.83
2000,1,NM,"462,251",.,8.01
2000,1,NV,"696,191",.,7.22
2000,1,NY,"4,059,443",.,12.90
2000,1,OH,"4,994,129",.,7.70
2000,1,OK,"1,508,781",.,5.74
2000,1,OR,"2,201,528",.,5.66
2000,1,PA,"4,532,388",.,9.03
2000,1,RI,"255,843",.,10.33
2000,1,SC,"2,400,821",.,7.38
2000,1,SD,"343,071",.,6.85
2000,1,TN,"3,546,152",.,6.11
2000,1,TX,"8,285,638",.,6.95
2000,1,UT,"541,283",.,6.04
2000,1,VA,"4,267,626",.,6.79
2000,1,VT,"212,129",.,13.60
2000,1,WA,"3,902,716",.,5.22
2000,1,WI,"1,947,162",.,7.18
2000,1,WV,"1,157,929",.,5.95
2000,1,WY,"232,195",.,5.95
1999,12,AK,"195,078",.,11.09
1999,12,AL,"2,007,296",.,7.29
1999,12,AR,"990,219",.,7.20
1999,12,AZ,"1,722,148",.,13.52
1999,12,CA,"6,404,673",.,10.67
1999,12,CO,"1,247,492",.,7.20
1999,12,CT,"1,136,195",.,10.81
1999,12,DC,"144,478",.,7.10
1999,12,DE,"294,772",.,8.30
1999,12,FL,"6,579,918",.,7.70
1999,12,GA,"3,331,781",.,6.60
1999,12,HI,"236,565",.,15.48
1999,12,IA,"1,024,474",.,8.50
1999,12,ID,"683,218",.,5.11
1999,12,IL,"3,639,223",.,8.09
1999,12,IN,"2,624,001",.,6.69
1999,12,KS,"910,275",.,7.01
1999,12,KY,"2,026,727",.,5.11
1999,12,LA,"1,614,330",.,7.00
1999,12,MA,"1,565,626",.,8.61
1999,12,MD,"2,192,370",.,7.40
1999,12,ME,"339,170",.,13.00
1999,12,MI,"2,637,971",.,8.51
1999,12,MN,"1,627,235",.,7.10
1999,12,MO,"2,441,675",.,6.01
1999,12,MS,"1,262,773",.,6.41
1999,12,MT,"399,509",.,6.79
1999,12,NC,"3,721,482",.,7.79
1999,12,ND,"341,958",.,6.09
1999,12,NE,"668,147",.,5.89
1999,12,NH,"328,566",.,14.10
1999,12,NJ,"1,964,964",.,10.90
1999,12,NM,"344,350",.,9.38
1999,12,NV,"681,182",.,7.30
1999,12,NY,"3,592,765",.,13.24
1999,12,OH,"4,377,169",.,8.30
1999,12,OK,"1,365,585",.,5.79
1999,12,OR,"1,951,970",.,5.70
1999,12,PA,"3,997,004",.,8.54
1999,12,RI,"238,733",.,7.12
1999,12,SC,"1,892,619",.,7.50
1999,12,SD,"290,222",.,7.09
1999,12,TN,"2,750,685",.,6.30
1999,12,TX,"6,722,908",.,7.10
1999,12,UT,"689,427",.,6.10
1999,12,VA,"3,430,830",.,6.91
1999,12,VT,"181,888",.,14.31
1999,12,WA,"3,302,496",.,5.30
1999,12,WI,"1,831,137",.,7.30
1999,12,WV,"967,613",.,6.09
1999,12,WY,"213,617",.,5.99
1999,11,AK,"167,435",.,11.19
1999,11,AL,"1,556,224",.,6.79
1999,11,AR,"831,006",.,7.50
1999,11,AZ,"1,384,692",.,7.51
1999,11,CA,"5,787,521",.,10.57
1999,11,CO,"974,965",.,7.50
1999,11,CT,"863,614",.,11.61
1999,11,DC,"108,066",.,6.70
1999,11,DE,"222,926",.,8.70
1999,11,FL,"6,746,912",.,7.80
1999,11,GA,"2,471,422",.,7.10
1999,11,HI,"223,918",.,15.28
1999,11,IA,"825,141",.,8.60
1999,11,ID,"635,753",.,5.21
1999,11,IL,"2,604,270",.,8.59
1999,11,IN,"1,934,130",.,7.49
1999,11,KS,"646,342",.,7.21
1999,11,KY,"1,453,820",.,5.51
1999,11,LA,"1,574,391",.,7.60
1999,11,MA,"1,374,474",.,10.01
1999,11,MD,"1,586,829",.,7.70
1999,11,ME,"295,057",.,13.10
1999,11,MI,"2,155,070",.,8.61
1999,11,MN,"1,346,298",.,7.20
1999,11,MO,"1,716,156",.,6.51
1999,11,MS,"982,863",.,6.92
1999,11,MT,"305,067",.,6.59
1999,11,NC,"2,899,011",.,7.89
1999,11,ND,"265,314",.,6.29
1999,11,NE,"503,540",.,6.19
1999,11,NH,"290,427",.,13.30
1999,11,NJ,"1,574,472",.,10.70
1999,11,NM,"375,350",.,6.99
1999,11,NV,"438,032",.,7.70
1999,11,NY,"3,083,824",.,13.44
1999,11,OH,"3,222,961",.,8.60
1999,11,OK,"1,038,024",.,6.69
1999,11,OR,"1,491,521",.,5.90
1999,11,PA,"3,117,053",.,8.94
1999,11,RI,"193,947",.,10.84
1999,11,SC,"1,478,590",.,7.60
1999,11,SD,"239,803",.,7.39
1999,11,TN,"2,195,565",.,6.50
1999,11,TX,"6,878,405",.,7.30
1999,11,UT,"465,015",.,6.20
1999,11,VA,"2,571,525",.,7.21
1999,11,VT,"165,235",.,12.71
1999,11,WA,"2,697,938",.,5.20
1999,11,WI,"1,428,903",.,7.40
1999,11,WV,"720,932",.,6.39
1999,11,WY,"154,143",.,6.39
1999,10,AK,"145,039",.,11.29
1999,10,AL,"1,654,983",.,6.79
1999,10,AR,"1,030,595",.,7.30
1999,10,AZ,"1,921,395",.,8.51
1999,10,CA,"6,330,549",.,10.87
1999,10,CO,"922,999",.,7.60
1999,10,CT,"760,162",.,11.81
1999,10,DC,"96,550",.,7.00
1999,10,DE,"222,120",.,11.00
1999,10,FL,"8,556,913",.,7.60
1999,10,GA,"2,731,135",.,7.69
1999,10,HI,"227,166",.,15.08
1999,10,IA,"765,814",.,8.80
1999,10,ID,"522,277",.,5.31
1999,10,IL,"2,360,939",.,8.79
1999,10,IN,"1,692,409",.,7.79
1999,10,KS,"728,547",.,7.61
1999,10,KY,"1,293,260",.,5.91
1999,10,LA,"2,332,659",.,7.90
1999,10,MA,"1,259,822",.,10.31
1999,10,MD,"1,439,082",.,8.10
1999,10,ME,"285,318",.,13.00
1999,10,MI,"2,177,210",.,8.51
1999,10,MN,"1,311,116",.,7.30
1999,10,MO,"1,640,844",.,6.81
1999,10,MS,"1,301,174",.,7.02
1999,10,MT,"146,406",.,13.87
1999,10,NC,"2,690,362",.,8.59
1999,10,ND,"252,280",.,6.69
1999,10,NE,"548,261",.,5.99
1999,10,NH,"269,454",.,13.90
1999,10,NJ,"1,630,018",.,10.00
1999,10,NM,"335,734",.,8.18
1999,10,NV,"597,306",.,7.20
1999,10,NY,"3,157,881",.,13.64
1999,10,OH,"2,888,931",.,8.80
1999,10,OK,"1,145,876",.,6.69
1999,10,OR,"1,232,168",.,5.90
1999,10,PA,"2,982,506",.,9.24
1999,10,RI,"198,875",.,10.13
1999,10,SC,"1,509,824",.,7.60
1999,10,SD,"226,060",.,7.59
1999,10,TN,"2,256,169",.,6.50
1999,10,TX,"9,733,349",.,8.10
1999,10,UT,"462,818",.,6.20
1999,10,VA,"2,140,109",.,7.61
1999,10,VT,"149,745",.,11.61
1999,10,WA,"2,192,457",.,5.10
1999,10,WI,"1,459,353",.,7.50
1999,10,WV,"529,617",.,6.59
1999,10,WY,"153,157",.,6.89
1999,9,AK,"128,369",.,11.29
1999,9,AL,"2,599,372",.,7.39
1999,9,AR,"1,582,323",.,7.90
1999,9,AZ,"2,477,433",.,8.41
1999,9,CA,"7,002,053",.,10.67
1999,9,CO,"1,109,111",.,7.40
1999,9,CT,"887,224",.,11.21
1999,9,DC,"123,280",.,8.30
1999,9,DE,"327,929",.,9.80
1999,9,FL,"10,063,764",.,7.60
1999,9,GA,"4,105,210",.,7.69
1999,9,HI,"223,904",.,14.78
1999,9,IA,"960,524",.,8.50
1999,9,ID,"456,640",.,5.41
1999,9,IL,"2,980,979",.,9.59
1999,9,IN,"2,174,184",.,7.49
1999,9,KS,"883,505",.,8.21
1999,9,KY,"1,681,782",.,5.71
1999,9,LA,"3,134,294",.,7.90
1999,9,MA,"1,424,668",.,10.31
1999,9,MD,"1,733,953",.,9.20
1999,9,ME,"302,433",.,13.10
1999,9,MI,"2,340,681",.,8.91
1999,9,MN,"1,461,185",.,7.60
1999,9,MO,"2,192,084",.,7.51
1999,9,MS,"1,871,625",.,6.72
1999,9,MT,"279,082",.,6.39
1999,9,NC,"3,775,033",.,8.19
1999,9,ND,"219,165",.,7.29
1999,9,NE,"680,332",.,7.38
1999,9,NH,"278,695",.,13.70
1999,9,NJ,"2,311,391",.,11.00
1999,9,NM,"438,946",.,8.28
1999,9,NV,"867,993",.,6.90
1999,9,NY,"3,819,862",.,13.74
1999,9,OH,"3,082,308",.,9.30
1999,9,OK,"2,034,611",.,7.19
1999,9,OR,"1,158,176",.,5.90
1999,9,PA,"3,291,330",.,9.53
1999,9,RI,"236,414",.,9.33
1999,9,SC,"2,364,415",.,7.50
1999,9,SD,"265,259",.,7.59
1999,9,TN,"3,435,095",.,6.30
1999,9,TX,"13,810,348",.,7.80
1999,9,UT,"496,450",.,6.20
1999,9,VA,"2,534,951",.,7.81
1999,9,VT,"153,046",.,11.21
1999,9,WA,"1,993,187",.,5.00
1999,9,WI,"1,543,969",.,7.30
1999,9,WV,"681,238",.,6.49
1999,9,WY,"136,047",.,6.59
1999,8,AK,"129,222",.,11.29
1999,8,AL,"3,532,274",.,7.69
1999,8,AR,"1,812,643",.,7.80
1999,8,AZ,"2,832,602",.,8.41
1999,8,CA,"6,646,268",.,10.97
1999,8,CO,"1,242,055",.,7.30
1999,8,CT,"1,025,146",.,11.71
1999,8,DC,"204,294",.,9.30
1999,8,DE,"399,953",.,9.70
1999,8,FL,"10,676,921",.,7.60
1999,8,GA,"5,671,887",.,8.49
1999,8,HI,"234,232",.,14.58
1999,8,IA,"1,189,084",.,9.00
1999,8,ID,"484,005",.,5.31
1999,8,IL,"4,475,016",.,9.49
1999,8,IN,"3,115,121",.,6.59
1999,8,KS,"1,542,516",.,8.51
1999,8,KY,"2,446,436",.,5.71
1999,8,LA,"3,199,403",.,7.00
1999,8,MA,"1,606,552",.,10.31
1999,8,MD,"2,465,380",.,9.70
1999,8,ME,"298,456",.,13.00
1999,8,MI,"3,028,806",.,9.11
1999,8,MN,"1,741,939",.,7.60
1999,8,MO,"3,284,600",.,8.21
1999,8,MS,"2,028,638",.,6.72
1999,8,MT,"258,595",.,6.39
1999,8,NC,"5,128,523",.,8.19
1999,8,ND,"239,731",.,7.29
1999,8,NE,"918,071",.,7.38
1999,8,NH,"318,675",.,13.60
1999,8,NJ,"2,954,980",.,11.50
1999,8,NM,"440,041",.,8.78
1999,8,NV,"1,036,429",.,6.90
1999,8,NY,"4,320,670",.,13.54
1999,8,OH,"4,522,107",.,9.20
1999,8,OK,"2,606,569",.,6.69
1999,8,OR,"1,221,725",.,5.90
1999,8,PA,"4,495,658",.,9.53
1999,8,RI,"278,051",.,9.63
1999,8,SC,"2,957,879",.,7.70
1999,8,SD,"320,716",.,7.59
1999,8,TN,"4,085,612",.,6.20
1999,8,TX,"13,620,339",.,8.00
1999,8,UT,"597,290",.,6.10
1999,8,VA,"3,605,103",.,8.01
1999,8,VT,"157,001",.,11.31
1999,8,WA,"1,962,875",.,5.00
1999,8,WI,"1,712,415",.,7.20
1999,8,WV,"806,294",.,6.19
1999,8,WY,"151,621",.,6.49
1999,7,AK,"118,252",.,11.49
1999,7,AL,"3,254,215",.,7.29
1999,7,AR,"1,532,414",.,7.70
1999,7,AZ,"2,717,301",.,8.31
1999,7,CA,"6,983,657",.,10.87
1999,7,CO,"1,087,562",.,7.40
1999,7,CT,"1,275,886",.,11.51
1999,7,DC,"204,233",.,9.70
1999,7,DE,"375,207",.,9.70
1999,7,FL,"9,260,487",.,7.60
1999,7,GA,"4,932,050",.,8.09
1999,7,HI,"226,986",.,14.38
1999,7,IA,"1,607,646",.,8.10
1999,7,ID,"487,596",.,5.31
1999,7,IL,"4,889,801",.,9.49
1999,7,IN,"3,539,491",.,6.69
1999,7,KS,"1,716,820",.,7.81
1999,7,KY,"2,739,379",.,5.71
1999,7,LA,"2,976,386",.,7.20
1999,7,MA,"1,642,473",.,10.21
1999,7,MD,"2,541,244",.,9.60
1999,7,ME,"309,530",.,13.10
1999,7,MI,"3,515,130",.,9.11
1999,7,MN,"2,127,331",.,8.00
1999,7,MO,"3,729,507",.,8.41
1999,7,MS,"1,772,946",.,6.72
1999,7,MT,"282,539",.,6.39
1999,7,NC,"4,532,597",.,8.39
1999,7,ND,"240,773",.,7.29
1999,7,NE,"930,116",.,7.58
1999,7,NH,"333,661",.,13.80
1999,7,NJ,"3,126,060",.,12.80
1999,7,NM,"446,105",.,8.88
1999,7,NV,"1,112,877",.,6.80
1999,7,NY,"4,245,022",.,13.44
1999,7,OH,"5,768,020",.,9.20
1999,7,OK,"2,146,812",.,6.99
1999,7,OR,"1,107,572",.,5.90
1999,7,PA,"4,695,460",.,9.73
1999,7,RI,"253,037",.,10.33
1999,7,SC,"2,394,646",.,7.80
1999,7,SD,"315,240",.,7.89
1999,7,TN,"3,664,653",.,6.30
1999,7,TX,"12,008,359",.,8.00
1999,7,UT,"650,663",.,6.10
1999,7,VA,"3,966,863",.,8.01
1999,7,VT,"163,781",.,11.41
1999,7,WA,"1,992,808",.,5.00
1999,7,WI,"2,111,035",.,7.20
1999,7,WV,"957,675",.,6.19
1999,7,WY,"136,494",.,6.69
1999,6,AK,"122,758",.,11.59
1999,6,AL,"2,467,342",.,7.09
1999,6,AR,"1,137,946",.,7.90
1999,6,AZ,"2,050,632",.,8.71
1999,6,CA,"5,692,699",.,10.87
1999,6,CO,"945,841",.,7.50
1999,6,CT,"933,371",.,11.81
1999,6,DC,"152,350",.,9.40
1999,6,DE,"253,229",.,9.90
1999,6,FL,"8,502,468",.,7.60
1999,6,GA,"3,814,732",.,8.29
1999,6,HI,"217,411",.,14.38
1999,6,IA,"1,017,281",.,8.40
1999,6,ID,"461,687",.,5.41
1999,6,IL,"3,659,502",.,9.39
1999,6,IN,"2,302,680",.,6.99
1999,6,KS,"1,046,424",.,7.61
1999,6,KY,"1,923,923",.,6.01
1999,6,LA,"2,668,265",.,7.10
1999,6,MA,"1,294,249",.,10.91
1999,6,MD,"1,939,513",.,9.60
1999,6,ME,"263,810",.,13.00
1999,6,MI,"2,837,156",.,9.01
1999,6,MN,"1,435,828",.,7.90
1999,6,MO,"2,460,156",.,8.51
1999,6,MS,"1,483,441",.,6.92
1999,6,MT,"273,184",.,6.49
1999,6,NC,"3,354,461",.,7.89
1999,6,ND,"197,354",.,7.39
1999,6,NE,"604,538",.,7.88
1999,6,NH,"289,476",.,13.90
1999,6,NJ,"2,128,217",.,12.70
1999,6,NM,"373,020",.,8.98
1999,6,NV,"849,126",.,6.90
1999,6,NY,"3,303,310",.,13.44
1999,6,OH,"3,940,909",.,9.50
1999,6,OK,"1,658,985",.,7.19
1999,6,OR,"1,149,565",.,5.90
1999,6,PA,"3,068,847",.,9.93
1999,6,RI,"193,954",.,11.24
1999,6,SC,"1,912,074",.,7.70
1999,6,SD,"240,219",.,7.99
1999,6,TN,"2,920,944",.,6.40
1999,6,TX,"10,207,988",.,7.40
1999,6,UT,"523,002",.,6.30
1999,6,VA,"2,805,805",.,8.01
1999,6,VT,"149,474",.,12.01
1999,6,WA,"2,218,616",.,4.90
1999,6,WI,"1,674,460",.,7.40
1999,6,WV,"687,014",.,6.49
1999,6,WY,"132,080",.,6.59
1999,5,AK,"134,867",.,11.39
1999,5,AL,"2,007,498",.,6.99
1999,5,AR,"846,656",.,7.60
1999,5,AZ,"1,410,197",.,8.81
1999,5,CA,"5,169,264",.,10.67
1999,5,CO,"969,049",.,7.50
1999,5,CT,"728,230",.,11.91
1999,5,DC,"102,250",.,8.30
1999,5,DE,"205,986",.,9.10
1999,5,FL,"7,278,405",.,7.70
1999,5,GA,"2,894,998",.,7.59
1999,5,HI,"223,465",.,13.99
1999,5,IA,"778,887",.,8.90
1999,5,ID,"484,923",.,5.21
1999,5,IL,"2,522,355",.,9.29
1999,5,IN,"1,738,020",.,7.69
1999,5,KS,"728,644",.,7.91
1999,5,KY,"1,364,954",.,5.91
1999,5,LA,"2,067,969",.,7.00
1999,5,MA,"1,194,122",.,10.41
1999,5,MD,"1,429,677",.,9.00
1999,5,ME,"267,111",.,13.00
1999,5,MI,"2,143,446",.,8.51
1999,5,MN,"1,207,298",.,7.80
1999,5,MO,"1,719,916",.,7.61
1999,5,MS,"1,141,844",.,7.22
1999,5,MT,"310,924",.,6.39
1999,5,NC,"2,749,706",.,8.09
1999,5,ND,"224,302",.,6.99
1999,5,NE,"500,641",.,6.39
1999,5,NH,"252,677",.,13.90
1999,5,NJ,"1,489,408",.,11.50
1999,5,NM,"340,682",.,8.98
1999,5,NV,"582,370",.,7.30
1999,5,NY,"2,814,910",.,12.85
1999,5,OH,"2,814,541",.,9.10
1999,5,OK,"1,082,034",.,7.19
1999,5,OR,"1,351,601",.,5.80
1999,5,PA,"2,729,709",.,9.53
1999,5,RI,"173,990",.,9.93
1999,5,SC,"1,520,232",.,7.80
1999,5,SD,"220,933",.,7.89
1999,5,TN,"2,173,392",.,6.50
1999,5,TX,"7,498,434",.,7.50
1999,5,UT,"431,713",.,6.20
1999,5,VA,"2,273,789",.,8.01
1999,5,VT,"140,072",.,11.41
1999,5,WA,"2,578,183",.,4.90
1999,5,WI,"1,369,249",.,7.50
1999,5,WV,"607,003",.,6.69
1999,5,WY,"161,146",.,6.39
1999,4,AK,"146,976",.,11.19
1999,4,AL,"1,731,467",.,7.19
1999,4,AR,"894,029",.,7.30
1999,4,AZ,"1,302,423",.,7.81
1999,4,CA,"5,914,240",.,10.57
1999,4,CO,"1,026,673",.,7.40
1999,4,CT,"777,890",.,11.81
1999,4,DC,"95,776",.,7.10
1999,4,DE,"258,595",.,8.80
1999,4,FL,"6,598,069",.,7.80
1999,4,GA,"2,699,472",.,7.10
1999,4,HI,"215,019",.,13.69
1999,4,IA,"777,287",.,8.50
1999,4,ID,"527,817",.,5.31
1999,4,IL,"2,520,652",.,8.89
1999,4,IN,"1,902,259",.,7.19
1999,4,KS,"664,228",.,7.61
1999,4,KY,"1,384,740",.,5.61
1999,4,LA,"1,626,512",.,6.60
1999,4,MA,"1,269,134",.,10.61
1999,4,MD,"1,558,615",.,7.80
1999,4,ME,"307,985",.,13.10
1999,4,MI,"2,036,261",.,8.51
1999,4,MN,"1,198,229",.,7.50
1999,4,MO,"1,632,636",.,6.51
1999,4,MS,"1,022,349",.,7.02
1999,4,MT,"311,772",.,6.29
1999,4,NC,"2,943,972",.,7.89
1999,4,ND,"248,460",.,6.09
1999,4,NE,"552,503",.,5.99
1999,4,NH,"272,177",.,13.70
1999,4,NJ,"1,550,424",.,10.90
1999,4,NM,"345,413",.,9.08
1999,4,NV,"480,525",.,7.50
1999,4,NY,"3,075,883",.,13.34
1999,4,OH,"2,931,206",.,8.70
1999,4,OK,"1,126,046",.,6.59
1999,4,OR,"1,530,762",.,5.70
1999,4,PA,"3,140,642",.,8.64
1999,4,RI,"190,699",.,10.43
1999,4,SC,"1,582,352",.,7.60
1999,4,SD,"256,065",.,7.39
1999,4,TN,"2,442,988",.,6.40
1999,4,TX,"6,258,330",.,7.30
1999,4,UT,"423,072",.,6.20
1999,4,VA,"2,262,847",.,7.41
1999,4,VT,"162,375",.,10.41
1999,4,WA,"2,921,257",.,5.00
1999,4,WI,"1,375,009",.,7.50
1999,4,WV,"626,289",.,6.39
1999,4,WY,"160,318",.,6.29
1999,3,AK,"175,022",.,11.09
1999,3,AL,"1,970,911",.,6.29
1999,3,AR,"985,450",.,6.90
1999,3,AZ,"1,365,540",.,7.71
1999,3,CA,"5,985,199",.,10.47
1999,3,CO,"1,072,180",.,7.40
1999,3,CT,"1,041,460",.,11.11
1999,3,DC,"134,537",.,7.20
1999,3,DE,"314,028",.,8.40
1999,3,FL,"6,020,773",.,8.10
1999,3,GA,"2,942,650",.,7.10
1999,3,HI,"219,637",.,13.69
1999,3,IA,"905,418",.,8.00
1999,3,ID,"642,691",.,5.21
1999,3,IL,"3,297,950",.,8.29
1999,3,IN,"2,415,864",.,6.79
1999,3,KS,"782,617",.,7.21
1999,3,KY,"1,929,391",.,5.41
1999,3,LA,"1,551,007",.,6.60
1999,3,MA,"1,490,352",.,9.71
1999,3,MD,"2,066,280",.,7.50
1999,3,ME,"322,158",.,13.10
1999,3,MI,"2,483,368",.,8.51
1999,3,MN,"1,369,628",.,7.00
1999,3,MO,"2,212,878",.,6.21
1999,3,MS,"1,047,382",.,6.72
1999,3,MT,"347,303",.,6.49
1999,3,NC,"3,922,507",.,7.69
1999,3,ND,"304,263",.,6.09
1999,3,NE,"610,206",.,5.79
1999,3,NH,"312,601",.,13.70
1999,3,NJ,"1,880,762",.,11.40
1999,3,NM,"381,143",.,8.88
1999,3,NV,"527,201",.,7.50
1999,3,NY,"3,758,329",.,12.95
1999,3,OH,"4,089,345",.,8.00
1999,3,OK,"1,234,028",.,6.39
1999,3,OR,"1,835,681",.,5.60
1999,3,PA,"3,985,214",.,8.64
1999,3,RI,"220,972",.,13.75
1999,3,SC,"1,915,885",.,7.40
1999,3,SD,"274,872",.,7.19
1999,3,TN,"2,952,554",.,6.30
1999,3,TX,"6,058,351",.,7.20
1999,3,UT,"484,052",.,6.10
1999,3,VA,"3,242,838",.,7.01
1999,3,VT,"182,124",.,12.51
1999,3,WA,"3,465,639",.,5.10
1999,3,WI,"1,572,685",.,7.20
1999,3,WV,"927,190",.,6.09
1999,3,WY,"192,882",.,6.29
1999,2,AK,"195,053",.,10.79
1999,2,AL,"1,528,485",.,6.69
1999,2,AR,"1,041,712",.,6.90
1999,2,AZ,"1,503,433",.,7.21
1999,2,CA,"6,433,977",.,10.47
1999,2,CO,"1,123,431",.,7.30
1999,2,CT,"937,621",.,11.41
1999,2,DC,"122,424",.,6.80
1999,2,DE,"305,165",.,8.50
1999,2,FL,"6,091,831",.,8.10
1999,2,GA,"2,621,958",.,7.10
1999,2,HI,"203,939",.,13.29
1999,2,IA,"885,554",.,7.60
1999,2,ID,"640,317",.,5.21
1999,2,IL,"2,786,968",.,8.19
1999,2,IN,"2,297,977",.,6.69
1999,2,KS,"697,566",.,7.31
1999,2,KY,"1,731,324",.,5.51
1999,2,LA,"1,680,388",.,6.20
1999,2,MA,"1,496,696",.,10.51
1999,2,MD,"1,967,688",.,7.50
1999,2,ME,"328,495",.,13.10
1999,2,MI,"2,324,911",.,8.51
1999,2,MN,"1,367,102",.,7.00
1999,2,MO,"1,946,864",.,6.11
1999,2,MS,"1,045,729",.,6.62
1999,2,MT,"334,879",.,6.59
1999,2,NC,"3,213,053",.,7.89
1999,2,ND,"336,446",.,5.99
1999,2,NE,"626,144",.,5.69
1999,2,NH,"288,433",.,13.70
1999,2,NJ,"1,753,921",.,11.00
1999,2,NM,"377,991",.,8.68
1999,2,NV,"528,403",.,7.30
1999,2,NY,"3,797,094",.,12.75
1999,2,OH,"3,539,130",.,8.20
1999,2,OK,"1,204,782",.,5.99
1999,2,OR,"1,800,405",.,5.60
1999,2,PA,"4,062,850",.,8.64
1999,2,RI,"228,119",.,9.83
1999,2,SC,"1,678,751",.,7.60
1999,2,SD,"289,531",.,7.09
1999,2,TN,"2,724,882",.,6.40
1999,2,TX,"6,566,817",.,7.20
1999,2,UT,"462,823",.,6.80
1999,2,VA,"3,143,897",.,7.21
1999,2,VT,"187,051",.,12.81
1999,2,WA,"3,643,442",.,5.20
1999,2,WI,"1,525,188",.,7.20
1999,2,WV,"847,018",.,6.19
1999,2,WY,"195,954",.,6.09
1999,1,AK,"207,671",.,10.69
1999,1,AL,"2,737,676",.,6.19
1999,1,AR,"1,360,434",.,6.60
1999,1,AZ,"1,829,638",.,7.11
1999,1,CA,"6,953,101",.,10.47
1999,1,CO,"1,409,216",.,7.20
1999,1,CT,"1,252,173",.,11.21
1999,1,DC,"154,466",.,6.80
1999,1,DE,"352,046",.,8.30
1999,1,FL,"7,469,666",.,7.90
1999,1,GA,"3,549,255",.,6.60
1999,1,HI,"236,905",.,12.79
1999,1,IA,"1,129,730",.,7.60
1999,1,ID,"779,552",.,5.21
1999,1,IL,"3,892,984",.,7.59
1999,1,IN,"3,069,372",.,6.49
1999,1,KS,"999,745",.,6.81
1999,1,KY,"2,571,820",.,5.11
1999,1,LA,"2,000,014",.,6.50
1999,1,MA,"1,774,197",.,9.61
1999,1,MD,"2,421,792",.,7.30
1999,1,ME,"384,891",.,13.20
1999,1,MI,"2,981,176",.,8.61
1999,1,MN,"1,804,365",.,6.80
1999,1,MO,"2,788,611",.,5.60
1999,1,MS,"1,360,655",.,6.21
1999,1,MT,"415,153",.,6.49
1999,1,NC,"4,717,738",.,7.49
1999,1,ND,"436,630",.,5.79
1999,1,NE,"786,951",.,5.29
1999,1,NH,"405,321",.,13.60
1999,1,NJ,"2,186,209",.,11.00
1999,1,NM,"450,428",.,8.48
1999,1,NV,"684,183",.,7.10
1999,1,NY,"3,949,680",.,12.85
1999,1,OH,"5,451,878",.,7.60
1999,1,OK,"1,657,780",.,5.39
1999,1,OR,"2,226,703",.,5.50
1999,1,PA,"4,560,092",.,8.74
1999,1,RI,"260,612",.,9.63
1999,1,SC,"2,491,525",.,7.00
1999,1,SD,"363,261",.,6.69
1999,1,TN,"3,822,383",.,6.20
1999,1,TX,"9,227,841",.,6.70
1999,1,UT,"550,084",.,6.90
1999,1,VA,"3,800,187",.,6.81
1999,1,VT,"206,777",.,13.31
1999,1,WA,"3,848,123",.,5.20
1999,1,WI,"1,898,268",.,7.20
1999,1,WV,"1,094,306",.,5.99
1999,1,WY,"237,637",.,5.89
1998,12,AK,"184,764",.,11.12
1998,12,AL,"1,795,550",.,6.80
1998,12,AR,"937,006",.,7.23
1998,12,AZ,"1,625,678",.,7.84
1998,12,CA,"6,735,999",.,10.56
1998,12,CO,"1,192,791",.,7.31
1998,12,CT,"1,115,001",.,11.55
1998,12,DC,"122,875",.,6.53
1998,12,DE,"258,751",.,8.65
1998,12,FL,"6,868,985",.,7.98
1998,12,GA,"2,839,314",.,6.64
1998,12,HI,"229,575",.,13.89
1998,12,IA,"1,063,858",.,7.53
1998,12,ID,"740,247",.,5.39
1998,12,IL,"3,826,921",.,8.31
1998,12,IN,"2,415,672",.,6.94
1998,12,KS,"896,354",.,7.25
1998,12,KY,"2,009,748",.,5.33
1998,12,LA,"1,641,680",.,6.62
1998,12,MA,"1,552,990",.,10.53
1998,12,MD,"2,002,768",.,7.54
1998,12,ME,"332,309",.,13.16
1998,12,MI,"2,593,854",.,8.51
1998,12,MN,"1,593,589",.,6.98
1998,12,MO,"2,368,901",.,6.08
1998,12,MS,"986,323",.,6.62
1998,12,MT,"417,907",.,6.72
1998,12,NC,"3,384,028",.,7.80
1998,12,ND,"342,399",.,6.23
1998,12,NE,"669,847",.,5.75
1998,12,NH,"344,893",.,14.18
1998,12,NJ,"1,817,823",.,10.96
1998,12,NM,"404,497",.,8.58
1998,12,NV,"661,403",.,7.16
1998,12,NY,"3,466,209",.,12.92
1998,12,OH,"4,050,625",.,8.23
1998,12,OK,"1,343,488",.,5.95
1998,12,OR,"2,140,992",.,5.56
1998,12,PA,"3,881,585",.,8.96
1998,12,RI,"236,178",.,10.53
1998,12,SC,"1,611,247",.,7.56
1998,12,SD,"287,408",.,7.21
1998,12,TN,"2,685,165",.,6.37
1998,12,TX,"6,743,831",.,7.11
1998,12,UT,"562,801",.,6.55
1998,12,VA,"3,266,636",.,7.13
1998,12,VT,"191,010",.,13.03
1998,12,WA,"3,317,779",.,5.15
1998,12,WI,"1,699,938",.,7.12
1998,12,WV,"952,831",.,6.17
1998,12,WY,"215,143",.,6.07
1998,11,AK,"157,608",.,11.31
1998,11,AL,"1,361,875",.,7.53
1998,11,AR,"823,880",.,7.44
1998,11,AZ,"1,202,943",.,8.27
1998,11,CA,"5,513,926",.,10.51
1998,11,CO,"928,425",.,7.57
1998,11,CT,"868,728",.,11.88
1998,11,DC,"114,226",.,6.35
1998,11,DE,"222,274",.,8.94
1998,11,FL,"7,107,506",.,8.00
1998,11,GA,"2,355,600",.,7.03
1998,11,HI,"221,762",.,13.39
1998,11,IA,"876,342",.,8.16
1998,11,ID,"616,284",.,5.37
1998,11,IL,"2,772,193",.,8.18
1998,11,IN,"1,940,896",.,7.48
1998,11,KS,"655,325",.,7.23
1998,11,KY,"1,390,164",.,5.52
1998,11,LA,"1,656,203",.,7.08
1998,11,MA,"1,294,760",.,10.18
1998,11,MD,"1,617,469",.,7.55
1998,11,ME,"283,884",.,13.07
1998,11,MI,"2,125,728",.,8.50
1998,11,MN,"1,352,858",.,7.05
1998,11,MO,"1,738,715",.,6.46
1998,11,MS,"988,270",.,6.67
1998,11,MT,"316,150",.,6.58
1998,11,NC,"2,682,303",.,7.90
1998,11,ND,"286,196",.,6.28
1998,11,NE,"527,154",.,6.13
1998,11,NH,"268,733",.,14.31
1998,11,NJ,"1,637,924",.,11.08
1998,11,NM,"327,486",.,8.56
1998,11,NV,"468,097",.,7.53
1998,11,NY,"3,002,650",.,13.04
1998,11,OH,"3,250,756",.,8.60
1998,11,OK,"954,141",.,6.45
1998,11,OR,"1,498,622",.,5.70
1998,11,PA,"2,418,202",.,8.14
1998,11,RI,"205,928",.,10.26
1998,11,SC,"1,378,804",.,7.55
1998,11,SD,"258,787",.,7.29
1998,11,TN,"2,181,629",.,6.48
1998,11,TX,"6,997,380",.,7.16
1998,11,UT,"465,756",.,6.86
1998,11,VA,"2,499,745",.,7.19
1998,11,VT,"163,705",.,12.14
1998,11,WA,"2,599,720",.,5.12
1998,11,WI,"1,554,699",.,7.34
1998,11,WV,"654,270",.,6.38
1998,11,WY,"165,517",.,6.26
1998,10,AK,"139,267",.,11.74
1998,10,AL,"2,197,457",.,6.94
1998,10,AR,"1,219,507",.,7.22
1998,10,AZ,"1,629,387",.,9.14
1998,10,CA,"5,943,701",.,10.49
1998,10,CO,"973,235",.,7.53
1998,10,CT,"752,228",.,12.03
1998,10,DC,"117,875",.,7.69
1998,10,DE,"242,259",.,9.00
1998,10,FL,"9,045,238",.,7.88
1998,10,GA,"3,101,243",.,7.15
1998,10,HI,"224,777",.,13.54
1998,10,IA,"850,242",.,8.31
1998,10,ID,"508,198",.,5.38
1998,10,IL,"2,667,604",.,8.69
1998,10,IN,"1,731,333",.,7.55
1998,10,KS,"760,256",.,7.44
1998,10,KY,"1,392,029",.,5.57
1998,10,LA,"2,575,611",.,7.18
1998,10,MA,"1,210,452",.,10.40
1998,10,MD,"1,554,724",.,8.08
1998,10,ME,"279,128",.,13.05
1998,10,MI,"2,274,067",.,8.84
1998,10,MN,"1,338,501",.,7.08
1998,10,MO,"1,638,535",.,6.28
1998,10,MS,"1,491,736",.,6.78
1998,10,MT,"284,839",.,6.48
1998,10,NC,"2,851,119",.,8.40
1998,10,ND,"246,862",.,6.60
1998,10,NE,"597,628",.,5.66
1998,10,NH,"244,922",.,14.37
1998,10,NJ,"1,601,963",.,11.20
1998,10,NM,"359,014",.,8.94
1998,10,NV,"488,756",.,7.33
1998,10,NY,"3,150,101",.,13.29
1998,10,OH,"2,849,566",.,8.61
1998,10,OK,"1,429,671",.,6.87
1998,10,OR,"1,227,704",.,5.90
1998,10,PA,"3,094,357",.,10.25
1998,10,RI,"202,078",.,9.92
1998,10,SC,"1,673,159",.,7.44
1998,10,SD,"242,614",.,7.43
1998,10,TN,"2,698,293",.,6.35
1998,10,TX,"10,577,568",.,8.13
1998,10,UT,"418,921",.,6.94
1998,10,VA,"2,071,369",.,7.31
1998,10,VT,"150,503",.,11.02
1998,10,WA,"2,167,819",.,5.02
1998,10,WI,"1,545,313",.,7.40
1998,10,WV,"602,572",.,6.55
1998,10,WY,"169,158",.,5.98
1998,9,AK,"125,442",.,11.48
1998,9,AL,"2,606,218",.,7.20
1998,9,AR,"1,584,524",.,7.76
1998,9,AZ,"2,513,267",.,9.13
1998,9,CA,"7,771,922",.,10.86
1998,9,CO,"1,069,609",.,7.43
1998,9,CT,"847,981",.,11.85
1998,9,DC,"149,492",.,9.08
1998,9,DE,"342,642",.,9.76
1998,9,FL,"9,839,408",.,7.85
1998,9,GA,"3,889,865",.,7.97
1998,9,HI,"221,111",.,13.51
1998,9,IA,"1,061,454",.,8.61
1998,9,ID,"449,555",.,5.52
1998,9,IL,"3,374,075",.,9.06
1998,9,IN,"2,303,336",.,7.00
1998,9,KS,"1,235,277",.,8.07
1998,9,KY,"1,982,860",.,5.66
1998,9,LA,"3,026,810",.,7.47
1998,9,MA,"1,340,396",.,10.25
1998,9,MD,"1,950,833",.,9.13
1998,9,ME,"287,900",.,13.04
1998,9,MI,"2,465,542",.,8.86
1998,9,MN,"1,550,871",.,7.64
1998,9,MO,"2,664,375",.,7.27
1998,9,MS,"1,773,534",.,7.26
1998,9,MT,"265,172",.,6.49
1998,9,NC,"4,156,407",.,8.23
1998,9,ND,"223,720",.,7.26
1998,9,NE,"820,685",.,7.35
1998,9,NH,"256,738",.,14.03
1998,9,NJ,"2,191,429",.,11.94
1998,9,NM,"385,827",.,9.03
1998,9,NV,"771,357",.,6.79
1998,9,NY,"3,789,869",.,13.66
1998,9,OH,"3,379,245",.,9.24
1998,9,OK,"2,224,385",.,6.76
1998,9,OR,"1,137,076",.,6.08
1998,9,PA,"3,680,845",.,10.55
1998,9,RI,"236,010",.,9.74
1998,9,SC,"2,349,518",.,7.52
1998,9,SD,"289,239",.,7.40
1998,9,TN,"3,486,686",.,6.26
1998,9,TX,"12,657,875",.,7.83
1998,9,UT,"461,339",.,6.88
1998,9,VA,"2,998,120",.,7.55
1998,9,VT,"144,728",.,10.77
1998,9,WA,"1,889,682",.,4.98
1998,9,WI,"1,608,340",.,7.11
1998,9,WV,"707,089",.,6.45
1998,9,WY,"134,810",.,6.53
1998,8,AK,"117,724",.,11.65
1998,8,AL,"3,049,436",.,7.25
1998,8,AR,"1,776,239",.,7.75
1998,8,AZ,"2,857,551",.,9.24
1998,8,CA,"7,992,191",.,10.92
1998,8,CO,"1,069,422",.,7.42
1998,8,CT,"1,004,894",.,12.05
1998,8,DC,"172,292",.,9.35
1998,8,DE,"354,010",.,9.74
1998,8,FL,"10,120,831",.,7.83
1998,8,GA,"4,693,392",.,8.48
1998,8,HI,"231,703",.,13.58
1998,8,IA,"1,258,636",.,8.85
1998,8,ID,"484,826",.,5.62
1998,8,IL,"4,490,170",.,9.12
1998,8,IN,"2,872,297",.,6.79
1998,8,KS,"1,531,374",.,8.41
1998,8,KY,"2,334,884",.,5.76
1998,8,LA,"3,260,066",.,7.20
1998,8,MA,"1,485,924",.,10.80
1998,8,MD,"2,276,675",.,9.72
1998,8,ME,"300,098",.,13.05
1998,8,MI,"3,073,552",.,8.94
1998,8,MN,"1,743,096",.,7.74
1998,8,MO,"3,260,930",.,8.40
1998,8,MS,"1,971,582",.,7.08
1998,8,MT,"285,487",.,6.44
1998,8,NC,"4,295,733",.,8.22
1998,8,ND,"247,157",.,7.21
1998,8,NE,"878,022",.,7.44
1998,8,NH,"295,390",.,14.37
1998,8,NJ,"2,685,650",.,12.12
1998,8,NM,"439,174",.,9.45
1998,8,NV,"1,132,641",.,6.66
1998,8,NY,"4,080,797",.,13.65
1998,8,OH,"4,775,515",.,9.13
1998,8,OK,"2,552,273",.,6.85
1998,8,OR,"1,197,245",.,6.04
1998,8,PA,"4,145,109",.,10.65
1998,8,RI,"254,473",.,10.91
1998,8,SC,"2,671,314",.,7.64
1998,8,SD,"306,801",.,7.52
1998,8,TN,"3,528,704",.,6.24
1998,8,TX,"13,970,001",.,8.11
1998,8,UT,"579,860",.,6.83
1998,8,VA,"3,494,352",.,8.04
1998,8,VT,"151,539",.,10.95
1998,8,WA,"1,829,682",.,4.91
1998,8,WI,"1,799,215",.,7.13
1998,8,WV,"801,296",.,6.22
1998,8,WY,"149,293",.,5.80
1998,7,AK,"124,074",.,11.62
1998,7,AL,"3,490,183",.,7.02
1998,7,AR,"1,757,643",.,7.66
1998,7,AZ,"2,635,194",.,9.10
1998,7,CA,"6,372,755",.,10.75
1998,7,CO,"1,100,071",.,7.43
1998,7,CT,"1,046,824",.,11.86
1998,7,DC,"177,028",.,9.75
1998,7,DE,"329,600",.,9.78
1998,7,FL,"10,375,812",.,7.81
1998,7,GA,"5,354,999",.,8.72
1998,7,HI,"221,539",.,13.68
1998,7,IA,"1,307,627",.,8.86
1998,7,ID,"491,861",.,5.56
1998,7,IL,"4,493,725",.,11.73
1998,7,IN,"2,823,992",.,6.75
1998,7,KS,"1,570,818",.,7.93
1998,7,KY,"2,344,085",.,5.60
1998,7,LA,"3,367,426",.,7.23
1998,7,MA,"1,427,212",.,10.63
1998,7,MD,"2,245,791",.,9.71
1998,7,ME,"287,217",.,12.97
1998,7,MI,"3,076,725",.,8.97
1998,7,MN,"1,817,446",.,7.63
1998,7,MO,"3,522,162",.,8.23
1998,7,MS,"1,994,951",.,7.16
1998,7,MT,"282,090",.,6.48
1998,7,NC,"4,880,432",.,8.28
1998,7,ND,"243,675",.,7.14
1998,7,NE,"926,123",.,7.46
1998,7,NH,"296,399",.,14.01
1998,7,NJ,"2,704,278",.,11.96
1998,7,NM,"458,073",.,8.89
1998,7,NV,"1,104,724",.,6.59
1998,7,NY,"3,792,081",.,13.78
1998,7,OH,"4,493,342",.,9.12
1998,7,OK,"2,691,470",.,7.03
1998,7,OR,"1,145,408",.,6.11
1998,7,PA,"4,109,211",.,11.09
1998,7,RI,"224,195",.,11.31
1998,7,SC,"2,850,259",.,7.60
1998,7,SD,"305,809",.,7.51
1998,7,TN,"3,924,534",.,6.22
1998,7,TX,"14,345,251",.,8.13
1998,7,UT,"556,738",.,6.84
1998,7,VA,"3,548,269",.,7.97
1998,7,VT,"157,559",.,10.95
1998,7,WA,"2,011,488",.,4.89
1998,7,WI,"1,748,644",.,7.05
1998,7,WV,"859,294",.,6.28
1998,7,WY,"121,567",.,8.16
1998,6,AK,"126,279",.,11.62
1998,6,AL,"3,073,095",.,7.18
1998,6,AR,"1,314,571",.,7.92
1998,6,AZ,"1,662,692",.,9.38
1998,6,CA,"5,346,069",.,10.56
1998,6,CO,"906,341",.,7.67
1998,6,CT,"816,707",.,12.37
1998,6,DC,"153,323",.,9.38
1998,6,DE,"245,427",.,9.90
1998,6,FL,"9,504,824",.,7.81
1998,6,GA,"4,760,349",.,8.46
1998,6,HI,"215,686",.,13.61
1998,6,IA,"1,000,450",.,8.89
1998,6,ID,"440,324",.,5.50
1998,6,IL,"3,585,505",.,11.20
1998,6,IN,"2,332,390",.,7.14
1998,6,KS,"1,227,723",.,7.68
1998,6,KY,"1,873,706",.,5.80
1998,6,LA,"2,839,467",.,6.90
1998,6,MA,"1,174,091",.,10.68
1998,6,MD,"1,839,216",.,9.74
1998,6,ME,"266,550",.,12.89
1998,6,MI,"2,485,811",.,8.80
1998,6,MN,"1,329,908",.,7.79
1998,6,MO,"2,521,882",.,8.76
1998,6,MS,"1,650,923",.,7.21
1998,6,MT,"242,551",.,6.52
1998,6,NC,"3,778,494",.,7.85
1998,6,ND,"192,488",.,7.43
1998,6,NE,"619,273",.,8.03
1998,6,NH,"243,505",.,14.22
1998,6,NJ,"1,868,272",.,11.68
1998,6,NM,"354,810",.,8.80
1998,6,NV,"656,200",.,6.97
1998,6,NY,"3,143,803",.,13.78
1998,6,OH,"3,539,268",.,9.25
1998,6,OK,"1,970,359",.,7.01
1998,6,OR,"1,153,316",.,6.04
1998,6,PA,"3,490,523",.,11.10
1998,6,RI,"194,524",.,11.11
1998,6,SC,"2,238,776",.,7.65
1998,6,SD,"227,265",.,7.85
1998,6,TN,"3,117,226",.,6.43
1998,6,TX,"11,103,752",.,7.97
1998,6,UT,"413,619",.,6.94
1998,6,VA,"2,802,702",.,7.51
1998,6,VT,"144,676",.,11.13
1998,6,WA,"2,083,485",.,4.87
1998,6,WI,"1,483,837",.,7.35
1998,6,WV,"603,929",.,6.47
1998,6,WY,"128,789",.,6.57
1998,5,AK,"127,850",.,11.97
1998,5,AL,"1,950,342",.,7.25
1998,5,AR,"837,448",.,7.69
1998,5,AZ,"1,320,052",.,9.42
1998,5,CA,"5,203,962",.,10.70
1998,5,CO,"915,753",.,7.64
1998,5,CT,"770,040",.,12.32
1998,5,DC,"105,695",.,8.06
1998,5,DE,"209,648",.,9.13
1998,5,FL,"6,809,159",.,7.91
1998,5,GA,"3,107,276",.,7.80
1998,5,HI,"218,570",.,13.62
1998,5,IA,"833,295",.,8.93
1998,5,ID,"422,217",.,5.20
1998,5,IL,"2,716,528",.,11.05
1998,5,IN,"1,753,864",.,7.40
1998,5,KS,"833,926",.,7.75
1998,5,KY,"1,425,314",.,6.10
1998,5,LA,"1,802,757",.,7.03
1998,5,MA,"1,164,446",.,10.62
1998,5,MD,"1,485,191",.,8.97
1998,5,ME,"274,592",.,12.94
1998,5,MI,"2,206,317",.,8.50
1998,5,MN,"1,213,977",.,7.79
1998,5,MO,"2,225,634",.,6.96
1998,5,MS,"1,022,482",.,7.63
1998,5,MT,"249,781",.,6.53
1998,5,NC,"2,574,934",.,8.20
1998,5,ND,"205,182",.,7.08
1998,5,NE,"544,838",.,6.22
1998,5,NH,"247,416",.,14.16
1998,5,NJ,"1,734,716",.,11.26
1998,5,NM,"322,905",.,9.00
1998,5,NV,"496,127",.,7.28
1998,5,NY,"2,786,473",.,14.05
1998,5,OH,"3,506,905",.,8.90
1998,5,OK,"1,249,872",.,7.05
1998,5,OR,"1,209,315",.,6.01
1998,5,PA,"3,177,345",.,10.35
1998,5,RI,"185,045",.,11.12
1998,5,SC,"1,355,386",.,7.74
1998,5,SD,"218,991",.,7.71
1998,5,TN,"2,207,979",.,6.48
1998,5,TX,"6,787,291",.,7.45
1998,5,UT,"385,852",.,6.95
1998,5,VA,"2,326,629",.,8.03
1998,5,VT,"137,334",.,11.15
1998,5,WA,"2,368,992",.,4.86
1998,5,WI,"1,447,023",.,7.36
1998,5,WV,"662,277",.,6.59
1998,5,WY,"137,615",.,6.52
1998,4,AK,"141,665",.,11.50
1998,4,AL,"1,574,626",.,6.82
1998,4,AR,"849,188",.,7.60
1998,4,AZ,"1,237,309",.,8.52
1998,4,CA,"5,503,687",.,10.35
1998,4,CO,"989,892",.,7.53
1998,4,CT,"769,699",.,12.09
1998,4,DC,"95,711",.,6.65
1998,4,DE,"239,701",.,8.83
1998,4,FL,"6,236,467",.,7.98
1998,4,GA,"2,399,553",.,7.08
1998,4,HI,"205,311",.,13.76
1998,4,IA,"773,195",.,8.35
1998,4,ID,"511,981",.,5.13
1998,4,IL,"2,339,678",.,10.72
1998,4,IN,"1,865,716",.,7.39
1998,4,KS,"685,819",.,7.47
1998,4,KY,"1,243,575",.,5.73
1998,4,LA,"1,475,013",.,6.35
1998,4,MA,"1,215,605",.,10.59
1998,4,MD,"1,448,693",.,7.88
1998,4,ME,"304,560",.,13.03
1998,4,MI,"2,142,692",.,8.48
1998,4,MN,"1,176,121",.,7.27
1998,4,MO,"1,592,762",.,6.53
1998,4,MS,"976,309",.,7.24
1998,4,MT,"296,460",.,6.29
1998,4,NC,"2,865,066",.,7.95
1998,4,ND,"249,769",.,6.44
1998,4,NE,"555,661",.,5.81
1998,4,NH,"262,543",.,14.00
1998,4,NJ,"1,525,242",.,10.86
1998,4,NM,"338,303",.,8.93
1998,4,NV,"465,486",.,7.34
1998,4,NY,"2,974,643",.,13.84
1998,4,OH,"2,936,422",.,8.80
1998,4,OK,"1,021,396",.,6.55
1998,4,OR,"1,457,020",.,5.90
1998,4,PA,"3,100,073",.,9.76
1998,4,RI,"196,825",.,11.06
1998,4,SC,"1,486,156",.,7.43
1998,4,SD,"257,984",.,7.39
1998,4,TN,"2,324,507",.,6.40
1998,4,TX,"6,018,658",.,7.27
1998,4,UT,"420,414",.,6.87
1998,4,VA,"2,187,963",.,7.60
1998,4,VT,"150,581",.,10.77
1998,4,WA,"2,759,437",.,4.94
1998,4,WI,"1,346,882",.,7.29
1998,4,WV,"786,251",.,6.13
1998,4,WY,"165,355",.,6.30
1998,3,AK,"157,393",.,11.49
1998,3,AL,"1,905,084",.,6.62
1998,3,AR,"1,015,658",.,7.07
1998,3,AZ,"1,496,780",.,7.88
1998,3,CA,"5,876,587",.,9.92
1998,3,CO,"1,115,580",.,7.40
1998,3,CT,"964,815",.,11.93
1998,3,DC,"127,095",.,6.77
1998,3,DE,"279,431",.,8.54
1998,3,FL,"6,247,194",.,7.94
1998,3,GA,"2,799,132",.,6.99
1998,3,HI,"222,754",.,14.24
1998,3,IA,"940,336",.,7.99
1998,3,ID,"616,531",.,5.00
1998,3,IL,"2,863,997",.,10.05
1998,3,IN,"2,384,380",.,6.82
1998,3,KS,"813,875",.,7.08
1998,3,KY,"1,786,199",.,5.49
1998,3,LA,"1,565,896",.,6.79
1998,3,MA,"1,394,653",.,10.59
1998,3,MD,"1,957,111",.,7.61
1998,3,ME,"304,317",.,13.02
1998,3,MI,"2,429,269",.,8.39
1998,3,MN,"1,337,520",.,7.12
1998,3,MO,"2,191,880",.,6.19
1998,3,MS,"1,079,254",.,6.99
1998,3,MT,"333,638",.,6.43
1998,3,NC,"3,376,591",.,7.86
1998,3,ND,"312,433",.,6.06
1998,3,NE,"646,391",.,5.64
1998,3,NH,"305,123",.,13.95
1998,3,NJ,"1,688,092",.,10.69
1998,3,NM,"391,090",.,8.67
1998,3,NV,"546,431",.,7.30
1998,3,NY,"3,312,156",.,13.77
1998,3,OH,"3,786,294",.,8.34
1998,3,OK,"1,287,675",.,6.05
1998,3,OR,"1,640,037",.,5.84
1998,3,PA,"3,825,193",.,9.40
1998,3,RI,"190,991",.,12.37
1998,3,SC,"1,719,677",.,7.49
1998,3,SD,"287,649",.,6.76
1998,3,TN,"2,742,657",.,6.31
1998,3,TX,"6,388,245",.,7.16
1998,3,UT,"522,548",.,6.86
1998,3,VA,"3,074,661",.,7.30
1998,3,VT,"173,901",.,11.01
1998,3,WA,"3,146,232",.,5.08
1998,3,WI,"1,563,803",.,7.12
1998,3,WV,"637,654",.,6.43
1998,3,WY,"192,408",.,6.07
1998,2,AK,"160,967",.,11.54
1998,2,AL,"2,018,437",.,6.29
1998,2,AR,"1,031,185",.,7.23
1998,2,AZ,"1,572,231",.,7.74
1998,2,CA,"6,192,447",.,10.23
1998,2,CO,"1,104,834",.,7.37
1998,2,CT,"907,779",.,11.95
1998,2,DC,"117,853",.,7.03
1998,2,DE,"297,095",.,8.46
1998,2,FL,"6,373,747",.,7.94
1998,2,GA,"2,771,224",.,6.89
1998,2,HI,"195,775",.,14.45
1998,2,IA,"808,918",.,8.18
1998,2,ID,"578,580",.,5.02
1998,2,IL,"2,932,103",.,10.24
1998,2,IN,"2,226,357",.,6.84
1998,2,KS,"728,076",.,7.28
1998,2,KY,"1,721,074",.,5.59
1998,2,LA,"1,604,477",.,7.09
1998,2,MA,"1,434,410",.,11.10
1998,2,MD,"1,877,830",.,7.49
1998,2,ME,"321,705",.,13.05
1998,2,MI,"2,171,631",.,8.74
1998,2,MN,"1,301,025",.,6.98
1998,2,MO,"1,987,044",.,6.08
1998,2,MS,"1,155,599",.,6.80
1998,2,MT,"322,992",.,6.48
1998,2,NC,"3,664,977",.,7.74
1998,2,ND,"320,868",.,5.86
1998,2,NE,"625,623",.,5.67
1998,2,NH,"286,185",.,12.47
1998,2,NJ,"1,732,608",.,10.92
1998,2,NM,"377,172",.,8.63
1998,2,NV,"512,633",.,7.25
1998,2,NY,"3,373,439",.,13.73
1998,2,OH,"3,491,871",.,8.27
1998,2,OK,"1,241,636",.,5.95
1998,2,OR,"1,635,613",.,5.83
1998,2,PA,"3,614,875",.,8.54
1998,2,RI,"233,949",.,10.99
1998,2,SC,"1,991,987",.,7.17
1998,2,SD,"280,316",.,6.85
1998,2,TN,"3,060,303",.,6.25
1998,2,TX,"6,704,691",.,7.07
1998,2,UT,"394,247",.,6.91
1998,2,VA,"3,001,748",.,7.31
1998,2,VT,"175,088",.,12.16
1998,2,WA,"3,426,512",.,5.14
1998,2,WI,"1,450,782",.,6.97
1998,2,WV,"839,338",.,6.12
1998,2,WY,"202,450",.,6.05
1998,1,AK,"204,960",.,11.27
1998,1,AL,"2,304,797",.,6.22
1998,1,AR,"1,192,547",.,7.09
1998,1,AZ,"1,857,805",.,7.56
1998,1,CA,"6,752,235",.,10.96
1998,1,CO,"1,285,681",.,7.25
1998,1,CT,"1,070,124",.,11.75
1998,1,DC,"142,146",.,7.21
1998,1,DE,"318,111",.,8.49
1998,1,FL,"7,239,012",.,7.89
1998,1,GA,"3,447,308",.,6.74
1998,1,HI,"232,078",.,14.59
1998,1,IA,"1,081,056",.,7.71
1998,1,ID,"749,592",.,4.93
1998,1,IL,"3,644,559",.,9.64
1998,1,IN,"2,684,055",.,6.57
1998,1,KS,"893,150",.,7.03
1998,1,KY,"2,165,768",.,5.32
1998,1,LA,"1,893,506",.,7.25
1998,1,MA,"1,693,012",.,10.71
1998,1,MD,"2,150,554",.,7.34
1998,1,ME,"346,817",.,12.92
1998,1,MI,"2,762,789",.,8.36
1998,1,MN,"1,623,323",.,6.78
1998,1,MO,"2,551,687",.,5.79
1998,1,MS,"1,301,342",.,6.63
1998,1,MT,"425,404",.,6.46
1998,1,NC,"4,380,229",.,7.63
1998,1,ND,"401,352",.,5.62
1998,1,NE,"748,948",.,5.30
1998,1,NH,"348,910",.,13.00
1998,1,NJ,"2,002,708",.,11.12
1998,1,NM,"483,581",.,8.66
1998,1,NV,"670,914",.,6.86
1998,1,NY,"3,690,977",.,13.87
1998,1,OH,"4,456,364",.,7.97
1998,1,OK,"1,544,357",.,5.35
1998,1,OR,"2,086,249",.,5.46
1998,1,PA,"4,385,280",.,9.14
1998,1,RI,"161,854",.,12.12
1998,1,SC,"2,231,761",.,7.21
1998,1,SD,"340,540",.,6.63
1998,1,TN,"3,470,011",.,6.19
1998,1,TX,"8,139,265",.,6.87
1998,1,UT,"573,669",.,6.80
1998,1,VA,"3,430,937",.,7.15
1998,1,VT,"210,714",.,13.18
1998,1,WA,"3,761,415",.,5.14
1998,1,WI,"1,838,892",.,6.92
1998,1,WV,"946,200",.,6.03
1998,1,WY,"230,531",.,5.93
1997,12,AK,"180,688",.,11.28
1997,12,AL,"2,135,530",.,6.43
1997,12,AR,"1,058,041",.,7.29
1997,12,AZ,"1,508,563",.,8.00
1997,12,CA,"6,313,364",.,11.64
1997,12,CO,"1,193,911",.,7.27
1997,12,CT,"1,136,961",.,11.70
1997,12,DC,"137,042",.,7.20
1997,12,DE,"290,326",.,8.63
1997,12,FL,"6,349,054",.,7.93
1997,12,GA,"3,150,143",.,6.82
1997,12,HI,"227,091",.,15.27
1997,12,IA,"1,031,777",.,7.80
1997,12,ID,"764,966",.,4.90
1997,12,IL,"3,293,930",.,9.34
1997,12,IN,"2,412,090",.,6.55
1997,12,KS,"928,204",.,7.01
1997,12,KY,"2,008,791",.,5.11
1997,12,LA,"1,665,309",.,7.31
1997,12,MA,"1,624,468",.,12.19
1997,12,MD,"2,081,754",.,7.32
1997,12,ME,"344,955",.,12.94
1997,12,MI,"2,722,458",.,8.42
1997,12,MN,"1,564,804",.,6.77
1997,12,MO,"2,456,380",.,5.92
1997,12,MS,"1,111,402",.,6.75
1997,12,MT,"408,162",.,6.53
1997,12,NC,"4,129,640",.,7.61
1997,12,ND,"335,731",.,5.67
1997,12,NE,"713,034",.,5.61
1997,12,NH,"337,297",.,13.46
1997,12,NJ,"1,903,953",.,11.53
1997,12,NM,"421,008",.,8.87
1997,12,NV,"640,760",.,6.90
1997,12,NY,"3,559,878",.,13.84
1997,12,OH,"4,469,406",.,7.97
1997,12,OK,"1,477,597",.,5.85
1997,12,OR,"1,946,786",.,5.41
1997,12,PA,"4,213,904",.,9.47
1997,12,RI,"241,902",.,12.18
1997,12,SC,"2,027,962",.,7.35
1997,12,SD,"304,111",.,6.85
1997,12,TN,"3,188,197",.,6.20
1997,12,TX,"7,177,548",.,7.16
1997,12,UT,"611,013",.,6.82
1997,12,VA,"3,495,658",.,7.00
1997,12,VT,"198,179",.,12.87
1997,12,WA,"3,313,458",.,5.08
1997,12,WI,"1,751,554",.,6.91
1997,12,WV,"987,534",.,5.96
1997,12,WY,"224,474",.,5.92
1997,11,AK,"155,803",.,11.44
1997,11,AL,"1,704,702",.,6.75
1997,11,AR,"882,647",.,7.58
1997,11,AZ,"1,195,622",.,8.57
1997,11,CA,"5,618,466",.,11.28
1997,11,CO,"980,785",.,7.48
1997,11,CT,"907,592",.,12.01
1997,11,DC,"128,008",.,6.75
1997,11,DE,"230,292",.,9.06
1997,11,FL,"6,381,351",.,7.98
1997,11,GA,"2,623,574",.,7.08
1997,11,HI,"214,388",.,14.62
1997,11,IA,"916,087",.,8.72
1997,11,ID,"613,256",.,5.17
1997,11,IL,"2,776,836",.,9.73
1997,11,IN,"2,120,462",.,7.14
1997,11,KS,"634,823",.,7.23
1997,11,KY,"1,699,133",.,5.30
1997,11,LA,"1,589,129",.,7.41
1997,11,MA,"1,281,429",.,11.71
1997,11,MD,"1,745,575",.,7.50
1997,11,ME,"282,186",.,12.80
1997,11,MI,"2,369,463",.,8.37
1997,11,MN,"1,478,904",.,6.95
1997,11,MO,"1,911,015",.,6.27
1997,11,MS,"986,042",.,7.01
1997,11,MT,"326,431",.,6.39
1997,11,NC,"2,944,284",.,7.85
1997,11,ND,"310,514",.,6.01
1997,11,NE,"573,483",.,5.99
1997,11,NH,"268,758",.,13.84
1997,11,NJ,"1,682,634",.,11.75
1997,11,NM,"334,827",.,8.79
1997,11,NV,"440,650",.,7.31
1997,11,NY,"3,061,626",.,13.93
1997,11,OH,"3,524,255",.,8.37
1997,11,OK,"1,096,550",.,6.23
1997,11,OR,"1,497,704",.,5.52
1997,11,PA,"3,441,068",.,9.52
1997,11,RI,"195,954",.,11.02
1997,11,SC,"1,495,631",.,7.62
1997,11,SD,"269,776",.,7.01
1997,11,TN,"2,517,386",.,6.36
1997,11,TX,"6,385,321",.,7.54
1997,11,UT,"423,414",.,6.89
1997,11,VA,"2,752,927",.,7.31
1997,11,VT,"179,233",.,10.81
1997,11,WA,"2,470,894",.,5.07
1997,11,WI,"1,442,901",.,6.89
1997,11,WV,"773,775",.,6.19
1997,11,WY,"167,104",.,6.18
1997,10,AK,"137,720",.,11.65
1997,10,AL,"1,789,519",.,7.03
1997,10,AR,"1,007,367",.,7.78
1997,10,AZ,"1,821,522",.,9.30
1997,10,CA,"6,242,690",.,11.59
1997,10,CO,"903,305",.,7.58
1997,10,CT,"762,967",.,12.49
1997,10,DC,"102,157",.,7.23
1997,10,DE,"206,551",.,9.43
1997,10,FL,"8,280,258",.,7.88
1997,10,GA,"2,725,977",.,7.38
1997,10,HI,"229,092",.,14.66
1997,10,IA,"864,458",.,8.29
1997,10,ID,"504,830",.,5.28
1997,10,IL,"2,530,723",.,10.71
1997,10,IN,"1,841,463",.,7.56
1997,10,KS,"924,598",.,7.72
1997,10,KY,"1,369,622",.,5.71
1997,10,LA,"2,358,168",.,7.50
1997,10,MA,"1,172,722",.,11.92
1997,10,MD,"1,477,866",.,8.11
1997,10,ME,"278,506",.,12.72
1997,10,MI,"2,098,081",.,8.48
1997,10,MN,"1,290,434",.,7.15
1997,10,MO,"1,793,120",.,6.55
1997,10,MS,"1,309,074",.,7.31
1997,10,MT,"281,592",.,6.42
1997,10,NC,"2,611,371",.,8.54
1997,10,ND,"227,559",.,6.76
1997,10,NE,"560,415",.,5.93
1997,10,NH,"248,876",.,14.11
1997,10,NJ,"1,551,383",.,11.95
1997,10,NM,"337,769",.,9.18
1997,10,NV,"500,052",.,6.97
1997,10,NY,"3,028,043",.,14.01
1997,10,OH,"2,993,072",.,9.02
1997,10,OK,"1,355,093",.,6.94
1997,10,OR,"1,242,949",.,5.68
1997,10,PA,"2,870,924",.,10.11
1997,10,RI,"178,194",.,12.62
1997,10,SC,"1,505,956",.,7.61
1997,10,SD,"227,590",.,7.39
1997,10,TN,"2,343,011",.,6.45
1997,10,TX,"10,689,779",.,8.32
1997,10,UT,"430,058",.,6.93
1997,10,VA,"2,373,387",.,8.19
1997,10,VT,"150,036",.,10.73
1997,10,WA,"2,109,957",.,4.93
1997,10,WI,"1,474,086",.,6.93
1997,10,WV,"615,816",.,6.57
1997,10,WY,"146,818",.,6.74
1997,9,AK,"122,989",.,11.42
1997,9,AL,"2,476,897",.,6.90
1997,9,AR,"1,338,848",.,8.30
1997,9,AZ,"2,447,902",.,9.16
1997,9,CA,"7,011,287",.,11.62
1997,9,CO,"985,305",.,7.44
1997,9,CT,"758,032",.,12.56
1997,9,DC,"119,719",.,8.85
1997,9,DE,"274,912",.,10.09
1997,9,FL,"9,154,182",.,8.06
1997,9,GA,"3,518,137",.,8.30
1997,9,HI,"230,792",.,14.30
1997,9,IA,"933,478",.,8.57
1997,9,ID,"436,369",.,5.27
1997,9,IL,"2,890,133",.,11.55
1997,9,IN,"1,970,411",.,7.15
1997,9,KS,"1,020,149",.,7.82
1997,9,KY,"1,501,787",.,6.13
1997,9,LA,"2,910,674",.,7.53
1997,9,MA,"1,222,665",.,11.36
1997,9,MD,"1,551,920",.,9.09
1997,9,ME,"279,997",.,12.72
1997,9,MI,"2,076,855",.,8.56
1997,9,MN,"1,314,413",.,7.43
1997,9,MO,"2,117,727",.,7.86
1997,9,MS,"1,598,272",.,7.07
1997,9,MT,"257,462",.,6.44
1997,9,NC,"3,567,967",.,8.31
1997,9,ND,"210,673",.,7.12
1997,9,NE,"673,494",.,7.39
1997,9,NH,"260,554",.,13.96
1997,9,NJ,"1,879,647",.,12.58
1997,9,NM,"385,740",.,9.10
1997,9,NV,"780,482",.,6.50
1997,9,NY,"3,393,058",.,14.56
1997,9,OH,"2,918,335",.,9.49
1997,9,OK,"1,743,057",.,6.71
1997,9,OR,"1,121,758",.,5.71
1997,9,PA,"3,002,948",.,10.58
1997,9,RI,"197,846",.,11.86
1997,9,SC,"2,103,093",.,7.52
1997,9,SD,"252,557",.,7.43
1997,9,TN,"2,969,552",.,5.97
1997,9,TX,"11,913,464",.,8.35
1997,9,UT,"471,240",.,6.87
1997,9,VA,"2,366,174",.,8.14
1997,9,VT,"144,783",.,10.78
1997,9,WA,"1,801,254",.,4.88
1997,9,WI,"1,387,880",.,6.86
1997,9,WV,"577,814",.,6.45
1997,9,WY,"128,058",.,6.56
1997,8,AK,"115,548",.,11.60
1997,8,AL,"2,854,107",.,6.85
1997,8,AR,"1,573,884",.,8.00
1997,8,AZ,"2,481,823",.,9.25
1997,8,CA,"6,803,294",.,11.92
1997,8,CO,"1,016,177",.,7.41
1997,8,CT,"914,740",.,12.47
1997,8,DC,"165,082",.,9.49
1997,8,DE,"332,256",.,10.01
1997,8,FL,"9,202,274",.,8.04
1997,8,GA,"4,323,930",.,8.73
1997,8,HI,"232,506",.,14.49
1997,8,IA,"1,067,247",.,8.99
1997,8,ID,"434,937",.,5.36
1997,8,IL,"3,799,905",.,11.44
1997,8,IN,"2,489,081",.,6.81
1997,8,KS,"1,287,311",.,8.61
1997,8,KY,"2,078,869",.,5.71
1997,8,LA,"2,973,448",.,7.56
1997,8,MA,"1,373,780",.,11.86
1997,8,MD,"2,097,125",.,9.63
1997,8,ME,"285,970",.,12.78
1997,8,MI,"2,505,931",.,9.00
1997,8,MN,"1,599,583",.,7.63
1997,8,MO,"2,915,879",.,8.41
1997,8,MS,"1,772,530",.,7.03
1997,8,MT,"258,544",.,6.45
1997,8,NC,"4,064,609",.,8.26
1997,8,ND,"233,244",.,7.32
1997,8,NE,"849,487",.,7.44
1997,8,NH,"256,319",.,14.06
1997,8,NJ,"2,339,283",.,12.75
1997,8,NM,"434,508",.,8.76
1997,8,NV,"983,888",.,6.45
1997,8,NY,"3,790,155",.,14.68
1997,8,OH,"3,708,007",.,9.35
1997,8,OK,"2,100,598",.,7.31
1997,8,OR,"1,150,044",.,5.93
1997,8,PA,"3,596,146",.,10.73
1997,8,RI,"221,029",.,11.92
1997,8,SC,"2,334,149",.,7.54
1997,8,SD,"299,094",.,7.44
1997,8,TN,"3,353,858",.,5.89
1997,8,TX,"12,279,213",.,8.05
1997,8,UT,"540,296",.,6.84
1997,8,VA,"3,049,416",.,8.41
1997,8,VT,"149,143",.,10.76
1997,8,WA,"1,809,994",.,4.83
1997,8,WI,"1,603,761",.,6.77
1997,8,WV,"720,801",.,6.23
1997,8,WY,"138,847",.,6.49
1997,7,AK,"113,761",.,11.69
1997,7,AL,"3,035,326",.,6.70
1997,7,AR,"1,409,313",.,8.15
1997,7,AZ,"2,222,911",.,9.27
1997,7,CA,"6,455,103",.,11.84
1997,7,CO,"1,020,549",.,7.41
1997,7,CT,"1,001,537",.,12.24
1997,7,DC,"177,690",.,9.86
1997,7,DE,"338,291",.,10.02
1997,7,FL,"9,097,949",.,7.92
1997,7,GA,"4,589,779",.,8.58
1997,7,HI,"229,861",.,14.41
1997,7,IA,"1,306,843",.,9.01
1997,7,ID,"431,283",.,5.43
1997,7,IL,"4,105,523",.,11.09
1997,7,IN,"2,696,073",.,6.91
1997,7,KS,"1,433,237",.,7.80
1997,7,KY,"2,381,571",.,5.64
1997,7,LA,"2,748,922",.,7.40
1997,7,MA,"1,395,905",.,11.42
1997,7,MD,"2,226,461",.,9.59
1997,7,ME,"277,583",.,12.73
1997,7,MI,"2,960,285",.,8.83
1997,7,MN,"1,696,732",.,7.77
1997,7,MO,"3,317,480",.,8.48
1997,7,MS,"1,635,730",.,7.04
1997,7,MT,"265,285",.,6.45
1997,7,NC,"4,326,357",.,8.38
1997,7,ND,"243,822",.,7.21
1997,7,NE,"861,021",.,7.55
1997,7,NH,"280,562",.,14.01
1997,7,NJ,"2,596,614",.,12.76
1997,7,NM,"414,243",.,8.94
1997,7,NV,"933,074",.,6.44
1997,7,NY,"3,736,451",.,14.80
1997,7,OH,"4,334,741",.,9.16
1997,7,OK,"2,151,171",.,7.07
1997,7,OR,"1,091,361",.,5.74
1997,7,PA,"3,980,101",.,10.93
1997,7,RI,"225,032",.,13.31
1997,7,SC,"2,340,562",.,7.63
1997,7,SD,"285,382",.,7.52
1997,7,TN,"3,340,219",.,5.93
1997,7,TX,"11,058,477",.,7.87
1997,7,UT,"491,877",.,6.88
1997,7,VA,"3,489,731",.,8.36
1997,7,VT,"148,232",.,11.03
1997,7,WA,"1,894,413",.,4.80
1997,7,WI,"1,613,313",.,6.72
1997,7,WV,"806,620",.,6.27
1997,7,WY,"128,166",.,6.63
1997,6,AK,"118,487",.,11.76
1997,6,AL,"1,951,894",.,6.86
1997,6,AR,"919,533",.,8.26
1997,6,AZ,"1,890,760",.,9.37
1997,6,CA,"6,097,132",.,11.61
1997,6,CO,"865,071",.,7.59
1997,6,CT,"802,201",.,12.50
1997,6,DC,"130,659",.,9.02
1997,6,DE,"214,138",.,10.25
1997,6,FL,"8,011,940",.,8.14
1997,6,GA,"2,954,718",.,8.35
1997,6,HI,"219,739",.,14.76
1997,6,IA,"976,155",.,8.28
1997,6,ID,"407,824",.,5.40
1997,6,IL,"2,577,464",.,11.57
1997,6,IN,"1,919,806",.,7.52
1997,6,KS,"990,169",.,8.04
1997,6,KY,"1,514,379",.,6.30
1997,6,LA,"2,181,612",.,7.21
1997,6,MA,"1,264,452",.,12.54
1997,6,MD,"1,676,711",.,9.69
1997,6,ME,"270,821",.,12.63
1997,6,MI,"2,306,473",.,8.75
1997,6,MN,"1,318,071",.,7.91
1997,6,MO,"2,161,427",.,8.72
1997,6,MS,"1,200,088",.,7.22
1997,6,MT,"247,032",.,6.48
1997,6,NC,"2,810,863",.,8.11
1997,6,ND,"207,540",.,7.13
1997,6,NE,"585,005",.,7.89
1997,6,NH,"251,985",.,14.18
1997,6,NJ,"1,795,301",.,12.48
1997,6,NM,"340,195",.,8.91
1997,6,NV,"801,939",.,6.47
1997,6,NY,"3,017,982",.,14.70
1997,6,OH,"3,215,783",.,9.50
1997,6,OK,"1,536,531",.,7.37
1997,6,OR,"1,045,756",.,5.77
1997,6,PA,"3,094,220",.,10.59
1997,6,RI,"197,209",.,13.27
1997,6,SC,"1,541,891",.,7.76
1997,6,SD,"229,602",.,7.78
1997,6,TN,"2,263,174",.,5.96
1997,6,TX,"8,056,001",.,8.49
1997,6,UT,"425,462",.,6.93
1997,6,VA,"2,553,056",.,8.45
1997,6,VT,"142,224",.,11.04
1997,6,WA,"2,008,105",.,4.70
1997,6,WI,"1,527,441",.,7.39
1997,6,WV,"608,319",.,6.52
1997,6,WY,"124,564",.,6.59
1997,5,AK,"126,889",.,11.74
1997,5,AL,"1,612,841",.,7.14
1997,5,AR,"747,739",.,8.16
1997,5,AZ,"1,509,305",.,9.22
1997,5,CA,"5,357,513",.,11.55
1997,5,CO,"920,517",.,7.80
1997,5,CT,"747,229",.,12.39
1997,5,DC,"100,918",.,7.84
1997,5,DE,"202,906",.,9.30
1997,5,FL,"6,292,604",.,8.24
1997,5,GA,"2,458,840",.,7.86
1997,5,HI,"213,567",.,14.81
1997,5,IA,"761,713",.,8.62
1997,5,ID,"462,000",.,5.24
1997,5,IL,"2,352,372",.,11.18
1997,5,IN,"1,639,217",.,7.51
1997,5,KS,"634,450",.,8.05
1997,5,KY,"1,304,622",.,5.88
1997,5,LA,"1,498,864",.,6.90
1997,5,MA,"1,127,581",.,11.54
1997,5,MD,"1,438,747",.,8.86
1997,5,ME,"285,636",.,12.63
1997,5,MI,"2,023,465",.,8.40
1997,5,MN,"1,142,202",.,7.35
1997,5,MO,"1,504,230",.,7.40
1997,5,MS,"901,409",.,7.56
1997,5,MT,"266,589",.,6.37
1997,5,NC,"2,569,099",.,8.14
1997,5,ND,"211,886",.,6.70
1997,5,NE,"489,525",.,6.28
1997,5,NH,"242,683",.,13.53
1997,5,NJ,"1,391,653",.,12.08
1997,5,NM,"328,729",.,9.22
1997,5,NV,"683,708",.,6.65
1997,5,NY,"2,876,214",.,13.84
1997,5,OH,"2,922,945",.,8.95
1997,5,OK,"1,030,185",.,7.15
1997,5,OR,"1,201,259",.,5.70
1997,5,PA,"2,931,971",.,10.07
1997,5,RI,"170,675",.,11.71
1997,5,SC,"1,312,227",.,7.67
1997,5,SD,"232,630",.,7.31
1997,5,TN,"1,981,330",.,6.12
1997,5,TX,"5,684,186",.,8.03
1997,5,UT,"395,920",.,6.84
1997,5,VA,"1,987,105",.,8.13
1997,5,VT,"146,815",.,10.74
1997,5,WA,"2,315,520",.,4.48
1997,5,WI,"1,285,680",.,7.00
1997,5,WV,"601,238",.,6.47
1997,5,WY,"151,851",.,6.48
1997,4,AK,"136,872",.,11.77
1997,4,AL,"1,466,970",.,6.98
1997,4,AR,"774,175",.,8.02
1997,4,AZ,"1,177,682",.,8.64
1997,4,CA,"5,171,716",.,11.30
1997,4,CO,"967,197",.,7.41
1997,4,CT,"779,609",.,12.17
1997,4,DC,"96,816",.,6.55
1997,4,DE,"243,987",.,8.89
1997,4,FL,"5,927,474",.,8.28
1997,4,GA,"2,249,306",.,7.45
1997,4,HI,"216,421",.,14.85
1997,4,IA,"829,233",.,8.05
1997,4,ID,"537,760",.,5.06
1997,4,IL,"2,599,973",.,10.62
1997,4,IN,"1,760,129",.,7.50
1997,4,KS,"651,005",.,7.59
1997,4,KY,"1,407,551",.,5.57
1997,4,LA,"1,353,113",.,7.23
1997,4,MA,"1,285,798",.,10.66
1997,4,MD,"1,475,485",.,7.81
1997,4,ME,"303,672",.,12.73
1997,4,MI,"2,112,130",.,8.40
1997,4,MN,"1,205,036",.,7.00
1997,4,MO,"1,663,369",.,6.56
1997,4,MS,"853,241",.,7.14
1997,4,MT,"315,476",.,6.16
1997,4,NC,"2,570,405",.,8.07
1997,4,ND,"279,683",.,6.16
1997,4,NE,"558,019",.,5.84
1997,4,NH,"273,293",.,13.31
1997,4,NJ,"1,527,256",.,11.81
1997,4,NM,"309,570",.,9.22
1997,4,NV,"426,785",.,7.20
1997,4,NY,"3,005,506",.,13.69
1997,4,OH,"3,164,440",.,8.51
1997,4,OK,"990,002",.,6.41
1997,4,OR,"1,410,984",.,5.54
1997,4,PA,"3,261,034",.,9.66
1997,4,RI,"193,217",.,11.14
1997,4,SC,"1,335,064",.,7.62
1997,4,SD,"263,118",.,6.94
1997,4,TN,"2,146,423",.,6.05
1997,4,TX,"5,552,686",.,7.67
1997,4,UT,"394,609",.,7.40
1997,4,VA,"2,254,543",.,7.71
1997,4,VT,"156,174",.,10.57
1997,4,WA,"2,893,932",.,4.72
1997,4,WI,"1,377,142",.,6.85
1997,4,WV,"678,949",.,6.59
1997,4,WY,"161,592",.,6.24
1997,3,AK,"153,064",.,11.39
1997,3,AL,"1,589,602",.,6.77
1997,3,AR,"920,941",.,7.38
1997,3,AZ,"1,308,590",.,8.25
1997,3,CA,"5,457,187",.,11.26
1997,3,CO,"1,068,630",.,7.30
1997,3,CT,"955,866",.,11.97
1997,3,DC,"117,561",.,6.66
1997,3,DE,"270,666",.,8.67
1997,3,FL,"6,035,159",.,8.27
1997,3,GA,"2,324,555",.,7.29
1997,3,HI,"220,659",.,15.16
1997,3,IA,"879,187",.,7.44
1997,3,ID,"603,132",.,4.99
1997,3,IL,"2,937,532",.,10.15
1997,3,IN,"2,263,042",.,6.82
1997,3,KS,"708,217",.,7.45
1997,3,KY,"1,584,145",.,5.53
1997,3,LA,"1,514,177",.,7.69
1997,3,MA,"1,373,894",.,11.52
1997,3,MD,"1,845,213",.,7.66
1997,3,ME,"329,307",.,12.70
1997,3,MI,"2,358,448",.,8.47
1997,3,MN,"1,379,212",.,6.99
1997,3,MO,"1,863,500",.,6.32
1997,3,MS,"973,678",.,6.73
1997,3,MT,"340,991",.,6.32
1997,3,NC,"2,904,664",.,8.03
1997,3,ND,"334,327",.,5.90
1997,3,NE,"602,561",.,5.79
1997,3,NH,"304,660",.,13.33
1997,3,NJ,"1,706,989",.,11.67
1997,3,NM,"356,047",.,8.72
1997,3,NV,"479,267",.,7.30
1997,3,NY,"3,289,663",.,13.83
1997,3,OH,"3,678,418",.,8.34
1997,3,OK,"1,131,166",.,6.45
1997,3,OR,"1,693,610",.,5.48
1997,3,PA,"3,772,236",.,9.37
1997,3,RI,"188,335",.,13.98
1997,3,SC,"1,442,090",.,7.52
1997,3,SD,"290,752",.,6.80
1997,3,TN,"2,440,010",.,5.93
1997,3,TX,"6,175,124",.,7.34
1997,3,UT,"463,724",.,6.60
1997,3,VA,"2,681,248",.,7.59
1997,3,VT,"176,951",.,11.55
1997,3,WA,"3,362,573",.,5.06
1997,3,WI,"1,615,593",.,6.79
1997,3,WV,"769,355",.,6.29
1997,3,WY,"191,032",.,6.02
1997,2,AK,"163,880",.,11.15
1997,2,AL,"1,886,419",.,6.57
1997,2,AR,"1,125,694",.,7.29
1997,2,AZ,"1,451,972",.,7.92
1997,2,CA,"5,956,438",.,11.01
1997,2,CO,"1,104,430",.,7.28
1997,2,CT,"940,719",.,11.80
1997,2,DC,"125,284",.,6.82
1997,2,DE,"319,457",.,8.37
1997,2,FL,"6,340,585",.,8.22
1997,2,GA,"2,615,353",.,7.08
1997,2,HI,"199,828",.,15.28
1997,2,IA,"923,385",.,7.43
1997,2,ID,"619,078",.,5.05
1997,2,IL,"3,357,286",.,9.28
1997,2,IN,"2,378,474",.,6.35
1997,2,KS,"743,899",.,7.25
1997,2,KY,"1,763,246",.,5.39
1997,2,LA,"1,747,893",.,7.56
1997,2,MA,"1,457,313",.,11.19
1997,2,MD,"1,919,250",.,7.51
1997,2,ME,"348,808",.,12.73
1997,2,MI,"2,189,628",.,8.50
1997,2,MN,"1,386,910",.,7.21
1997,2,MO,"2,129,034",.,5.88
1997,2,MS,"1,189,494",.,6.74
1997,2,MT,"372,256",.,6.39
1997,2,NC,"3,788,632",.,7.69
1997,2,ND,"379,073",.,5.77
1997,2,NE,"691,638",.,5.48
1997,2,NH,"291,974",.,12.90
1997,2,NJ,"1,771,627",.,11.61
1997,2,NM,"390,126",.,8.67
1997,2,NV,"489,024",.,6.92
1997,2,NY,"3,435,253",.,13.67
1997,2,OH,"3,711,846",.,7.93
1997,2,OK,"1,222,821",.,5.92
1997,2,OR,"1,746,437",.,5.43
1997,2,PA,"3,978,398",.,9.19
1997,2,RI,"224,155",.,11.10
1997,2,SC,"1,981,348",.,7.17
1997,2,SD,"331,300",.,6.61
1997,2,TN,"3,261,666",.,5.85
1997,2,TX,"7,619,997",.,7.17
1997,2,UT,"448,030",.,6.84
1997,2,VA,"3,212,405",.,7.21
1997,2,VT,"181,971",.,12.61
1997,2,WA,"3,779,931",.,5.19
1997,2,WI,"1,565,437",.,6.82
1997,2,WV,"806,419",.,6.04
1997,2,WY,"199,238",.,5.87
1997,1,AK,"200,134",.,10.90
1997,1,AL,"2,389,320",.,6.19
1997,1,AR,"1,231,473",.,7.29
1997,1,AZ,"1,665,917",.,7.83
1997,1,CA,"6,602,082",.,11.23
1997,1,CO,"1,235,032",.,7.22
1997,1,CT,"1,151,462",.,11.75
1997,1,DC,"152,746",.,6.66
1997,1,DE,"333,498",.,8.22
1997,1,FL,"6,772,508",.,8.16
1997,1,GA,"3,296,392",.,6.82
1997,1,HI,"234,106",.,15.05
1997,1,IA,"1,183,919",.,7.19
1997,1,ID,"812,494",.,5.05
1997,1,IL,"4,042,533",.,9.10
1997,1,IN,"3,060,229",.,6.32
1997,1,KS,"906,066",.,7.25
1997,1,KY,"2,384,471",.,5.16
1997,1,LA,"1,960,339",.,7.18
1997,1,MA,"1,698,230",.,11.21
1997,1,MD,"2,400,555",.,7.35
1997,1,ME,"371,531",.,12.79
1997,1,MI,"3,003,061",.,8.54
1997,1,MN,"1,697,156",.,6.69
1997,1,MO,"2,762,090",.,5.71
1997,1,MS,"1,286,400",.,6.72
1997,1,MT,"464,153",.,6.43
1997,1,NC,"4,323,215",.,7.65
1997,1,ND,"462,834",.,5.41
1997,1,NE,"830,962",.,5.06
1997,1,NH,"371,625",.,13.31
1997,1,NJ,"2,140,107",.,11.53
1997,1,NM,"449,213",.,8.84
1997,1,NV,"641,773",.,7.10
1997,1,NY,"3,865,425",.,13.75
1997,1,OH,"4,993,667",.,7.70
1997,1,OK,"1,540,828",.,5.50
1997,1,OR,"2,035,876",.,5.31
1997,1,PA,"4,642,007",.,9.05
1997,1,RI,"252,882",.,11.51
1997,1,SC,"2,191,362",.,7.30
1997,1,SD,"390,429",.,6.47
1997,1,TN,"3,562,141",.,5.82
1997,1,TX,"8,502,231",.,7.06
1997,1,UT,"565,062",.,6.91
1997,1,VA,"3,707,845",.,7.04
1997,1,VT,"218,539",.,12.71
1997,1,WA,"3,989,189",.,5.20
1997,1,WI,"1,865,658",.,6.66
1997,1,WV,"1,080,030",.,5.97
1997,1,WY,"245,555",.,5.78
1996,12,AK,"190,309",.,10.87
1996,12,AL,"2,062,333",.,6.37
1996,12,AR,"1,013,940",.,7.34
1996,12,AZ,"1,425,931",.,8.09
1996,12,CA,"6,049,010",.,11.52
1996,12,CO,"1,139,110",.,7.30
1996,12,CT,"1,076,595",.,11.58
1996,12,DC,"147,269",.,6.77
1996,12,DE,"284,514",.,8.39
1996,12,FL,"6,060,466",.,8.22
1996,12,GA,"2,964,277",.,6.40
1996,12,HI,"228,354",.,14.87
1996,12,IA,"1,088,545",.,7.50
1996,12,ID,"704,251",.,5.19
1996,12,IL,"3,603,275",.,9.33
1996,12,IN,"2,639,798",.,6.64
1996,12,KS,"894,923",.,7.27
1996,12,KY,"1,984,892",.,5.13
1996,12,LA,"1,523,966",.,6.97
1996,12,MA,"1,557,704",.,12.14
1996,12,MD,"2,157,761",.,7.21
1996,12,ME,"334,608",.,12.67
1996,12,MI,"2,723,817",.,8.52
1996,12,MN,"1,651,346",.,6.80
1996,12,MO,"2,403,434",.,5.76
1996,12,MS,"1,021,755",.,6.91
1996,12,MT,"433,400",.,6.52
1996,12,NC,"3,915,931",.,7.75
1996,12,ND,"416,354",.,5.78
1996,12,NE,"742,405",.,5.44
1996,12,NH,"289,133",.,14.50
1996,12,NJ,"1,888,543",.,11.59
1996,12,NM,"374,159",.,9.08
1996,12,NV,"580,094",.,7.10
1996,12,NY,"3,475,459",.,13.75
1996,12,OH,"4,164,112",.,7.83
1996,12,OK,"1,452,867",.,5.74
1996,12,OR,"1,987,171",.,5.61
1996,12,PA,"4,096,849",.,9.12
1996,12,RI,"232,311",.,12.74
1996,12,SC,"1,932,093",.,7.38
1996,12,SD,"349,823",.,6.59
1996,12,TN,"3,118,186",.,5.84
1996,12,TX,"6,753,601",.,7.25
1996,12,UT,"553,076",.,6.92
1996,12,VA,"3,325,535",.,6.92
1996,12,VT,"190,035",.,13.08
1996,12,WA,"3,547,685",.,5.25
1996,12,WI,"1,797,455",.,6.82
1996,12,WV,"948,426",.,5.91
1996,12,WY,"219,064",.,6.02
1996,11,AK,"160,366",.,11.62
1996,11,AL,"1,489,600",.,6.91
1996,11,AR,"790,672",.,7.75
1996,11,AZ,"1,201,965",.,8.73
1996,11,CA,"5,472,288",.,11.00
1996,11,CO,"935,911",.,7.54
1996,11,CT,"906,020",.,12.01
1996,11,DC,"122,903",.,6.49
1996,11,DE,"220,427",.,8.90
1996,11,FL,"6,329,905",.,8.25
1996,11,GA,"2,443,766",.,7.02
1996,11,HI,"217,102",.,14.73
1996,11,IA,"945,449",.,7.59
1996,11,ID,"608,442",.,5.22
1996,11,IL,"2,620,746",.,10.03
1996,11,IN,"2,043,939",.,7.48
1996,11,KS,"717,221",.,7.56
1996,11,KY,"1,663,651",.,5.36
1996,11,LA,"1,455,731",.,7.13
1996,11,MA,"1,279,556",.,10.56
1996,11,MD,"1,770,810",.,7.62
1996,11,ME,"284,689",.,12.59
1996,11,MI,"2,294,771",.,8.37
1996,11,MN,"1,471,845",.,6.85
1996,11,MO,"1,949,375",.,6.39
1996,11,MS,"880,384",.,7.22
1996,11,MT,"328,302",.,6.35
1996,11,NC,"2,827,966",.,7.94
1996,11,ND,"340,140",.,5.88
1996,11,NE,"577,598",.,5.86
1996,11,NH,"273,936",.,13.29
1996,11,NJ,"1,629,032",.,11.74
1996,11,NM,"319,646",.,8.69
1996,11,NV,"456,626",.,7.34
1996,11,NY,"2,985,075",.,13.83
1996,11,OH,"3,660,706",.,8.42
1996,11,OK,"1,008,695",.,6.57
1996,11,OR,"1,569,798",.,5.71
1996,11,PA,"3,374,456",.,9.48
1996,11,RI,"194,704",.,10.53
1996,11,SC,"1,406,562",.,7.57
1996,11,SD,"282,415",.,6.93
1996,11,TN,"2,330,337",.,5.99
1996,11,TX,"5,971,033",.,7.58
1996,11,UT,"426,882",.,7.34
1996,11,VA,"2,788,594",.,7.38
1996,11,VT,"171,880",.,11.43
1996,11,WA,"2,582,352",.,5.07
1996,11,WI,"1,517,244",.,6.96
1996,11,WV,"764,154",.,6.30
1996,11,WY,"176,551",.,6.15
1996,10,AK,"144,433",.,11.75
1996,10,AL,"1,457,981",.,7.05
1996,10,AR,"846,431",.,8.04
1996,10,AZ,"1,594,353",.,9.34
1996,10,CA,"5,844,339",.,11.36
1996,10,CO,"863,947",.,7.77
1996,10,CT,"748,586",.,12.27
1996,10,DC,"99,534",.,7.15
1996,10,DE,"204,350",.,9.20
1996,10,FL,"7,637,599",.,8.15
1996,10,GA,"2,428,347",.,7.37
1996,10,HI,"231,517",.,14.61
1996,10,IA,"815,671",.,8.04
1996,10,ID,"508,682",.,5.27
1996,10,IL,"2,278,225",.,11.71
1996,10,IN,"1,701,257",.,7.65
1996,10,KS,"719,181",.,7.94
1996,10,KY,"1,204,512",.,5.90
1996,10,LA,"1,913,016",.,7.83
1996,10,MA,"1,198,668",.,10.96
1996,10,MD,"1,421,523",.,8.16
1996,10,ME,"277,647",.,12.57
1996,10,MI,"2,086,006",.,8.20
1996,10,MN,"1,250,174",.,7.12
1996,10,MO,"1,528,054",.,6.82
1996,10,MS,"1,062,934",.,7.42
1996,10,MT,"316,501",.,6.27
1996,10,NC,"2,368,071",.,8.75
1996,10,ND,"236,887",.,6.54
1996,10,NE,"501,144",.,5.97
1996,10,NH,"259,649",.,13.46
1996,10,NJ,"1,537,755",.,11.97
1996,10,NM,"297,434",.,9.32
1996,10,NV,"487,247",.,7.12
1996,10,NY,"3,014,084",.,13.97
1996,10,OH,"2,754,492",.,9.23
1996,10,OK,"1,071,133",.,7.40
1996,10,OR,"1,176,166",.,5.76
1996,10,PA,"2,826,471",.,10.02
1996,10,RI,"183,874",.,10.89
1996,10,SC,"1,362,116",.,7.57
1996,10,SD,"223,301",.,7.42
1996,10,TN,"2,019,620",.,6.08
1996,10,TX,"7,943,012",.,8.23
1996,10,UT,"446,407",.,6.73
1996,10,VA,"1,978,907",.,7.88
1996,10,VT,"154,174",.,10.33
1996,10,WA,"2,040,186",.,4.95
1996,10,WI,"1,379,886",.,7.03
1996,10,WV,"590,941",.,6.71
1996,10,WY,"149,159",.,6.68
1996,9,AK,"120,615",.,11.91
1996,9,AL,"2,245,152",.,6.88
1996,9,AR,"1,244,745",.,8.26
1996,9,AZ,"2,224,869",.,9.28
1996,9,CA,"6,838,420",.,11.36
1996,9,CO,"927,952",.,7.70
1996,9,CT,"824,462",.,12.63
1996,9,DC,"111,088",.,8.85
1996,9,DE,"300,251",.,9.89
1996,9,FL,"8,864,271",.,7.97
1996,9,GA,"3,227,026",.,8.05
1996,9,HI,"225,625",.,14.18
1996,9,IA,"919,002",.,8.60
1996,9,ID,"407,867",.,5.38
1996,9,IL,"3,387,249",.,11.29
1996,9,IN,"2,094,710",.,6.80
1996,9,KS,"886,101",.,8.16
1996,9,KY,"1,528,545",.,5.69
1996,9,LA,"2,621,013",.,8.09
1996,9,MA,"1,220,170",.,11.59
1996,9,MD,"1,622,417",.,9.29
1996,9,ME,"281,257",.,12.56
1996,9,MI,"2,277,018",.,8.74
1996,9,MN,"1,419,162",.,7.41
1996,9,MO,"2,007,554",.,7.94
1996,9,MS,"1,470,582",.,7.38
1996,9,MT,"258,349",.,6.29
1996,9,NC,"3,040,302",.,8.45
1996,9,ND,"219,460",.,6.95
1996,9,NE,"604,534",.,7.40
1996,9,NH,"251,146",.,13.26
1996,9,NJ,"2,047,593",.,12.70
1996,9,NM,"353,730",.,8.84
1996,9,NV,"696,716",.,6.73
1996,9,NY,"3,518,250",.,14.59
1996,9,OH,"3,171,115",.,9.42
1996,9,OK,"1,489,193",.,7.11
1996,9,OR,"1,061,777",.,6.17
1996,9,PA,"3,237,349",.,10.55
1996,9,RI,"210,607",.,10.35
1996,9,SC,"1,932,525",.,7.45
1996,9,SD,"260,491",.,7.26
1996,9,TN,"2,908,746",.,5.90
1996,9,TX,"10,182,349",.,8.23
1996,9,UT,"433,751",.,6.99
1996,9,VA,"2,328,924",.,8.08
1996,9,VT,"141,724",.,10.33
1996,9,WA,"1,827,621",.,4.94
1996,9,WI,"1,422,097",.,6.85
1996,9,WV,"572,823",.,6.51
1996,9,WY,"129,264",.,6.47
1996,8,AK,"119,159",.,11.70
1996,8,AL,"2,673,320",.,6.90
1996,8,AR,"1,461,375",.,8.26
1996,8,AZ,"2,509,056",.,9.28
1996,8,CA,"7,236,657",.,11.88
1996,8,CO,"1,001,415",.,7.61
1996,8,CT,"902,685",.,12.54
1996,8,DC,"147,503",.,9.23
1996,8,DE,"287,410",.,9.89
1996,8,FL,"9,422,454",.,7.94
1996,8,GA,"4,136,448",.,8.66
1996,8,HI,"234,619",.,14.32
1996,8,IA,"1,116,459",.,8.89
1996,8,ID,"426,896",.,5.25
1996,8,IL,"3,553,672",.,11.27
1996,8,IN,"2,524,433",.,6.82
1996,8,KS,"1,176,001",.,8.61
1996,8,KY,"2,054,080",.,5.98
1996,8,LA,"2,847,593",.,7.75
1996,8,MA,"1,325,369",.,11.71
1996,8,MD,"1,948,520",.,9.93
1996,8,ME,"288,997",.,12.58
1996,8,MI,"2,781,681",.,8.78
1996,8,MN,"1,479,092",.,7.66
1996,8,MO,"2,868,007",.,8.56
1996,8,MS,"1,695,270",.,7.21
1996,8,MT,"262,200",.,6.35
1996,8,NC,"3,845,069",.,8.40
1996,8,ND,"226,418",.,7.18
1996,8,NE,"753,002",.,7.54
1996,8,NH,"292,103",.,13.74
1996,8,NJ,"2,264,001",.,12.67
1996,8,NM,"424,397",.,8.99
1996,8,NV,"996,567",.,6.56
1996,8,NY,"3,656,608",.,14.78
1996,8,OH,"4,006,255",.,9.40
1996,8,OK,"2,036,692",.,7.69
1996,8,OR,"1,142,629",.,6.07
1996,8,PA,"3,492,200",.,10.87
1996,8,RI,"209,351",.,13.09
1996,8,SC,"2,291,384",.,7.53
1996,8,SD,"269,392",.,7.48
1996,8,TN,"3,234,293",.,5.87
1996,8,TX,"12,014,639",.,8.30
1996,8,UT,"515,800",.,6.92
1996,8,VA,"2,866,294",.,8.37
1996,8,VT,"149,180",.,10.33
1996,8,WA,"1,816,002",.,4.95
1996,8,WI,"1,704,260",.,6.86
1996,8,WV,"743,292",.,6.42
1996,8,WY,"130,061",.,6.60
1996,7,AK,"115,403",.,11.92
1996,7,AL,"3,072,097",.,6.83
1996,7,AR,"1,435,017",.,8.15
1996,7,AZ,"2,394,596",.,9.31
1996,7,CA,"6,535,985",.,11.56
1996,7,CO,"974,516",.,7.67
1996,7,CT,"925,517",.,11.91
1996,7,DC,"182,440",.,9.85
1996,7,DE,"290,781",.,9.88
1996,7,FL,"8,613,227",.,7.93
1996,7,GA,"4,472,385",.,8.68
1996,7,HI,"229,919",.,14.69
1996,7,IA,"1,047,834",.,9.34
1996,7,ID,"450,193",.,5.35
1996,7,IL,"3,752,677",.,11.40
1996,7,IN,"2,665,367",.,6.57
1996,7,KS,"1,336,385",.,8.21
1996,7,KY,"2,067,214",.,5.64
1996,7,LA,"2,853,981",.,7.59
1996,7,MA,"1,348,104",.,11.41
1996,7,MD,"2,053,382",.,9.65
1996,7,ME,"280,493",.,12.50
1996,7,MI,"2,612,968",.,8.84
1996,7,MN,"1,502,115",.,7.49
1996,7,MO,"2,901,005",.,8.38
1996,7,MS,"1,715,133",.,7.16
1996,7,MT,"271,049",.,6.27
1996,7,NC,"4,195,408",.,8.46
1996,7,ND,"220,930",.,7.12
1996,7,NE,"802,712",.,7.39
1996,7,NH,"263,055",.,13.94
1996,7,NJ,"2,229,115",.,12.68
1996,7,NM,"410,052",.,8.90
1996,7,NV,"1,019,224",.,6.54
1996,7,NY,"3,467,672",.,14.67
1996,7,OH,"3,978,827",.,9.26
1996,7,OK,"2,249,934",.,7.34
1996,7,OR,"1,126,564",.,5.60
1996,7,PA,"3,617,596",.,10.71
1996,7,RI,"201,042",.,13.57
1996,7,SC,"2,349,350",.,7.62
1996,7,SD,"273,640",.,7.39
1996,7,TN,"3,458,856",.,5.82
1996,7,TX,"12,011,539",.,8.28
1996,7,UT,"535,872",.,6.94
1996,7,VA,"3,132,555",.,8.31
1996,7,VT,"148,318",.,10.39
1996,7,WA,"1,928,430",.,4.92
1996,7,WI,"1,536,967",.,6.80
1996,7,WV,"735,821",.,6.45
1996,7,WY,"134,553",.,6.35
1996,6,AK,"114,477",.,11.85
1996,6,AL,"2,505,105",.,6.74
1996,6,AR,"1,106,894",.,8.40
1996,6,AZ,"1,766,431",.,9.40
1996,6,CA,"5,744,929",.,10.42
1996,6,CO,"904,367",.,7.75
1996,6,CT,"782,542",.,12.01
1996,6,DC,"148,817",.,9.25
1996,6,DE,"236,407",.,9.99
1996,6,FL,"7,984,977",.,7.85
1996,6,GA,"3,784,655",.,8.46
1996,6,HI,"221,399",.,14.20
1996,6,IA,"1,021,480",.,9.03
1996,6,ID,"431,673",.,5.39
1996,6,IL,"2,865,758",.,10.99
1996,6,IN,"1,732,506",.,7.14
1996,6,KS,"1,096,726",.,8.08
1996,6,KY,"1,737,164",.,5.83
1996,6,LA,"2,486,315",.,7.55
1996,6,MA,"1,206,399",.,12.54
1996,6,MD,"1,861,137",.,9.65
1996,6,ME,"271,389",.,12.44
1996,6,MI,"2,255,428",.,8.20
1996,6,MN,"1,390,602",.,7.65
1996,6,MO,"2,422,084",.,8.55
1996,6,MS,"1,439,915",.,7.17
1996,6,MT,"256,967",.,6.11
1996,6,NC,"3,255,034",.,7.98
1996,6,ND,"220,172",.,7.10
1996,6,NE,"616,170",.,7.77
1996,6,NH,"256,994",.,13.68
1996,6,NJ,"1,888,063",.,12.43
1996,6,NM,"389,457",.,8.95
1996,6,NV,"779,355",.,6.66
1996,6,NY,"3,097,824",.,14.54
1996,6,OH,"3,671,711",.,9.46
1996,6,OK,"1,647,442",.,7.70
1996,6,OR,"1,166,699",.,5.48
1996,6,PA,"3,233,198",.,10.52
1996,6,RI,"177,748",.,12.72
1996,6,SC,"1,880,926",.,7.66
1996,6,SD,"245,692",.,7.58
1996,6,TN,"2,767,311",.,6.02
1996,6,TX,"10,096,346",.,8.30
1996,6,UT,"392,226",.,6.96
1996,6,VA,"2,803,693",.,8.35
1996,6,VT,"144,439",.,10.25
1996,6,WA,"2,140,203",.,4.90
1996,6,WI,"1,509,296",.,6.89
1996,6,WV,"653,646",.,6.68
1996,6,WY,"143,665",.,6.21
1996,5,AK,"124,363",.,11.68
1996,5,AL,"1,872,926",.,6.88
1996,5,AR,"792,397",.,8.01
1996,5,AZ,"1,406,016",.,9.23
1996,5,CA,"5,176,881",.,11.53
1996,5,CO,"847,424",.,7.61
1996,5,CT,"753,792",.,12.14
1996,5,DC,"104,493",.,7.74
1996,5,DE,"195,770",.,9.15
1996,5,FL,"6,353,903",.,7.94
1996,5,GA,"2,973,065",.,7.81
1996,5,HI,"216,028",.,14.16
1996,5,IA,"780,895",.,8.64
1996,5,ID,"450,652",.,5.42
1996,5,IL,"2,413,719",.,10.55
1996,5,IN,"1,725,851",.,7.31
1996,5,KS,"751,139",.,8.00
1996,5,KY,"1,396,878",.,5.82
1996,5,LA,"1,741,832",.,7.57
1996,5,MA,"1,135,225",.,10.84
1996,5,MD,"1,454,060",.,8.89
1996,5,ME,"274,676",.,12.50
1996,5,MI,"2,043,685",.,8.47
1996,5,MN,"1,143,393",.,7.35
1996,5,MO,"1,705,812",.,7.52
1996,5,MS,"1,021,219",.,7.40
1996,5,MT,"281,158",.,6.04
1996,5,NC,"2,594,037",.,8.19
1996,5,ND,"239,092",.,6.57
1996,5,NE,"499,083",.,6.22
1996,5,NH,"243,703",.,13.43
1996,5,NJ,"1,535,132",.,11.89
1996,5,NM,"317,273",.,9.05
1996,5,NV,"570,771",.,6.86
1996,5,NY,"2,898,989",.,14.00
1996,5,OH,"3,146,225",.,9.02
1996,5,OK,"1,202,408",.,6.66
1996,5,OR,"1,227,124",.,5.53
1996,5,PA,"3,046,704",.,10.12
1996,5,RI,"175,692",.,12.10
1996,5,SC,"1,419,945",.,7.98
1996,5,SD,"235,031",.,7.22
1996,5,TN,"2,158,731",.,6.05
1996,5,TX,"6,601,363",.,7.73
1996,5,UT,"422,457",.,7.00
1996,5,VA,"2,094,676",.,8.25
1996,5,VT,"147,843",.,10.15
1996,5,WA,"2,495,946",.,4.97
1996,5,WI,"1,364,483",.,6.97
1996,5,WV,"626,589",.,6.79
1996,5,WY,"145,871",.,6.22
1996,4,AK,"140,327",.,11.33
1996,4,AL,"1,638,196",.,6.46
1996,4,AR,"861,538",.,7.46
1996,4,AZ,"1,118,174",.,8.96
1996,4,CA,"5,051,335",.,11.27
1996,4,CO,"940,326",.,7.44
1996,4,CT,"801,929",.,11.85
1996,4,DC,"107,394",.,6.64
1996,4,DE,"251,943",.,8.58
1996,4,FL,"5,815,274",.,7.98
1996,4,GA,"2,307,340",.,7.20
1996,4,HI,"214,066",.,13.88
1996,4,IA,"774,695",.,8.19
1996,4,ID,"484,198",.,5.18
1996,4,IL,"2,665,415",.,10.00
1996,4,IN,"1,917,842",.,6.83
1996,4,KS,"647,697",.,7.75
1996,4,KY,"1,435,916",.,5.47
1996,4,LA,"1,413,607",.,7.87
1996,4,MA,"1,266,287",.,10.91
1996,4,MD,"1,613,788",.,7.70
1996,4,ME,"304,120",.,12.60
1996,4,MI,"2,145,149",.,8.38
1996,4,MN,"1,216,453",.,6.97
1996,4,MO,"1,657,075",.,6.31
1996,4,MS,"939,569",.,7.14
1996,4,MT,"313,268",.,5.90
1996,4,NC,"2,934,608",.,7.96
1996,4,ND,"290,601",.,6.03
1996,4,NE,"543,619",.,5.69
1996,4,NH,"272,315",.,13.13
1996,4,NJ,"1,565,063",.,11.68
1996,4,NM,"314,834",.,8.91
1996,4,NV,"415,222",.,7.36
1996,4,NY,"3,123,959",.,13.80
1996,4,OH,"3,093,757",.,8.47
1996,4,OK,"1,026,071",.,6.28
1996,4,OR,"1,392,063",.,5.55
1996,4,PA,"3,286,454",.,9.41
1996,4,RI,"193,744",.,11.53
1996,4,SC,"1,528,805",.,7.60
1996,4,SD,"273,881",.,6.89
1996,4,TN,"2,582,117",.,5.90
1996,4,TX,"5,955,348",.,7.46
1996,4,UT,"358,329",.,6.96
1996,4,VA,"2,329,232",.,7.52
1996,4,VT,"150,234",.,9.72
1996,4,WA,"2,741,675",.,4.92
1996,4,WI,"1,393,771",.,7.08
1996,4,WV,"642,267",.,6.52
1996,4,WY,"165,462",.,6.05
1996,3,AK,"161,188",.,11.05
1996,3,AL,"1,775,514",.,6.13
1996,3,AR,"958,471",.,7.45
1996,3,AZ,"1,210,711",.,8.46
1996,3,CA,"5,533,400",.,11.25
1996,3,CO,"1,050,190",.,7.28
1996,3,CT,"966,371",.,12.01
1996,3,DC,"125,339",.,6.75
1996,3,DE,"295,121",.,8.28
1996,3,FL,"6,366,945",.,8.01
1996,3,GA,"2,697,879",.,7.35
1996,3,HI,"222,407",.,14.02
1996,3,IA,"925,458",.,7.60
1996,3,ID,"607,711",.,5.55
1996,3,IL,"3,090,764",.,9.57
1996,3,IN,"2,271,336",.,6.58
1996,3,KS,"750,229",.,7.58
1996,3,KY,"1,765,225",.,5.40
1996,3,LA,"1,629,089",.,7.56
1996,3,MA,"1,426,158",.,11.47
1996,3,MD,"2,087,563",.,7.46
1996,3,ME,"336,278",.,12.61
1996,3,MI,"2,381,369",.,8.43
1996,3,MN,"1,405,783",.,6.92
1996,3,MO,"2,096,578",.,6.31
1996,3,MS,"1,073,513",.,6.79
1996,3,MT,"370,674",.,6.03
1996,3,NC,"3,476,199",.,7.92
1996,3,ND,"353,191",.,5.86
1996,3,NE,"630,846",.,5.58
1996,3,NH,"313,541",.,13.06
1996,3,NJ,"1,877,408",.,11.49
1996,3,NM,"338,538",.,8.98
1996,3,NV,"462,727",.,7.27
1996,3,NY,"3,478,818",.,13.71
1996,3,OH,"3,924,088",.,8.08
1996,3,OK,"1,197,891",.,5.94
1996,3,OR,"1,684,413",.,5.69
1996,3,PA,"4,121,694",.,9.17
1996,3,RI,"205,280",.,13.00
1996,3,SC,"1,694,324",.,7.58
1996,3,SD,"307,811",.,6.78
1996,3,TN,"2,967,742",.,5.84
1996,3,TX,"6,357,914",.,7.25
1996,3,UT,"437,852",.,6.96
1996,3,VA,"3,163,306",.,7.22
1996,3,VT,"185,446",.,10.80
1996,3,WA,"3,566,872",.,4.92
1996,3,WI,"1,599,705",.,6.85
1996,3,WV,"914,553",.,6.40
1996,3,WY,"195,090",.,5.88
1996,2,AK,"182,306",.,10.55
1996,2,AL,"2,172,769",.,6.26
1996,2,AR,"1,157,982",.,6.70
1996,2,AZ,"1,325,683",.,8.45
1996,2,CA,"5,698,391",.,11.16
1996,2,CO,"1,108,294",.,7.23
1996,2,CT,"1,062,694",.,11.98
1996,2,DC,"147,005",.,6.85
1996,2,DE,"346,906",.,8.02
1996,2,FL,"6,858,459",.,7.92
1996,2,GA,"2,911,134",.,6.96
1996,2,HI,"205,390",.,13.76
1996,2,IA,"967,447",.,7.36
1996,2,ID,"659,337",.,5.05
1996,2,IL,"3,405,498",.,9.28
1996,2,IN,"2,527,074",.,6.17
1996,2,KS,"765,769",.,7.37
1996,2,KY,"2,063,893",.,5.38
1996,2,LA,"1,795,745",.,7.31
1996,2,MA,"1,524,042",.,10.94
1996,2,MD,"2,362,304",.,7.25
1996,2,ME,"369,183",.,12.68
1996,2,MI,"2,455,096",.,8.37
1996,2,MN,"1,499,889",.,6.85
1996,2,MO,"2,209,560",.,5.86
1996,2,MS,"1,285,933",.,6.45
1996,2,MT,"382,854",.,6.20
1996,2,NC,"4,275,831",.,7.67
1996,2,ND,"402,337",.,5.60
1996,2,NE,"702,674",.,5.27
1996,2,NH,"322,546",.,13.15
1996,2,NJ,"1,975,036",.,11.41
1996,2,NM,"355,875",.,8.83
1996,2,NV,"463,784",.,7.27
1996,2,NY,"3,643,302",.,13.46
1996,2,OH,"4,103,012",.,7.78
1996,2,OK,"1,344,537",.,5.70
1996,2,OR,"1,826,776",.,5.70
1996,2,PA,"4,362,723",.,8.92
1996,2,RI,"229,332",.,11.37
1996,2,SC,"2,213,225",.,7.27
1996,2,SD,"351,901",.,6.52
1996,2,TN,"3,827,152",.,5.76
1996,2,TX,"7,502,999",.,6.50
1996,2,UT,"429,248",.,6.93
1996,2,VA,"3,636,535",.,6.98
1996,2,VT,"199,132",.,11.99
1996,2,WA,"3,709,706",.,5.12
1996,2,WI,"1,603,323",.,6.82
1996,2,WV,"971,746",.,6.21
1996,2,WY,"214,612",.,5.78
1996,1,AK,"193,238",.,11.00
1996,1,AL,"2,669,028",.,6.21
1996,1,AR,"1,264,532",.,7.22
1996,1,AZ,"1,568,707",.,7.98
1996,1,CA,"6,214,470",.,11.43
1996,1,CO,"1,177,126",.,7.21
1996,1,CT,"1,191,711",.,11.90
1996,1,DC,"170,508",.,6.69
1996,1,DE,"357,328",.,8.08
1996,1,FL,"8,007,273",.,7.87
1996,1,GA,"3,416,656",.,6.61
1996,1,HI,"229,455",.,13.60
1996,1,IA,"1,134,287",.,7.23
1996,1,ID,"768,067",.,5.27
1996,1,IL,"3,917,193",.,9.16
1996,1,IN,"3,016,383",.,6.14
1996,1,KS,"930,973",.,7.18
1996,1,KY,"2,451,244",.,5.26
1996,1,LA,"2,028,915",.,6.98
1996,1,MA,"1,768,098",.,10.16
1996,1,MD,"2,632,507",.,7.20
1996,1,ME,"375,852",.,12.62
1996,1,MI,"2,844,486",.,8.26
1996,1,MN,"1,727,271",.,6.64
1996,1,MO,"2,699,066",.,5.79
1996,1,MS,"1,358,392",.,6.33
1996,1,MT,"435,793",.,6.26
1996,1,NC,"4,863,388",.,7.59
1996,1,ND,"436,048",.,5.54
1996,1,NE,"767,117",.,5.20
1996,1,NH,"391,005",.,12.93
1996,1,NJ,"2,195,486",.,11.34
1996,1,NM,"433,057",.,8.66
1996,1,NV,"597,999",.,7.01
1996,1,NY,"3,924,503",.,13.39
1996,1,OH,"4,898,950",.,7.54
1996,1,OK,"1,575,929",.,5.35
1996,1,OR,"1,923,467",.,5.64
1996,1,PA,"4,948,926",.,8.84
1996,1,RI,"266,925",.,10.22
1996,1,SC,"2,502,300",.,7.11
1996,1,SD,"352,806",.,6.58
1996,1,TN,"3,960,184",.,5.76
1996,1,TX,"8,266,005",.,6.94
1996,1,UT,"529,382",.,6.90
1996,1,VA,"4,202,283",.,6.86
1996,1,VT,"223,808",.,11.78
1996,1,WA,"3,615,767",.,5.23
1996,1,WI,"1,856,403",.,6.68
1996,1,WV,"1,112,269",.,6.13
1996,1,WY,"218,677",.,5.72
1995,12,AK,"184,394",.,10.79
1995,12,AL,"2,099,590",.,6.19
1995,12,AR,"962,119",.,7.53
1995,12,AZ,"1,195,890",.,8.34
1995,12,CA,"5,659,341",.,11.65
1995,12,CO,"1,037,287",.,7.32
1995,12,CT,"1,156,266",.,11.83
1995,12,DC,"157,079",.,6.69
1995,12,DE,"286,723",.,8.38
1995,12,FL,"5,935,291",.,8.06
1995,12,GA,"3,052,674",.,6.85
1995,12,HI,"231,823",.,12.07
1995,12,IA,"1,010,528",.,7.24
1995,12,ID,"687,626",.,5.32
1995,12,IL,"3,436,547",.,9.31
1995,12,IN,"2,613,089",.,6.46
1995,12,KS,"864,999",.,7.36
1995,12,KY,"2,065,275",.,5.20
1995,12,LA,"1,559,256",.,7.23
1995,12,MA,"1,599,057",.,12.06
1995,12,MD,"2,354,804",.,7.26
1995,12,ME,"345,733",.,12.61
1995,12,MI,"2,654,747",.,8.25
1995,12,MN,"1,610,534",.,6.71
1995,12,MO,"2,357,354",.,5.99
1995,12,MS,"989,634",.,6.80
1995,12,MT,"381,634",.,6.28
1995,12,NC,"3,880,153",.,7.72
1995,12,ND,"386,542",.,5.57
1995,12,NE,"674,892",.,5.55
1995,12,NH,"337,055",.,13.52
1995,12,NJ,"1,994,116",.,11.56
1995,12,NM,"352,326",.,8.78
1995,12,NV,"519,272",.,7.20
1995,12,NY,"3,583,059",.,13.50
1995,12,OH,"4,464,788",.,7.76
1995,12,OK,"1,316,517",.,6.02
1995,12,OR,"1,810,165",.,5.68
1995,12,PA,"4,469,826",.,9.15
1995,12,RI,"227,187",.,13.01
1995,12,SC,"1,904,916",.,7.62
1995,12,SD,"306,750",.,6.75
1995,12,TN,"2,898,301",.,5.84
1995,12,TX,"6,151,974",.,7.15
1995,12,UT,"493,942",.,6.92
1995,12,VA,"3,782,254",.,6.94
1995,12,VT,"213,372",.,12.16
1995,12,WA,"3,094,642",.,5.30
1995,12,WI,"1,781,769",.,6.73
1995,12,WV,"1,051,701",.,6.17
1995,12,WY,"208,062",.,5.76
1995,11,AK,"159,253",.,10.99
1995,11,AL,"1,446,567",.,6.59
1995,11,AR,"767,576",.,7.96
1995,11,AZ,"1,116,658",.,8.57
1995,11,CA,"5,302,095",.,11.37
1995,11,CO,"892,789",.,7.47
1995,11,CT,"905,685",.,12.27
1995,11,DC,"117,859",.,6.47
1995,11,DE,"214,003",.,8.96
1995,11,FL,"6,635,624",.,8.07
1995,11,GA,"2,349,040",.,7.12
1995,11,HI,"216,791",.,13.46
1995,11,IA,"860,578",.,8.32
1995,11,ID,"549,737",.,5.37
1995,11,IL,"2,676,995",.,10.02
1995,11,IN,"2,096,067",.,7.06
1995,11,KS,"680,899",.,7.50
1995,11,KY,"1,647,454",.,5.57
1995,11,LA,"1,461,805",.,7.26
1995,11,MA,"1,248,436",.,10.47
1995,11,MD,"1,734,665",.,7.62
1995,11,ME,"287,764",.,12.58
1995,11,MI,"2,175,480",.,8.15
1995,11,MN,"1,411,120",.,6.92
1995,11,MO,"1,843,045",.,6.49
1995,11,MS,"909,780",.,7.38
1995,11,MT,"334,142",.,6.11
1995,11,NC,"2,910,905",.,7.89
1995,11,ND,"311,046",.,5.98
1995,11,NE,"550,950",.,5.79
1995,11,NH,"270,666",.,13.82
1995,11,NJ,"1,628,940",.,11.73
1995,11,NM,"296,932",.,8.90
1995,11,NV,"387,802",.,7.52
1995,11,NY,"2,995,556",.,13.81
1995,11,OH,"3,683,175",.,8.33
1995,11,OK,"994,736",.,6.56
1995,11,OR,"1,429,598",.,5.64
1995,11,PA,"3,282,005",.,9.70
1995,11,RI,"186,201",.,10.70
1995,11,SC,"1,445,583",.,7.55
1995,11,SD,"265,521",.,6.97
1995,11,TN,"2,218,200",.,5.98
1995,11,TX,"5,771,363",.,7.38
1995,11,UT,"413,506",.,6.96
1995,11,VA,"2,748,141",.,7.34
1995,11,VT,"171,375",.,11.10
1995,11,WA,"2,452,968",.,5.21
1995,11,WI,"1,514,572",.,6.79
1995,11,WV,"782,573",.,6.65
1995,11,WY,"172,961",.,5.84
1995,10,AK,"132,587",.,11.21
1995,10,AL,"1,459,838",.,7.10
1995,10,AR,"844,043",.,8.08
1995,10,AZ,"1,476,575",.,9.47
1995,10,CA,"5,775,668",.,11.42
1995,10,CO,"867,803",.,7.52
1995,10,CT,"667,559",.,12.99
1995,10,DC,"105,152",.,7.17
1995,10,DE,"198,404",.,9.25
1995,10,FL,"8,083,190",.,7.96
1995,10,GA,"2,421,133",.,7.49
1995,10,HI,"225,063",.,13.41
1995,10,IA,"690,872",.,10.19
1995,10,ID,"436,502",.,6.44
1995,10,IL,"2,259,321",.,11.71
1995,10,IN,"1,607,653",.,7.74
1995,10,KS,"672,806",.,8.15
1995,10,KY,"1,097,950",.,6.06
1995,10,LA,"2,117,812",.,7.34
1995,10,MA,"1,097,256",.,11.35
1995,10,MD,"1,413,367",.,8.27
1995,10,ME,"263,299",.,12.44
1995,10,MI,"1,988,635",.,8.14
1995,10,MN,"1,240,685",.,7.05
1995,10,MO,"1,458,403",.,6.91
1995,10,MS,"1,103,521",.,7.45
1995,10,MT,"303,676",.,6.05
1995,10,NC,"2,420,309",.,8.59
1995,10,ND,"230,432",.,6.61
1995,10,NE,"495,728",.,5.98
1995,10,NH,"236,380",.,14.08
1995,10,NJ,"1,518,089",.,11.79
1995,10,NM,"303,765",.,8.95
1995,10,NV,"448,872",.,7.30
1995,10,NY,"2,933,032",.,13.76
1995,10,OH,"2,681,989",.,9.05
1995,10,OK,"1,019,785",.,7.16
1995,10,OR,"1,194,274",.,5.74
1995,10,PA,"2,839,449",.,10.16
1995,10,RI,"170,722",.,10.81
1995,10,SC,"1,388,534",.,7.47
1995,10,SD,"214,777",.,7.50
1995,10,TN,"1,846,809",.,6.09
1995,10,TX,"8,101,652",.,8.08
1995,10,UT,"387,269",.,7.00
1995,10,VA,"1,982,921",.,8.08
1995,10,VT,"140,095",.,9.94
1995,10,WA,"2,014,580",.,4.96
1995,10,WI,"1,447,071",.,6.92
1995,10,WV,"572,235",.,6.89
1995,10,WY,"151,957",.,6.31
1995,9,AK,"121,113",.,11.48
1995,9,AL,"2,366,557",.,7.02
1995,9,AR,"1,470,581",.,8.32
1995,9,AZ,"2,244,274",.,9.44
1995,9,CA,"6,738,715",.,11.77
1995,9,CO,"968,206",.,7.42
1995,9,CT,"746,570",.,12.55
1995,9,DC,"131,413",.,9.35
1995,9,DE,"294,968",.,9.85
1995,9,FL,"8,819,578",.,7.72
1995,9,GA,"3,181,747",.,8.26
1995,9,HI,"215,840",.,13.38
1995,9,IA,"904,969",.,8.68
1995,9,ID,"483,757",.,4.69
1995,9,IL,"3,817,991",.,11.12
1995,9,IN,"2,033,866",.,6.74
1995,9,KS,"942,431",.,8.14
1995,9,KY,"1,446,170",.,5.58
1995,9,LA,"3,027,070",.,7.25
1995,9,MA,"1,166,928",.,11.75
1995,9,MD,"1,640,035",.,9.32
1995,9,ME,"276,801",.,12.46
1995,9,MI,"2,207,808",.,8.58
1995,9,MN,"1,356,998",.,7.43
1995,9,MO,"1,990,042",.,7.60
1995,9,MS,"1,641,863",.,7.02
1995,9,MT,"256,631",.,6.07
1995,9,NC,"3,304,981",.,8.36
1995,9,ND,"216,581",.,7.07
1995,9,NE,"711,716",.,7.24
1995,9,NH,"225,899",.,13.62
1995,9,NJ,"1,934,397",.,12.78
1995,9,NM,"364,390",.,8.77
1995,9,NV,"701,572",.,6.85
1995,9,NY,"3,494,625",.,14.51
1995,9,OH,"3,016,730",.,9.43
1995,9,OK,"1,777,263",.,7.14
1995,9,OR,"1,026,220",.,5.77
1995,9,PA,"3,123,197",.,10.31
1995,9,RI,"197,128",.,9.67
1995,9,SC,"1,988,108",.,7.45
1995,9,SD,"268,357",.,7.30
1995,9,TN,"2,916,836",.,5.87
1995,9,TX,"11,459,569",.,7.09
1995,9,UT,"415,744",.,6.93
1995,9,VA,"2,236,881",.,8.30
1995,9,VT,"134,737",.,9.93
1995,9,WA,"1,733,423",.,4.85
1995,9,WI,"1,463,031",.,6.71
1995,9,WV,"575,957",.,6.64
1995,9,WY,"127,981",.,6.20
1995,8,AK,"116,837",.,11.69
1995,8,AL,"3,144,207",.,6.92
1995,8,AR,"1,605,538",.,8.27
1995,8,AZ,"2,445,567",.,9.48
1995,8,CA,"6,824,957",.,12.05
1995,8,CO,"938,580",.,7.46
1995,8,CT,"1,044,160",.,12.57
1995,8,DC,"191,652",.,9.74
1995,8,DE,"383,459",.,9.76
1995,8,FL,"8,615,596",.,7.71
1995,8,GA,"4,503,479",.,8.95
1995,8,HI,"225,726",.,13.64
1995,8,IA,"1,524,498",.,8.68
1995,8,ID,"405,776",.,5.44
1995,8,IL,"4,927,971",.,11.01
1995,8,IN,"3,200,948",.,6.43
1995,8,KS,"1,487,146",.,8.32
1995,8,KY,"2,560,010",.,5.55
1995,8,LA,"2,740,317",.,7.63
1995,8,MA,"1,476,609",.,11.04
1995,8,MD,"2,414,499",.,9.72
1995,8,ME,"288,336",.,12.48
1995,8,MI,"3,324,356",.,8.81
1995,8,MN,"1,771,738",.,7.58
1995,8,MO,"3,510,791",.,8.34
1995,8,MS,"1,776,162",.,6.90
1995,8,MT,"249,156",.,6.06
1995,8,NC,"4,356,037",.,8.32
1995,8,ND,"232,955",.,7.21
1995,8,NE,"929,836",.,7.23
1995,8,NH,"291,843",.,13.76
1995,8,NJ,"2,698,140",.,12.86
1995,8,NM,"409,017",.,8.98
1995,8,NV,"923,596",.,6.73
1995,8,NY,"4,129,352",.,14.58
1995,8,OH,"5,000,841",.,9.10
1995,8,OK,"2,327,417",.,7.26
1995,8,OR,"1,045,481",.,5.51
1995,8,PA,"4,169,910",.,10.45
1995,8,RI,"247,726",.,11.46
1995,8,SC,"2,425,916",.,7.62
1995,8,SD,"300,593",.,7.40
1995,8,TN,"3,313,945",.,5.85
1995,8,TX,"11,641,598",.,8.13
1995,8,UT,"461,792",.,6.92
1995,8,VA,"3,502,049",.,8.51
1995,8,VT,"153,983",.,9.82
1995,8,WA,"1,743,519",.,4.83
1995,8,WI,"1,851,413",.,6.68
1995,8,WV,"901,860",.,6.39
1995,8,WY,"132,224",.,6.85
1995,7,AK,"113,203",.,11.59
1995,7,AL,"2,789,320",.,6.82
1995,7,AR,"1,298,420",.,8.31
1995,7,AZ,"2,033,635",.,9.55
1995,7,CA,"6,027,899",.,11.99
1995,7,CO,"871,388",.,7.51
1995,7,CT,"1,010,823",.,12.27
1995,7,DC,"174,307",.,9.40
1995,7,DE,"285,506",.,9.87
1995,7,FL,"8,568,136",.,7.71
1995,7,GA,"4,303,464",.,8.71
1995,7,HI,"222,399",.,13.75
1995,7,IA,"1,277,268",.,9.19
1995,7,ID,"448,017",.,5.54
1995,7,IL,"4,151,085",.,11.06
1995,7,IN,"2,754,196",.,6.67
1995,7,KS,"1,366,596",.,8.32
1995,7,KY,"2,250,307",.,5.86
1995,7,LA,"2,732,754",.,7.40
1995,7,MA,"1,377,769",.,11.58
1995,7,MD,"2,250,688",.,9.76
1995,7,ME,"288,768",.,12.38
1995,7,MI,"2,882,594",.,8.71
1995,7,MN,"1,702,929",.,7.71
1995,7,MO,"3,088,563",.,8.58
1995,7,MS,"1,534,895",.,7.01
1995,7,MT,"256,730",.,6.06
1995,7,NC,"3,798,256",.,8.56
1995,7,ND,"218,612",.,7.35
1995,7,NE,"793,296",.,7.45
1995,7,NH,"282,138",.,14.41
1995,7,NJ,"2,363,142",.,12.62
1995,7,NM,"383,690",.,8.87
1995,7,NV,"858,511",.,6.75
1995,7,NY,"3,640,054",.,14.69
1995,7,OH,"4,275,622",.,9.20
1995,7,OK,"2,001,447",.,7.23
1995,7,OR,"1,087,441",.,5.50
1995,7,PA,"3,983,481",.,10.62
1995,7,RI,"215,215",.,13.77
1995,7,SC,"2,188,768",.,7.64
1995,7,SD,"278,658",.,7.52
1995,7,TN,"2,919,605",.,5.89
1995,7,TX,"10,199,140",.,8.18
1995,7,UT,"457,865",.,6.94
1995,7,VA,"3,376,242",.,8.56
1995,7,VT,"147,409",.,9.87
1995,7,WA,"1,825,152",.,4.83
1995,7,WI,"1,717,557",.,6.71
1995,7,WV,"823,331",.,6.49
1995,7,WY,"126,070",.,6.34
1995,6,AK,"114,838",.,11.57
1995,6,AL,"2,307,398",.,6.88
1995,6,AR,"999,055",.,8.29
1995,6,AZ,"1,419,332",.,9.66
1995,6,CA,"5,175,166",.,11.73
1995,6,CO,"853,110",.,7.48
1995,6,CT,"801,332",.,11.68
1995,6,DC,"141,708",.,8.33
1995,6,DE,"213,964",.,10.01
1995,6,FL,"8,482,495",.,7.71
1995,6,GA,"3,355,775",.,8.53
1995,6,HI,"209,430",.,13.49
1995,6,IA,"932,061",.,8.79
1995,6,ID,"397,489",.,5.43
1995,6,IL,"2,683,648",.,11.29
1995,6,IN,"1,948,539",.,7.26
1995,6,KS,"865,084",.,8.13
1995,6,KY,"1,735,416",.,6.03
1995,6,LA,"2,497,228",.,7.21
1995,6,MA,"1,188,709",.,11.49
1995,6,MD,"1,671,181",.,9.97
1995,6,ME,"269,595",.,12.24
1995,6,MI,"2,238,014",.,8.40
1995,6,MN,"1,416,278",.,7.79
1995,6,MO,"1,963,773",.,8.80
1995,6,MS,"1,313,717",.,7.16
1995,6,MT,"252,958",.,6.04
1995,6,NC,"2,966,630",.,8.14
1995,6,ND,"222,197",.,6.08
1995,6,NE,"551,566",.,7.76
1995,6,NH,"247,945",.,14.02
1995,6,NJ,"1,779,193",.,12.48
1995,6,NM,"342,256",.,8.83
1995,6,NV,"582,340",.,6.95
1995,6,NY,"2,960,808",.,14.63
1995,6,OH,"3,321,064",.,9.49
1995,6,OK,"1,280,712",.,7.75
1995,6,OR,"1,022,450",.,5.51
1995,6,PA,"3,049,553",.,10.25
1995,6,RI,"180,587",.,11.38
1995,6,SC,"1,776,603",.,7.65
1995,6,SD,"245,176",.,7.56
1995,6,TN,"2,435,710",.,6.06
1995,6,TX,"8,572,807",.,8.29
1995,6,UT,"368,046",.,6.98
1995,6,VA,"2,431,854",.,8.58
1995,6,VT,"142,498",.,9.68
1995,6,WA,"2,004,329",.,4.54
1995,6,WI,"1,554,856",.,6.78
1995,6,WV,"602,912",.,6.77
1995,6,WY,"139,667",.,6.17
1995,5,AK,"120,702",.,11.52
1995,5,AL,"1,766,731",.,6.94
1995,5,AR,"725,242",.,8.11
1995,5,AZ,"1,116,262",.,9.38
1995,5,CA,"4,811,201",.,11.64
1995,5,CO,"875,878",.,7.43
1995,5,CT,"707,620",.,12.04
1995,5,DC,"100,746",.,7.16
1995,5,DE,"189,466",.,9.22
1995,5,FL,"6,872,130",.,7.76
1995,5,GA,"2,671,149",.,7.83
1995,5,HI,"216,339",.,13.52
1995,5,IA,"772,709",.,8.13
1995,5,ID,"433,741",.,5.37
1995,5,IL,"2,337,210",.,10.55
1995,5,IN,"1,560,304",.,7.41
1995,5,KS,"645,702",.,8.08
1995,5,KY,"1,273,098",.,6.00
1995,5,LA,"1,836,123",.,7.11
1995,5,MA,"1,101,960",.,11.93
1995,5,MD,"1,349,498",.,9.00
1995,5,ME,"275,399",.,12.28
1995,5,MI,"1,993,551",.,8.11
1995,5,MN,"1,116,118",.,7.53
1995,5,MO,"1,510,233",.,7.60
1995,5,MS,"952,674",.,7.47
1995,5,MT,"257,190",.,5.93
1995,5,NC,"2,412,874",.,8.28
1995,5,ND,"223,527",.,6.77
1995,5,NE,"475,740",.,6.22
1995,5,NH,"239,751",.,12.91
1995,5,NJ,"1,445,559",.,11.72
1995,5,NM,"301,828",.,9.02
1995,5,NV,"429,101",.,7.41
1995,5,NY,"2,764,766",.,14.06
1995,5,OH,"2,779,752",.,9.05
1995,5,OK,"967,172",.,7.36
1995,5,OR,"1,241,877",.,5.37
1995,5,PA,"2,757,942",.,9.70
1995,5,RI,"174,821",.,12.11
1995,5,SC,"1,341,904",.,7.81
1995,5,SD,"224,884",.,7.31
1995,5,TN,"1,863,658",.,6.07
1995,5,TX,"6,095,527",.,7.82
1995,5,UT,"354,839",.,6.99
1995,5,VA,"2,003,217",.,8.41
1995,5,VT,"141,944",.,9.48
1995,5,WA,"2,289,163",.,4.76
1995,5,WI,"1,262,897",.,6.86
1995,5,WV,"578,720",.,6.85
1995,5,WY,"141,944",.,6.08
1995,4,AK,"142,709",.,11.22
1995,4,AL,"1,345,879",.,7.10
1995,4,AR,"727,542",.,8.02
1995,4,AZ,"1,065,850",.,8.82
1995,4,CA,"5,034,747",.,11.39
1995,4,CO,"906,259",.,7.41
1995,4,CT,"783,434",.,11.64
1995,4,DC,"95,990",.,6.06
1995,4,DE,"222,041",.,8.86
1995,4,FL,"5,528,373",.,7.88
1995,4,GA,"2,037,021",.,7.48
1995,4,HI,"202,974",.,13.38
1995,4,IA,"787,285",.,7.78
1995,4,ID,"488,309",.,5.29
1995,4,IL,"2,458,726",.,10.43
1995,4,IN,"1,705,866",.,7.16
1995,4,KS,"595,832",.,8.01
1995,4,KY,"1,176,369",.,5.81
1995,4,LA,"1,390,619",.,7.05
1995,4,MA,"1,210,841",.,11.12
1995,4,MD,"1,398,778",.,7.87
1995,4,ME,"282,272",.,12.38
1995,4,MI,"1,955,914",.,8.04
1995,4,MN,"1,136,317",.,6.95
1995,4,MO,"1,456,489",.,6.94
1995,4,MS,"812,918",.,7.26
1995,4,MT,"286,204",.,5.77
1995,4,NC,"2,470,289",.,8.24
1995,4,ND,"273,378",.,6.18
1995,4,NE,"501,576",.,5.91
1995,4,NH,"271,822",.,12.99
1995,4,NJ,"1,494,864",.,11.54
1995,4,NM,"305,808",.,9.06
1995,4,NV,"396,500",.,7.51
1995,4,NY,"2,940,648",.,13.54
1995,4,OH,"2,824,334",.,8.78
1995,4,OK,"894,754",.,6.93
1995,4,OR,"1,407,476",.,5.28
1995,4,PA,"3,129,507",.,9.49
1995,4,RI,"190,103",.,11.60
1995,4,SC,"1,272,613",.,7.64
1995,4,SD,"259,008",.,6.95
1995,4,TN,"1,871,299",.,6.04
1995,4,TX,"5,433,797",.,8.08
1995,4,UT,"384,357",.,6.95
1995,4,VA,"1,984,881",.,8.04
1995,4,VT,"156,109",.,9.09
1995,4,WA,"2,768,048",.,4.81
1995,4,WI,"1,362,738",.,6.80
1995,4,WV,"594,222",.,6.78
1995,4,WY,"160,785",.,5.95
1995,3,AK,"162,400",.,11.20
1995,3,AL,"1,614,718",.,6.42
1995,3,AR,"922,143",.,7.66
1995,3,AZ,"1,109,114",.,8.80
1995,3,CA,"5,239,196",.,11.56
1995,3,CO,"986,189",.,7.31
1995,3,CT,"892,411",.,11.41
1995,3,DC,"115,289",.,6.29
1995,3,DE,"276,805",.,8.43
1995,3,FL,"5,441,090",.,7.86
1995,3,GA,"2,333,811",.,7.34
1995,3,HI,"215,846",.,13.29
1995,3,IA,"909,386",.,7.38
1995,3,ID,"575,025",.,5.30
1995,3,IL,"2,860,622",.,10.06
1995,3,IN,"2,066,204",.,6.59
1995,3,KS,"719,620",.,7.63
1995,3,KY,"1,459,158",.,5.63
1995,3,LA,"1,480,036",.,6.87
1995,3,MA,"1,416,208",.,10.82
1995,3,MD,"1,835,855",.,7.55
1995,3,ME,"347,815",.,12.54
1995,3,MI,"2,279,330",.,8.11
1995,3,MN,"1,262,166",.,6.82
1995,3,MO,"1,821,576",.,6.38
1995,3,MS,"974,473",.,6.75
1995,3,MT,"348,591",.,6.00
1995,3,NC,"3,203,849",.,7.95
1995,3,ND,"314,322",.,5.93
1995,3,NE,"594,239",.,5.63
1995,3,NH,"299,957",.,13.00
1995,3,NJ,"1,768,783",.,11.41
1995,3,NM,"337,906",.,9.10
1995,3,NV,"417,396",.,7.54
1995,3,NY,"3,354,354",.,13.34
1995,3,OH,"3,503,564",.,8.24
1995,3,OK,"1,184,442",.,6.14
1995,3,OR,"1,568,243",.,5.34
1995,3,PA,"3,692,239",.,9.11
1995,3,RI,"217,509",.,10.61
1995,3,SC,"1,632,256",.,7.43
1995,3,SD,"281,977",.,6.78
1995,3,TN,"2,486,467",.,5.87
1995,3,TX,"6,048,572",.,7.42
1995,3,UT,"417,557",.,6.95
1995,3,VA,"2,674,703",.,7.57
1995,3,VT,"177,453",.,10.38
1995,3,WA,"3,128,983",.,5.04
1995,3,WI,"1,516,332",.,6.75
1995,3,WV,"792,561",.,6.53
1995,3,WY,"185,994",.,5.86
1995,2,AK,"159,829",.,11.17
1995,2,AL,"1,801,975",.,6.26
1995,2,AR,"984,366",.,7.45
1995,2,AZ,"1,280,220",.,8.52
1995,2,CA,"5,584,084",.,11.28
1995,2,CO,"1,018,374",.,7.28
1995,2,CT,"1,016,726",.,11.29
1995,2,DC,"135,081",.,6.36
1995,2,DE,"306,209",.,8.26
1995,2,FL,"6,606,479",.,7.79
1995,2,GA,"2,574,834",.,7.20
1995,2,HI,"198,083",.,13.28
1995,2,IA,"864,179",.,7.33
1995,2,ID,"572,342",.,5.11
1995,2,IL,"3,123,968",.,9.32
1995,2,IN,"2,292,312",.,6.24
1995,2,KS,"684,482",.,7.52
1995,2,KY,"1,739,516",.,5.29
1995,2,LA,"1,539,078",.,7.11
1995,2,MA,"1,488,076",.,10.99
1995,2,MD,"2,034,621",.,7.43
1995,2,ME,"337,132",.,12.75
1995,2,MI,"2,230,874",.,8.17
1995,2,MN,"1,378,641",.,6.73
1995,2,MO,"1,989,037",.,6.15
1995,2,MS,"1,054,126",.,6.45
1995,2,MT,"313,379",.,6.25
1995,2,NC,"3,858,044",.,7.78
1995,2,ND,"360,145",.,5.73
1995,2,NE,"600,407",.,5.62
1995,2,NH,"310,694",.,13.14
1995,2,NJ,"1,843,727",.,11.25
1995,2,NM,"333,974",.,8.74
1995,2,NV,"414,306",.,7.45
1995,2,NY,"3,484,108",.,13.11
1995,2,OH,"3,975,596",.,7.78
1995,2,OK,"1,144,296",.,5.98
1995,2,OR,"1,504,173",.,5.38
1995,2,PA,"4,011,360",.,9.11
1995,2,RI,"223,184",.,11.73
1995,2,SC,"2,000,091",.,7.25
1995,2,SD,"297,194",.,6.65
1995,2,TN,"3,127,138",.,5.81
1995,2,TX,"6,141,220",.,7.38
1995,2,UT,"384,639",.,6.92
1995,2,VA,"3,291,653",.,7.29
1995,2,VT,"190,730",.,11.59
1995,2,WA,"3,361,083",.,4.97
1995,2,WI,"1,443,791",.,9.41
1995,2,WV,"890,432",.,6.27
1995,2,WY,"178,926",.,5.79
1995,1,AK,"185,039",.,10.95
1995,1,AL,"2,171,120",.,6.19
1995,1,AR,"1,110,334",.,7.45
1995,1,AZ,"1,532,160",.,8.07
1995,1,CA,"6,609,785",.,11.31
1995,1,CO,"1,090,842",.,7.47
1995,1,CT,"1,027,293",.,11.28
1995,1,DC,"142,166",.,6.29
1995,1,DE,"296,777",.,8.24
1995,1,FL,"6,181,795",.,7.80
1995,1,GA,"3,028,188",.,6.88
1995,1,HI,"225,969",.,13.31
1995,1,IA,"1,105,347",.,7.12
1995,1,ID,"714,838",.,4.99
1995,1,IL,"3,652,054",.,8.71
1995,1,IN,"2,681,071",.,6.11
1995,1,KS,"830,203",.,7.23
1995,1,KY,"2,086,423",.,5.33
1995,1,LA,"1,734,308",.,6.90
1995,1,MA,"1,620,947",.,10.67
1995,1,MD,"2,135,816",.,7.47
1995,1,ME,"365,966",.,12.76
1995,1,MI,"2,691,593",.,8.23
1995,1,MN,"1,570,910",.,6.66
1995,1,MO,"2,419,450",.,6.00
1995,1,MS,"1,117,476",.,6.39
1995,1,MT,"399,587",.,6.28
1995,1,NC,"3,923,923",.,7.81
1995,1,ND,"393,885",.,5.67
1995,1,NE,"716,772",.,5.28
1995,1,NH,"350,279",.,13.01
1995,1,NJ,"2,000,756",.,11.30
1995,1,NM,"392,136",.,9.14
1995,1,NV,"575,853",.,7.21
1995,1,NY,"3,607,123",.,13.16
1995,1,OH,"4,482,944",.,7.64
1995,1,OK,"1,410,619",.,5.77
1995,1,OR,"1,977,289",.,5.29
1995,1,PA,"4,293,409",.,8.97
1995,1,RI,"241,248",.,10.54
1995,1,SC,"2,026,996",.,7.31
1995,1,SD,"325,227",.,6.58
1995,1,TN,"3,068,857",.,5.82
1995,1,TX,"7,213,915",.,7.22
1995,1,UT,"501,188",.,6.88
1995,1,VA,"3,456,897",.,7.23
1995,1,VT,"203,568",.,11.61
1995,1,WA,"3,731,362",.,5.11
1995,1,WI,"1,718,967",.,6.70
1995,1,WV,"999,249",.,6.20
1995,1,WY,"212,681",.,6.32
1994,12,AK,"189,698",.,10.93
1994,12,AL,"1,765,379",.,6.45
1994,12,AR,"869,752",.,7.68
1994,12,AZ,"1,440,117",.,7.96
1994,12,CA,"6,281,276",.,11.52
1994,12,CO,"1,063,884",.,7.33
1994,12,CT,"975,977",.,11.46
1994,12,DC,"135,698",.,6.20
1994,12,DE,"240,383",.,8.52
1994,12,FL,"5,969,564",.,7.85
1994,12,GA,"2,570,398",.,7.16
1994,12,HI,"219,155",.,12.54
1994,12,IA,"990,167",.,7.58
1994,12,ID,"773,731",.,5.07
1994,12,IL,"3,210,263",.,9.06
1994,12,IN,"2,224,600",.,6.38
1994,12,KS,"777,194",.,7.35
1994,12,KY,"1,759,661",.,5.61
1994,12,LA,"1,457,026",.,7.02
1994,12,MA,"1,395,719",.,11.75
1994,12,MD,"1,815,485",.,7.70
1994,12,ME,"321,629",.,12.78
1994,12,MI,"2,562,164",.,8.29
1994,12,MN,"1,506,056",.,6.73
1994,12,MO,"2,095,809",.,6.25
1994,12,MS,"926,112",.,6.57
1994,12,MT,"391,786",.,6.27
1994,12,NC,"3,240,225",.,7.96
1994,12,ND,"347,683",.,5.71
1994,12,NE,"650,045",.,5.62
1994,12,NH,"297,082",.,13.23
1994,12,NJ,"1,847,406",.,11.37
1994,12,NM,"370,969",.,8.95
1994,12,NV,"630,274",.,7.16
1994,12,NY,"3,178,854",.,13.15
1994,12,OH,"3,854,165",.,8.08
1994,12,OK,"1,249,668",.,6.28
1994,12,OR,"2,028,973",.,5.31
1994,12,PA,"3,722,363",.,9.23
1994,12,RI,"215,234",.,12.12
1994,12,SC,"1,580,277",.,7.59
1994,12,SD,"300,360",.,6.55
1994,12,TN,"2,725,290",.,5.88
1994,12,TX,"6,025,803",.,7.40
1994,12,UT,"514,259",.,6.86
1994,12,VA,"2,987,157",.,7.27
1994,12,VT,"195,350",.,11.90
1994,12,WA,"3,313,562",.,5.34
1994,12,WI,"1,636,116",.,6.92
1994,12,WV,"814,252",.,6.49
1994,12,WY,"213,436",.,5.76
1994,11,AK,"153,364",.,11.40
1994,11,AL,"1,340,340",.,6.77
1994,11,AR,"715,097",.,8.28
1994,11,AZ,"1,048,850",.,9.05
1994,11,CA,"5,286,384",.,11.20
1994,11,CO,"865,080",.,7.53
1994,11,CT,"746,118",.,11.87
1994,11,DC,"105,351",.,6.04
1994,11,DE,"190,386",.,8.98
1994,11,FL,"6,220,272",.,7.86
1994,11,GA,"2,129,922",.,7.12
1994,11,HI,"208,859",.,13.02
1994,11,IA,"805,691",.,7.88
1994,11,ID,"631,309",.,5.14
1994,11,IL,"2,425,785",.,9.75
1994,11,IN,"1,728,404",.,7.13
1994,11,KS,"710,541",.,7.63
1994,11,KY,"1,260,188",.,5.85
1994,11,LA,"1,536,457",.,7.24
1994,11,MA,"1,155,590",.,11.40
1994,11,MD,"1,464,905",.,7.84
1994,11,ME,"277,368",.,12.63
1994,11,MI,"2,109,822",.,8.22
1994,11,MN,"1,291,327",.,6.86
1994,11,MO,"1,613,610",.,6.76
1994,11,MS,"809,878",.,7.09
1994,11,MT,"338,808",.,5.97
1994,11,NC,"2,416,321",.,8.09
1994,11,ND,"266,629",.,6.32
1994,11,NE,"497,821",.,5.97
1994,11,NH,"243,704",.,13.13
1994,11,NJ,"1,519,340",.,11.44
1994,11,NM,"304,865",.,8.81
1994,11,NV,"431,414",.,7.54
1994,11,NY,"2,729,878",.,13.50
1994,11,OH,"3,058,356",.,8.67
1994,11,OK,"947,497",.,6.53
1994,11,OR,"1,542,546",.,5.38
1994,11,PA,"2,937,737",.,9.62
1994,11,RI,"178,738",.,10.98
1994,11,SC,"1,205,364",.,7.80
1994,11,SD,"241,147",.,7.11
1994,11,TN,"1,993,943",.,6.04
1994,11,TX,"5,855,869",.,7.62
1994,11,UT,"443,669",.,6.91
1994,11,VA,"2,231,052",.,7.61
1994,11,VT,"160,242",.,10.65
1994,11,WA,"2,474,592",.,5.22
1994,11,WI,"1,419,690",.,7.15
1994,11,WV,"636,305",.,6.49
1994,11,WY,"167,069",.,6.04
1994,10,AK,"134,797",.,11.58
1994,10,AL,"1,471,969",.,6.93
1994,10,AR,"840,536",.,8.12
1994,10,AZ,"1,339,176",.,9.79
1994,10,CA,"5,460,945",.,11.14
1994,10,CO,"818,128",.,7.50
1994,10,CT,"730,619",.,11.25
1994,10,DC,"91,886",.,6.41
1994,10,DE,"189,433",.,9.12
1994,10,FL,"6,969,661",.,7.79
1994,10,GA,"2,264,523",.,7.46
1994,10,HI,"217,630",.,13.34
1994,10,IA,"770,610",.,8.05
1994,10,ID,"461,394",.,5.26
1994,10,IL,"2,431,547",.,10.77
1994,10,IN,"1,584,237",.,7.44
1994,10,KS,"647,369",.,8.15
1994,10,KY,"1,143,765",.,6.05
1994,10,LA,"1,897,428",.,7.58
1994,10,MA,"1,109,255",.,12.01
1994,10,MD,"1,269,166",.,8.25
1994,10,ME,"271,135",.,12.23
1994,10,MI,"2,045,253",.,8.22
1994,10,MN,"1,196,698",.,6.98
1994,10,MO,"1,520,325",.,6.90
1994,10,MS,"1,029,603",.,7.24
1994,10,MT,"282,131",.,5.89
1994,10,NC,"2,275,643",.,8.60
1994,10,ND,"218,465",.,6.89
1994,10,NE,"505,801",.,5.89
1994,10,NH,"243,300",.,13.32
1994,10,NJ,"1,478,578",.,11.41
1994,10,NM,"285,204",.,9.36
1994,10,NV,"397,934",.,8.18
1994,10,NY,"2,849,791",.,13.43
1994,10,OH,"2,645,986",.,9.03
1994,10,OK,"1,062,531",.,7.16
1994,10,OR,"1,179,835",.,5.49
1994,10,PA,"2,745,441",.,10.05
1994,10,RI,"170,681",.,11.35
1994,10,SC,"1,272,209",.,7.65
1994,10,SD,"215,525",.,7.35
1994,10,TN,"1,961,335",.,6.05
1994,10,TX,"7,599,304",.,8.37
1994,10,UT,"355,218",.,6.96
1994,10,VA,"1,890,960",.,7.94
1994,10,VT,"147,678",.,9.04
1994,10,WA,"1,923,187",.,4.98
1994,10,WI,"1,378,770",.,7.08
1994,10,WV,"552,246",.,6.71
1994,10,WY,"140,319",.,6.43
1994,9,AK,"116,354",.,11.64
1994,9,AL,"2,433,189",.,6.62
1994,9,AR,"1,133,494",.,8.47
1994,9,AZ,"2,124,047",.,9.77
1994,9,CA,"6,456,902",.,11.53
1994,9,CO,"871,005",.,7.39
1994,9,CT,"775,489",.,12.42
1994,9,DC,"101,200",.,8.28
1994,9,DE,"237,706",.,9.81
1994,9,FL,"7,978,445",.,7.66
1994,9,GA,"2,871,889",.,8.21
1994,9,HI,"220,779",.,13.16
1994,9,IA,"849,327",.,8.71
1994,9,ID,"397,565",.,5.26
1994,9,IL,"2,901,232",.,11.07
1994,9,IN,"1,784,610",.,7.26
1994,9,KS,"812,187",.,8.14
1994,9,KY,"1,341,553",.,6.13
1994,9,LA,"2,512,507",.,7.73
1994,9,MA,"1,198,321",.,11.45
1994,9,MD,"1,426,869",.,9.16
1994,9,ME,"267,520",.,12.21
1994,9,MI,"2,108,195",.,8.48
1994,9,MN,"1,280,065",.,7.40
1994,9,MO,"1,909,046",.,7.95
1994,9,MS,"1,427,253",.,7.07
1994,9,MT,"234,516",.,5.89
1994,9,NC,"2,940,011",.,8.41
1994,9,ND,"203,002",.,7.11
1994,9,NE,"627,905",.,7.33
1994,9,NH,"246,948",.,13.18
1994,9,NJ,"1,712,245",.,12.22
1994,9,NM,"340,736",.,9.26
1994,9,NV,"646,331",.,6.84
1994,9,NY,"3,417,134",.,14.37
1994,9,OH,"2,763,238",.,9.46
1994,9,OK,"1,508,266",.,7.43
1994,9,OR,"1,018,739",.,5.53
1994,9,PA,"2,790,090",.,10.16
1994,9,RI,"187,756",.,11.28
1994,9,SC,"1,775,641",.,7.57
1994,9,SD,"236,092",.,7.49
1994,9,TN,"2,719,757",.,5.90
1994,9,TX,"10,200,160",.,9.02
1994,9,UT,"399,666",.,6.91
1994,9,VA,"2,027,790",.,8.09
1994,9,VT,"135,919",.,9.03
1994,9,WA,"1,677,928",.,4.92
1994,9,WI,"1,350,790",.,7.23
1994,9,WV,"533,196",.,6.62
1994,9,WY,"120,223",.,6.26
1994,8,AK,"113,784",.,11.63
1994,8,AL,"2,463,147",.,6.78
1994,8,AR,"1,225,020",.,8.39
1994,8,AZ,"2,295,059",.,9.78
1994,8,CA,"6,668,384",.,11.83
1994,8,CO,"870,499",.,7.42
1994,8,CT,"949,835",.,11.89
1994,8,DC,"154,508",.,9.19
1994,8,DE,"316,614",.,9.68
1994,8,FL,"7,974,876",.,7.65
1994,8,GA,"3,563,946",.,8.46
1994,8,HI,"221,440",.,12.95
1994,8,IA,"1,039,663",.,9.01
1994,8,ID,"453,026",.,5.16
1994,8,IL,"3,143,449",.,11.16
1994,8,IN,"2,215,949",.,6.76
1994,8,KS,"1,270,125",.,8.36
1994,8,KY,"1,831,316",.,6.09
1994,8,LA,"2,471,482",.,7.48
1994,8,MA,"1,411,410",.,11.13
1994,8,MD,"1,957,407",.,9.70
1994,8,ME,"292,568",.,12.17
1994,8,MI,"2,507,063",.,8.62
1994,8,MN,"1,296,249",.,7.70
1994,8,MO,"2,502,094",.,8.57
1994,8,MS,"1,483,654",.,7.24
1994,8,MT,"264,865",.,5.81
1994,8,NC,"3,520,711",.,8.42
1994,8,ND,"209,258",.,7.33
1994,8,NE,"711,058",.,7.43
1994,8,NH,"277,104",.,13.42
1994,8,NJ,"2,316,956",.,12.33
1994,8,NM,"358,950",.,9.44
1994,8,NV,"829,278",.,6.69
1994,8,NY,"4,175,344",.,14.30
1994,8,OH,"3,526,345",.,9.32
1994,8,OK,"1,919,277",.,7.67
1994,8,OR,"1,050,521",.,5.21
1994,8,PA,"3,318,411",.,10.27
1994,8,RI,"238,530",.,11.40
1994,8,SC,"2,075,784",.,7.56
1994,8,SD,"241,651",.,7.65
1994,8,TN,"2,943,167",.,5.87
1994,8,TX,"10,653,522",.,8.45
1994,8,UT,"478,383",.,6.89
1994,8,VA,"2,771,739",.,8.42
1994,8,VT,"148,741",.,9.03
1994,8,WA,"1,699,006",.,4.85
1994,8,WI,"1,521,389",.,7.05
1994,8,WV,"680,251",.,6.46
1994,8,WY,"128,534",.,6.27
1994,7,AK,"111,896",.,11.53
1994,7,AL,"2,472,731",.,6.76
1994,7,AR,"1,382,117",.,8.32
1994,7,AZ,"2,192,333",.,9.95
1994,7,CA,"6,369,896",.,11.84
1994,7,CO,"883,448",.,7.41
1994,7,CT,"1,028,118",.,11.53
1994,7,DC,"200,265",.,9.55
1994,7,DE,"332,709",.,9.67
1994,7,FL,"8,367,609",.,7.64
1994,7,GA,"3,692,077",.,8.56
1994,7,HI,"218,116",.,12.54
1994,7,IA,"1,070,710",.,9.01
1994,7,ID,"431,798",.,5.15
1994,7,IL,"3,922,830",.,10.76
1994,7,IN,"2,562,205",.,6.55
1994,7,KS,"1,205,092",.,8.16
1994,7,KY,"2,098,264",.,5.74
1994,7,LA,"2,645,188",.,7.75
1994,7,MA,"1,414,244",.,11.26
1994,7,MD,"2,282,651",.,9.76
1994,7,ME,"279,619",.,11.99
1994,7,MI,"2,813,010",.,8.76
1994,7,MN,"1,508,946",.,8.23
1994,7,MO,"2,901,696",.,8.42
1994,7,MS,"1,580,386",.,7.21
1994,7,MT,"244,698",.,5.87
1994,7,NC,"3,898,492",.,8.42
1994,7,ND,"200,324",.,7.32
1994,7,NE,"751,798",.,7.36
1994,7,NH,"272,950",.,13.37
1994,7,NJ,"2,579,309",.,12.26
1994,7,NM,"401,807",.,9.26
1994,7,NV,"910,517",.,6.60
1994,7,NY,"3,969,730",.,14.19
1994,7,OH,"4,081,978",.,9.22
1994,7,OK,"2,092,995",.,7.73
1994,7,OR,"1,074,253",.,5.26
1994,7,PA,"4,101,762",.,10.69
1994,7,RI,"223,946",.,12.46
1994,7,SC,"2,179,287",.,7.53
1994,7,SD,"263,483",.,7.54
1994,7,TN,"3,246,288",.,5.84
1994,7,TX,"10,872,992",.,8.40
1994,7,UT,"460,163",.,6.90
1994,7,VA,"3,448,807",.,8.21
1994,7,VT,"147,566",.,9.04
1994,7,WA,"1,791,606",.,4.84
1994,7,WI,"1,533,072",.,7.16
1994,7,WV,"777,833",.,6.30
1994,7,WY,"124,939",.,6.29
1994,6,AK,"113,159",.,11.42
1994,6,AL,"2,182,969",.,6.91
1994,6,AR,"981,291",.,8.55
1994,6,AZ,"1,552,630",.,10.04
1994,6,CA,"5,339,687",.,11.59
1994,6,CO,"805,467",.,7.49
1994,6,CT,"761,233",.,12.00
1994,6,DC,"154,350",.,8.72
1994,6,DE,"219,788",.,9.87
1994,6,FL,"7,421,236",.,7.71
1994,6,GA,"3,194,451",.,8.58
1994,6,HI,"203,866",.,12.31
1994,6,IA,"1,061,541",.,8.71
1994,6,ID,"380,229",.,5.21
1994,6,IL,"2,879,872",.,10.83
1994,6,IN,"2,084,156",.,7.08
1994,6,KS,"1,144,339",.,7.98
1994,6,KY,"1,770,014",.,6.01
1994,6,LA,"2,197,366",.,7.97
1994,6,MA,"1,119,980",.,11.73
1994,6,MD,"1,788,567",.,9.95
1994,6,ME,"281,026",.,12.04
1994,6,MI,"2,325,812",.,8.58
1994,6,MN,"1,319,496",.,7.85
1994,6,MO,"2,161,959",.,8.69
1994,6,MS,"1,248,382",.,7.15
1994,6,MT,"241,437",.,5.80
1994,6,NC,"2,930,089",.,8.23
1994,6,ND,"195,076",.,7.45
1994,6,NE,"651,445",.,7.56
1994,6,NH,"242,287",.,13.36
1994,6,NJ,"1,818,564",.,11.98
1994,6,NM,"344,512",.,9.19
1994,6,NV,"745,573",.,7.32
1994,6,NY,"2,943,046",.,14.11
1994,6,OH,"3,525,017",.,9.38
1994,6,OK,"1,625,321",.,8.00
1994,6,OR,"1,014,963",.,5.24
1994,6,PA,"3,308,827",.,10.37
1994,6,RI,"174,589",.,11.27
1994,6,SC,"1,633,840",.,7.72
1994,6,SD,"223,600",.,7.75
1994,6,TN,"2,588,332",.,5.96
1994,6,TX,"7,952,340",.,8.44
1994,6,UT,"376,257",.,6.94
1994,6,VA,"2,667,403",.,8.80
1994,6,VT,"142,046",.,9.13
1994,6,WA,"1,899,352",.,4.70
1994,6,WI,"1,406,069",.,7.05
1994,6,WV,"632,417",.,6.47
1994,6,WY,"119,286",.,6.29
1994,5,AK,"123,175",.,11.79
1994,5,AL,"1,599,174",.,6.90
1994,5,AR,"722,515",.,8.26
1994,5,AZ,"1,098,801",.,9.80
1994,5,CA,"4,788,046",.,11.34
1994,5,CO,"801,234",.,7.44
1994,5,CT,"686,016",.,11.80
1994,5,DC,"96,997",.,7.53
1994,5,DE,"177,605",.,9.14
1994,5,FL,"6,470,558",.,7.72
1994,5,GA,"2,354,492",.,7.80
1994,5,HI,"208,403",.,12.44
1994,5,IA,"725,746",.,8.39
1994,5,ID,"388,070",.,5.11
1994,5,IL,"2,208,336",.,10.32
1994,5,IN,"1,551,307",.,7.54
1994,5,KS,"680,273",.,8.17
1994,5,KY,"1,142,975",.,6.22
1994,5,LA,"1,667,891",.,8.11
1994,5,MA,"1,102,018",.,10.75
1994,5,MD,"1,357,218",.,9.15
1994,5,ME,"267,083",.,12.14
1994,5,MI,"1,986,957",.,8.31
1994,5,MN,"1,082,192",.,6.86
1994,5,MO,"1,468,125",.,7.83
1994,5,MS,"947,712",.,7.47
1994,5,MT,"246,161",.,5.77
1994,5,NC,"2,248,727",.,8.44
1994,5,ND,"205,740",.,7.03
1994,5,NE,"493,003",.,6.13
1994,5,NH,"246,573",.,12.67
1994,5,NJ,"1,402,796",.,11.32
1994,5,NM,"287,128",.,9.57
1994,5,NV,"424,028",.,7.20
1994,5,NY,"2,693,492",.,13.61
1994,5,OH,"2,720,663",.,9.14
1994,5,OK,"1,010,884",.,6.78
1994,5,OR,"1,116,552",.,5.23
1994,5,PA,"2,702,717",.,9.71
1994,5,RI,"169,151",.,11.10
1994,5,SC,"1,222,687",.,7.55
1994,5,SD,"211,908",.,7.14
1994,5,TN,"1,927,852",.,6.04
1994,5,TX,"5,667,876",.,8.05
1994,5,UT,"347,537",.,6.98
1994,5,VA,"1,884,614",.,8.37
1994,5,VT,"141,573",.,8.67
1994,5,WA,"2,173,628",.,4.75
1994,5,WI,"1,225,584",.,7.21
1994,5,WV,"557,789",.,6.68
1994,5,WY,"125,078",.,6.26
1994,4,AK,"137,191",.,11.37
1994,4,AL,"1,578,387",.,6.71
1994,4,AR,"735,110",.,7.95
1994,4,AZ,"1,073,499",.,9.15
1994,4,CA,"4,864,900",.,11.46
1994,4,CO,"875,402",.,7.34
1994,4,CT,"815,491",.,11.72
1994,4,DC,"92,678",.,6.41
1994,4,DE,"224,046",.,8.64
1994,4,FL,"5,736,304",.,7.85
1994,4,GA,"2,086,970",.,7.33
1994,4,HI,"206,226",.,12.19
1994,4,IA,"713,499",.,8.17
1994,4,ID,"450,288",.,4.93
1994,4,IL,"2,507,681",.,9.75
1994,4,IN,"1,749,920",.,7.16
1994,4,KS,"613,916",.,7.92
1994,4,KY,"1,270,093",.,5.90
1994,4,LA,"1,355,930",.,7.66
1994,4,MA,"1,270,644",.,10.70
1994,4,MD,"1,434,877",.,7.74
1994,4,ME,"314,348",.,12.32
1994,4,MI,"2,046,151",.,8.04
1994,4,MN,"1,146,696",.,7.13
1994,4,MO,"1,531,817",.,6.91
1994,4,MS,"856,901",.,7.45
1994,4,MT,"285,860",.,5.69
1994,4,NC,"2,380,961",.,8.26
1994,4,ND,"248,370",.,6.39
1994,4,NE,"497,096",.,5.81
1994,4,NH,"290,475",.,12.40
1994,4,NJ,"1,523,255",.,11.14
1994,4,NM,"301,619",.,9.02
1994,4,NV,"392,624",.,7.48
1994,4,NY,"3,071,448",.,13.19
1994,4,OH,"2,991,124",.,8.50
1994,4,OK,"927,551",.,6.66
1994,4,OR,"1,333,342",.,5.17
1994,4,PA,"3,198,207",.,9.24
1994,4,RI,"188,747",.,10.57
1994,4,SC,"1,238,444",.,7.58
1994,4,SD,"247,227",.,6.99
1994,4,TN,"2,261,295",.,5.94
1994,4,TX,"5,306,956",.,7.79
1994,4,UT,"365,341",.,6.95
1994,4,VA,"1,878,562",.,7.91
1994,4,VT,"155,167",.,8.42
1994,4,WA,"2,669,356",.,4.74
1994,4,WI,"1,272,923",.,7.12
1994,4,WV,"625,386",.,6.41
1994,4,WY,"152,171",.,6.03
1994,3,AK,"163,207",.,11.02
1994,3,AL,"1,651,848",.,6.86
1994,3,AR,"864,307",.,7.66
1994,3,AZ,"1,125,265",.,8.92
1994,3,CA,"5,353,171",.,11.27
1994,3,CO,"979,557",.,7.24
1994,3,CT,"1,036,487",.,11.14
1994,3,DC,"129,582",.,6.35
1994,3,DE,"289,449",.,8.13
1994,3,FL,"5,256,869",.,7.95
1994,3,GA,"2,222,639",.,7.31
1994,3,HI,"213,434",.,11.53
1994,3,IA,"913,622",.,7.58
1994,3,ID,"566,566",.,4.98
1994,3,IL,"2,897,480",.,9.38
1994,3,IN,"2,139,410",.,6.76
1994,3,KS,"688,818",.,7.61
1994,3,KY,"1,632,226",.,5.64
1994,3,LA,"1,398,763",.,7.54
1994,3,MA,"1,541,010",.,10.34
1994,3,MD,"2,028,960",.,7.48
1994,3,ME,"349,567",.,12.30
1994,3,MI,"1,321,853",.,7.20
1994,3,MN,"1,296,213",.,6.84
1994,3,MO,"1,776,672",.,6.45
1994,3,MS,"941,565",.,7.12
1994,3,MT,"330,124",.,5.91
1994,3,NC,"3,128,188",.,7.99
1994,3,ND,"309,740",.,6.08
1994,3,NE,"580,437",.,5.54
1994,3,NH,"330,112",.,12.39
1994,3,NJ,"1,884,759",.,10.93
1994,3,NM,"351,559",.,8.93
1994,3,NV,"412,557",.,7.72
1994,3,NY,"3,523,314",.,13.01
1994,3,OH,"3,610,604",.,8.06
1994,3,OK,"1,074,400",.,6.69
1994,3,OR,"1,544,764",.,5.37
1994,3,PA,"4,021,964",.,8.77
1994,3,RI,"223,755",.,11.01
1994,3,SC,"1,478,038",.,7.49
1994,3,SD,"286,879",.,6.77
1994,3,TN,"2,659,626",.,5.86
1994,3,TX,"6,003,628",.,7.46
1994,3,UT,"392,794",.,6.93
1994,3,VA,"3,016,503",.,7.57
1994,3,VT,"196,087",.,9.66
1994,3,WA,"3,219,446",.,4.95
1994,3,WI,"1,491,840",.,6.95
1994,3,WV,"855,420",.,6.27
1994,3,WY,"178,319",.,5.89
1994,2,AK,"154,276",.,11.25
1994,2,AL,"1,792,808",.,6.44
1994,2,AR,"1,026,273",.,7.58
1994,2,AZ,"1,399,947",.,8.34
1994,2,CA,"5,695,208",.,11.13
1994,2,CO,"1,003,192",.,7.19
1994,2,CT,"1,140,177",.,10.64
1994,2,DC,"142,440",.,6.52
1994,2,DE,"351,100",.,7.88
1994,2,FL,"5,717,373",.,7.91
1994,2,GA,"2,467,480",.,6.95
1994,2,HI,"194,971",.,11.59
1994,2,IA,"900,785",.,7.01
1994,2,ID,"585,303",.,5.00
1994,2,IL,"3,363,635",.,8.81
1994,2,IN,"2,419,833",.,6.22
1994,2,KS,"735,650",.,7.44
1994,2,KY,"1,837,389",.,5.32
1994,2,LA,"1,590,047",.,7.55
1994,2,MA,"1,608,313",.,10.51
1994,2,MD,"2,336,332",.,7.24
1994,2,ME,"364,227",.,12.37
1994,2,MI,"2,407,960",.,8.03
1994,2,MN,"1,447,827",.,6.67
1994,2,MO,"2,076,065",.,6.02
1994,2,MS,"1,133,276",.,6.77
1994,2,MT,"320,223",.,6.16
1994,2,NC,"3,665,767",.,7.90
1994,2,ND,"395,388",.,5.63
1994,2,NE,"667,076",.,5.36
1994,2,NH,"361,235",.,12.37
1994,2,NJ,"1,929,432",.,10.83
1994,2,NM,"332,764",.,9.04
1994,2,NV,"460,548",.,7.53
1994,2,NY,"3,809,461",.,12.74
1994,2,OH,"4,058,861",.,7.59
1994,2,OK,"1,268,068",.,6.16
1994,2,OR,"1,669,358",.,5.38
1994,2,PA,"4,453,563",.,8.60
1994,2,RI,"231,839",.,10.84
1994,2,SC,"1,940,065",.,7.12
1994,2,SD,"332,416",.,6.51
1994,2,TN,"3,469,210",.,5.72
1994,2,TX,"6,635,750",.,7.25
1994,2,UT,"402,003",.,6.91
1994,2,VA,"3,184,417",.,6.96
1994,2,VT,"198,955",.,11.59
1994,2,WA,"3,319,228",.,5.04
1994,2,WI,"1,564,631",.,7.09
1994,2,WV,"930,893",.,6.01
1994,2,WY,"189,940",.,5.80
1994,1,AK,"177,234",.,10.83
1994,1,AL,"2,406,603",.,6.32
1994,1,AR,"1,146,618",.,7.48
1994,1,AZ,"1,522,649",.,8.13
1994,1,CA,"6,301,557",.,11.12
1994,1,CO,"1,101,851",.,7.11
1994,1,CT,"1,252,866",.,10.79
1994,1,DC,"166,584",.,6.44
1994,1,DE,"337,961",.,8.08
1994,1,FL,"6,512,358",.,7.93
1994,1,GA,"3,315,771",.,6.77
1994,1,HI,"224,000",.,11.71
1994,1,IA,"1,220,295",.,7.08
1994,1,ID,"702,607",.,4.98
1994,1,IL,"3,813,618",.,8.62
1994,1,IN,"3,003,512",.,6.06
1994,1,KS,"845,033",.,7.29
1994,1,KY,"2,393,405",.,5.30
1994,1,LA,"1,898,523",.,7.46
1994,1,MA,"1,722,463",.,10.58
1994,1,MD,"2,503,682",.,7.22
1994,1,ME,"405,739",.,12.46
1994,1,MI,"2,939,968",.,8.04
1994,1,MN,"1,634,793",.,6.67
1994,1,MO,"2,499,684",.,6.03
1994,1,MS,"1,256,999",.,6.44
1994,1,MT,"386,307",.,6.18
1994,1,NC,"4,561,646",.,7.73
1994,1,ND,"443,154",.,5.50
1994,1,NE,"745,932",.,5.20
1994,1,NH,"378,791",.,12.56
1994,1,NJ,"2,140,916",.,10.78
1994,1,NM,"399,582",.,8.88
1994,1,NV,"563,630",.,6.88
1994,1,NY,"3,743,351",.,12.92
1994,1,OH,"4,954,938",.,7.30
1994,1,OK,"1,441,417",.,5.94
1994,1,OR,"1,888,308",.,5.32
1994,1,PA,"4,937,812",.,8.78
1994,1,RI,"253,758",.,10.65
1994,1,SC,"2,301,453",.,7.11
1994,1,SD,"346,740",.,6.50
1994,1,TN,"4,300,622",.,5.73
1994,1,TX,"7,018,502",.,7.46
1994,1,UT,"473,649",.,6.86
1994,1,VA,"4,354,031",.,6.85
1994,1,VT,"240,104",.,11.25
1994,1,WA,"3,511,968",.,5.02
1994,1,WI,"1,859,277",.,6.99
1994,1,WV,"1,066,907",.,6.00
1994,1,WY,"205,605",.,5.71
1993,12,AK,"173,662",.,10.98
1993,12,AL,"1,878,043",.,6.70
1993,12,AR,"907,013",.,7.91
1993,12,AZ,"1,365,810",.,8.65
1993,12,CA,"6,010,783",.,11.29
1993,12,CO,"1,017,842",.,7.36
1993,12,CT,"986,247",.,10.96
1993,12,DC,"147,468",.,6.11
1993,12,DE,"246,812",.,8.66
1993,12,FL,"5,869,432",.,7.97
1993,12,GA,"2,695,144",.,6.86
1993,12,HI,"212,119",.,11.91
1993,12,IA,"1,188,979",.,7.42
1993,12,ID,"771,508",.,4.93
1993,12,IL,"3,176,618",.,9.08
1993,12,IN,"2,392,144",.,6.54
1993,12,KS,"802,207",.,7.36
1993,12,KY,"1,772,741",.,5.35
1993,12,LA,"1,512,435",.,7.54
1993,12,MA,"1,429,696",.,12.00
1993,12,MD,"2,011,296",.,7.38
1993,12,ME,"346,079",.,11.94
1993,12,MI,"2,491,225",.,8.09
1993,12,MN,"1,499,223",.,6.81
1993,12,MO,"2,170,673",.,6.14
1993,12,MS,"954,592",.,6.85
1993,12,MT,"414,847",.,6.06
1993,12,NC,"3,491,210",.,7.91
1993,12,ND,"354,733",.,5.75
1993,12,NE,"690,642",.,5.40
1993,12,NH,"306,781",.,13.12
1993,12,NJ,"1,802,850",.,10.96
1993,12,NM,"375,306",.,9.07
1993,12,NV,"577,787",.,6.56
1993,12,NY,"3,279,645",.,13.10
1993,12,OH,"4,074,396",.,7.86
1993,12,OK,"1,203,681",.,6.54
1993,12,OR,"2,013,785",.,5.28
1993,12,PA,"3,900,134",.,9.09
1993,12,RI,"209,758",.,12.32
1993,12,SC,"1,721,464",.,7.36
1993,12,SD,"313,395",.,6.67
1993,12,TN,"2,638,205",.,5.72
1993,12,TX,"6,155,307",.,6.51
1993,12,UT,"517,835",.,6.79
1993,12,VA,"3,339,835",.,6.89
1993,12,VT,"202,035",.,11.27
1993,12,WA,"3,260,983",.,5.03
1993,12,WI,"1,681,184",.,6.97
1993,12,WV,"921,707",.,6.14
1993,12,WY,"217,032",.,5.67
1993,11,AK,"147,506",.,11.27
1993,11,AL,"1,448,607",.,7.02
1993,11,AR,"753,880",.,8.19
1993,11,AZ,"1,037,396",.,9.13
1993,11,CA,"5,068,066",.,11.21
1993,11,CO,"817,648",.,7.20
1993,11,CT,"809,217",.,11.37
1993,11,DC,"115,403",.,5.99
1993,11,DE,"204,406",.,8.88
1993,11,FL,"5,979,614",.,8.00
1993,11,GA,"2,176,609",.,6.92
1993,11,HI,"205,699",.,12.01
1993,11,IA,"843,163",.,7.72
1993,11,ID,"590,845",.,4.99
1993,11,IL,"2,512,389",.,9.80
1993,11,IN,"1,983,597",.,6.77
1993,11,KS,"648,187",.,7.80
1993,11,KY,"1,420,426",.,5.61
1993,11,LA,"1,452,881",.,8.01
1993,11,MA,"1,238,847",.,10.90
1993,11,MD,"1,535,825",.,7.65
1993,11,ME,"303,526",.,11.65
1993,11,MI,"2,089,552",.,7.96
1993,11,MN,"1,255,483",.,6.92
1993,11,MO,"1,750,837",.,6.51
1993,11,MS,"866,117",.,7.45
1993,11,MT,"351,844",.,5.87
1993,11,NC,"2,604,487",.,8.04
1993,11,ND,"292,689",.,6.12
1993,11,NE,"538,040",.,5.75
1993,11,NH,"266,381",.,12.46
1993,11,NJ,"1,563,420",.,11.16
1993,11,NM,"305,118",.,9.12
1993,11,NV,"391,007",.,7.30
1993,11,NY,"2,856,698",.,13.35
1993,11,OH,"3,296,397",.,8.22
1993,11,OK,"1,043,897",.,6.68
1993,11,OR,"1,456,275",.,5.38
1993,11,PA,"3,155,057",.,9.41
1993,11,RI,"188,806",.,10.80
1993,11,SC,"1,327,319",.,7.47
1993,11,SD,"248,627",.,6.99
1993,11,TN,"2,146,239",.,5.86
1993,11,TX,"5,684,012",.,7.99
1993,11,UT,"398,879",.,6.76
1993,11,VA,"2,488,286",.,7.15
1993,11,VT,"168,335",.,10.19
1993,11,WA,"2,450,499",.,5.06
1993,11,WI,"1,395,859",.,7.12
1993,11,WV,"684,181",.,6.38
1993,11,WY,"167,681",.,5.98
1993,10,AK,"130,646",.,11.32
1993,10,AL,"1,481,876",.,7.22
1993,10,AR,"772,978",.,8.63
1993,10,AZ,"1,339,025",.,10.25
1993,10,CA,"5,335,046",.,11.18
1993,10,CO,"759,539",.,7.26
1993,10,CT,"718,358",.,11.51
1993,10,DC,"105,824",.,6.93
1993,10,DE,"191,128",.,9.46
1993,10,FL,"7,066,164",.,7.92
1993,10,GA,"2,178,961",.,7.69
1993,10,HI,"212,666",.,12.24
1993,10,IA,"747,911",.,8.27
1993,10,ID,"473,925",.,5.11
1993,10,IL,"2,211,063",.,16.13
1993,10,IN,"1,529,282",.,7.40
1993,10,KS,"622,804",.,8.21
1993,10,KY,"1,154,863",.,6.00
1993,10,LA,"2,060,758",.,8.15
1993,10,MA,"1,135,134",.,11.25
1993,10,MD,"1,361,286",.,8.13
1993,10,ME,"294,279",.,11.47
1993,10,MI,"1,963,609",.,7.87
1993,10,MN,"1,139,606",.,6.97
1993,10,MO,"1,373,098",.,7.06
1993,10,MS,"1,116,222",.,7.50
1993,10,MT,"269,909",.,5.75
1993,10,NC,"2,345,117",.,8.61
1993,10,ND,"226,026",.,6.67
1993,10,NE,"463,065",.,6.11
1993,10,NH,"248,880",.,12.56
1993,10,NJ,"1,494,750",.,11.16
1993,10,NM,"284,439",.,9.54
1993,10,NV,"398,766",.,7.39
1993,10,NY,"3,030,054",.,13.28
1993,10,OH,"2,693,422",.,8.81
1993,10,OK,"969,041",.,6.92
1993,10,OR,"1,137,432",.,5.36
1993,10,PA,"2,815,992",.,9.83
1993,10,RI,"179,061",.,11.18
1993,10,SC,"1,382,919",.,7.13
1993,10,SD,"198,442",.,7.47
1993,10,TN,"1,809,008",.,5.96
1993,10,TX,"7,978,294",.,8.81
1993,10,UT,"344,350",.,6.92
1993,10,VA,"1,855,175",.,7.64
1993,10,VT,"156,404",.,8.71
1993,10,WA,"1,956,695",.,4.53
1993,10,WI,"1,347,219",.,7.22
1993,10,WV,"586,313",.,6.68
1993,10,WY,"139,654",.,6.33
1993,9,AK,"116,438",.,11.34
1993,9,AL,"2,140,988",.,7.06
1993,9,AR,"1,289,584",.,8.82
1993,9,AZ,"1,761,406",.,10.31
1993,9,CA,"6,078,560",.,11.32
1993,9,CO,"810,580",.,7.29
1993,9,CT,"860,267",.,11.45
1993,9,DC,"140,665",.,8.59
1993,9,DE,"301,840",.,10.02
1993,9,FL,"8,142,401",.,8.01
1993,9,GA,"3,292,064",.,8.13
1993,9,HI,"204,177",.,12.46
1993,9,IA,"812,690",.,8.84
1993,9,ID,"370,902",.,5.03
1993,9,IL,"3,099,002",.,10.98
1993,9,IN,"1,836,520",.,6.66
1993,9,KS,"1,056,524",.,8.26
1993,9,KY,"1,319,016",.,5.81
1993,9,LA,"2,686,773",.,7.98
1993,9,MA,"1,239,890",.,11.40
1993,9,MD,"1,741,349",.,9.18
1993,9,ME,"283,629",.,11.42
1993,9,MI,"2,076,439",.,8.33
1993,9,MN,"1,229,286",.,7.40
1993,9,MO,"1,796,647",.,7.53
1993,9,MS,"1,526,112",.,7.37
1993,9,MT,"239,764",.,5.73
1993,9,NC,"3,347,976",.,8.37
1993,9,ND,"201,895",.,7.13
1993,9,NE,"560,387",.,7.27
1993,9,NH,"255,834",.,12.69
1993,9,NJ,"1,987,619",.,12.22
1993,9,NM,"322,041",.,9.47
1993,9,NV,"572,672",.,6.88
1993,9,NY,"3,750,910",.,13.90
1993,9,OH,"3,131,781",.,9.45
1993,9,OK,"1,558,626",.,7.94
1993,9,OR,"1,043,622",.,5.07
1993,9,PA,"3,166,753",.,10.11
1993,9,RI,"201,916",.,11.87
1993,9,SC,"2,019,149",.,7.37
1993,9,SD,"236,396",.,7.53
1993,9,TN,"2,762,247",.,5.80
1993,9,TX,"10,714,211",.,8.82
1993,9,UT,"376,439",.,6.88
1993,9,VA,"2,357,161",.,8.05
1993,9,VT,"138,124",.,8.81
1993,9,WA,"1,734,989",.,4.51
1993,9,WI,"1,293,764",.,7.04
1993,9,WV,"599,780",.,6.45
1993,9,WY,"117,894",.,6.28
1993,8,AK,"108,578",.,11.45
1993,8,AL,"2,662,768",.,7.05
1993,8,AR,"1,547,489",.,8.55
1993,8,AZ,"1,932,438",.,10.20
1993,8,CA,"6,046,966",.,11.76
1993,8,CO,"872,248",.,7.22
1993,8,CT,"890,203",.,11.56
1993,8,DC,"174,767",.,8.89
1993,8,DE,"306,968",.,9.84
1993,8,FL,"8,768,799",.,7.98
1993,8,GA,"4,092,118",.,8.69
1993,8,HI,"220,237",.,12.67
1993,8,IA,"1,179,414",.,8.73
1993,8,ID,"360,955",.,5.08
1993,8,IL,"3,602,128",.,10.81
1993,8,IN,"2,586,244",.,6.52
1993,8,KS,"1,309,368",.,8.42
1993,8,KY,"2,067,783",.,5.95
1993,8,LA,"2,872,697",.,7.80
1993,8,MA,"1,259,785",.,11.26
1993,8,MD,"2,072,810",.,9.65
1993,8,ME,"297,776",.,11.46
1993,8,MI,"2,696,631",.,8.47
1993,8,MN,"1,502,020",.,7.28
1993,8,MO,"2,969,126",.,8.53
1993,8,MS,"1,643,203",.,7.19
1993,8,MT,"226,705",.,5.68
1993,8,NC,"3,815,819",.,8.43
1993,8,ND,"207,799",.,7.25
1993,8,NE,"765,881",.,7.27
1993,8,NH,"256,207",.,12.75
1993,8,NJ,"2,404,720",.,12.23
1993,8,NM,"345,262",.,9.41
1993,8,NV,"726,504",.,6.33
1993,8,NY,"3,910,258",.,13.92
1993,8,OH,"3,845,207",.,8.98
1993,8,OK,"2,202,913",.,7.53
1993,8,OR,"1,008,744",.,4.90
1993,8,PA,"3,506,644",.,10.40
1993,8,RI,"209,093",.,11.96
1993,8,SC,"2,315,011",.,7.44
1993,8,SD,"251,321",.,7.57
1993,8,TN,"3,125,564",.,5.77
1993,8,TX,"11,271,869",.,8.49
1993,8,UT,"381,798",.,6.89
1993,8,VA,"3,041,282",.,8.28
1993,8,VT,"147,637",.,8.62
1993,8,WA,"1,715,580",.,4.43
1993,8,WI,"1,606,198",.,7.06
1993,8,WV,"734,367",.,6.39
1993,8,WY,"125,852",.,6.27
1993,7,AK,"108,455",.,11.50
1993,7,AL,"2,820,104",.,6.95
1993,7,AR,"1,328,523",.,8.49
1993,7,AZ,"1,938,400",.,10.20
1993,7,CA,"6,168,538",.,11.66
1993,7,CO,"840,183",.,7.54
1993,7,CT,"940,533",.,11.72
1993,7,DC,"201,137",.,8.91
1993,7,DE,"311,223",.,9.81
1993,7,FL,"8,066,592",.,7.99
1993,7,GA,"4,495,420",.,8.72
1993,7,HI,"200,766",.,12.76
1993,7,IA,"1,080,912",.,8.80
1993,7,ID,"393,522",.,5.01
1993,7,IL,"3,718,161",.,10.70
1993,7,IN,"2,587,055",.,6.62
1993,7,KS,"1,147,489",.,8.20
1993,7,KY,"2,300,503",.,5.76
1993,7,LA,"2,719,641",.,7.87
1993,7,MA,"1,283,290",.,10.99
1993,7,MD,"2,244,373",.,9.64
1993,7,ME,"284,617",.,11.22
1993,7,MI,"2,585,038",.,8.50
1993,7,MN,"1,305,712",.,7.66
1993,7,MO,"2,943,207",.,8.49
1993,7,MS,"1,456,271",.,7.05
1993,7,MT,"244,750",.,5.64
1993,7,NC,"3,935,983",.,8.54
1993,7,ND,"181,499",.,7.45
1993,7,NE,"709,815",.,7.36
1993,7,NH,"258,509",.,12.61
1993,7,NJ,"2,510,373",.,12.23
1993,7,NM,"342,166",.,9.26
1993,7,NV,"766,310",.,5.88
1993,7,NY,"3,709,948",.,13.94
1993,7,OH,"4,186,067",.,8.88
1993,7,OK,"2,054,086",.,7.75
1993,7,OR,"1,009,708",.,4.94
1993,7,PA,"3,812,463",.,10.50
1993,7,RI,"202,061",.,12.08
1993,7,SC,"2,349,205",.,7.52
1993,7,SD,"231,753",.,7.64
1993,7,TN,"3,108,442",.,5.77
1993,7,TX,"9,773,251",.,8.38
1993,7,UT,"350,392",.,6.87
1993,7,VA,"3,477,072",.,8.27
1993,7,VT,"142,398",.,8.76
1993,7,WA,"1,760,686",.,4.43
1993,7,WI,"1,541,819",.,7.02
1993,7,WV,"790,868",.,6.30
1993,7,WY,"121,250",.,6.24
1993,6,AK,"105,866",.,11.56
1993,6,AL,"2,140,015",.,6.93
1993,6,AR,"838,337",.,8.81
1993,6,AZ,"1,484,119",.,10.26
1993,6,CA,"5,223,908",.,11.50
1993,6,CO,"802,708",.,7.63
1993,6,CT,"728,619",.,12.09
1993,6,DC,"130,070",.,8.09
1993,6,DE,"199,562",.,9.99
1993,6,FL,"6,803,633",.,8.05
1993,6,GA,"3,244,628",.,8.48
1993,6,HI,"203,749",.,12.37
1993,6,IA,"793,240",.,8.88
1993,6,ID,"355,275",.,5.07
1993,6,IL,"2,475,704",.,11.08
1993,6,IN,"1,734,671",.,7.22
1993,6,KS,"759,502",.,8.06
1993,6,KY,"1,516,555",.,6.09
1993,6,LA,"2,098,922",.,7.71
1993,6,MA,"1,067,093",.,11.56
1993,6,MD,"1,578,632",.,9.69
1993,6,ME,"279,906",.,11.04
1993,6,MI,"1,982,246",.,8.22
1993,6,MN,"1,179,819",.,7.64
1993,6,MO,"1,987,542",.,8.88
1993,6,MS,"1,048,515",.,7.39
1993,6,MT,"221,166",.,5.72
1993,6,NC,"2,870,899",.,8.23
1993,6,ND,"190,593",.,7.24
1993,6,NE,"514,008",.,7.65
1993,6,NH,"234,868",.,12.65
1993,6,NJ,"1,691,019",.,11.99
1993,6,NM,"307,257",.,9.30
1993,6,NV,"559,540",.,5.81
1993,6,NY,"2,809,974",.,13.93
1993,6,OH,"3,128,367",.,9.10
1993,6,OK,"1,245,570",.,7.90
1993,6,OR,"964,238",.,4.90
1993,6,PA,"2,905,541",.,10.25
1993,6,RI,"167,102",.,11.72
1993,6,SC,"1,663,403",.,7.52
1993,6,SD,"210,310",.,7.68
1993,6,TN,"2,202,378",.,5.90
1993,6,TX,"7,111,300",.,8.41
1993,6,UT,"346,959",.,6.91
1993,6,VA,"2,433,757",.,8.32
1993,6,VT,"132,507",.,8.81
1993,6,WA,"1,945,446",.,4.34
1993,6,WI,"1,271,679",.,7.11
1993,6,WV,"566,720",.,6.53
1993,6,WY,"122,666",.,6.31
1993,5,AK,"115,310",.,11.54
1993,5,AL,"1,431,061",.,6.89
1993,5,AR,"696,893",.,8.33
1993,5,AZ,"1,138,243",.,9.90
1993,5,CA,"4,798,692",.,11.39
1993,5,CO,"765,311",.,7.43
1993,5,CT,"685,676",.,11.88
1993,5,DC,"98,689",.,7.14
1993,5,DE,"180,854",.,8.99
1993,5,FL,"5,078,375",.,8.23
1993,5,GA,"2,214,930",.,7.90
1993,5,HI,"202,289",.,12.31
1993,5,IA,"742,117",.,8.20
1993,5,ID,"429,187",.,5.03
1993,5,IL,"2,201,699",.,10.15
1993,5,IN,"1,486,486",.,7.36
1993,5,KS,"581,888",.,8.15
1993,5,KY,"1,108,955",.,6.06
1993,5,LA,"1,432,947",.,7.74
1993,5,MA,"1,090,690",.,11.15
1993,5,MD,"1,337,852",.,8.98
1993,5,ME,"286,241",.,11.18
1993,5,MI,"1,840,386",.,8.01
1993,5,MN,"1,076,189",.,7.37
1993,5,MO,"1,401,298",.,7.90
1993,5,MS,"808,199",.,7.63
1993,5,MT,"229,416",.,5.63
1993,5,NC,"2,258,462",.,8.31
1993,5,ND,"197,964",.,7.03
1993,5,NE,"456,125",.,6.17
1993,5,NH,"243,094",.,12.15
1993,5,NJ,"1,401,887",.,11.25
1993,5,NM,"269,121",.,9.39
1993,5,NV,"453,222",.,6.20
1993,5,NY,"2,718,155",.,13.35
1993,5,OH,"2,640,893",.,8.83
1993,5,OK,"857,178",.,7.73
1993,5,OR,"1,183,954",.,4.84
1993,5,PA,"2,658,308",.,9.66
1993,5,RI,"167,003",.,11.28
1993,5,SC,"1,204,452",.,7.44
1993,5,SD,"208,147",.,7.39
1993,5,TN,"1,760,904",.,5.81
1993,5,TX,"5,137,662",.,8.51
1993,5,UT,"345,623",.,6.93
1993,5,VA,"1,847,796",.,8.12
1993,5,VT,"132,936",.,8.82
1993,5,WA,"2,329,781",.,4.34
1993,5,WI,"1,262,685",.,7.20
1993,5,WV,"557,051",.,6.58
1993,5,WY,"130,387",.,6.12
1993,4,AK,"128,698",.,11.23
1993,4,AL,"1,394,508",.,6.88
1993,4,AR,"772,716",.,8.07
1993,4,AZ,"936,148",.,9.36
1993,4,CA,"4,918,246",.,11.15
1993,4,CO,"856,158",.,7.06
1993,4,CT,"848,067",.,11.58
1993,4,DC,"101,323",.,5.96
1993,4,DE,"235,959",.,8.42
1993,4,FL,"5,106,817",.,8.21
1993,4,GA,"2,006,195",.,7.49
1993,4,HI,"198,518",.,12.16
1993,4,IA,"751,567",.,7.68
1993,4,ID,"434,699",.,4.85
1993,4,IL,"2,554,660",.,9.70
1993,4,IN,"1,748,483",.,6.86
1993,4,KS,"663,233",.,7.62
1993,4,KY,"1,300,207",.,5.73
1993,4,LA,"1,254,047",.,7.48
1993,4,MA,"1,319,744",.,10.73
1993,4,MD,"1,537,809",.,7.32
1993,4,ME,"328,262",.,11.28
1993,4,MI,"1,963,456",.,8.01
1993,4,MN,"1,173,319",.,6.82
1993,4,MO,"1,561,463",.,6.57
1993,4,MS,"859,338",.,7.04
1993,4,MT,"296,652",.,5.47
1993,4,NC,"2,564,445",.,8.13
1993,4,ND,"263,567",.,6.20
1993,4,NE,"538,541",.,5.69
1993,4,NH,"291,061",.,11.82
1993,4,NJ,"1,546,743",.,11.06
1993,4,NM,"277,989",.,9.09
1993,4,NV,"343,994",.,7.02
1993,4,NY,"3,125,008",.,12.71
1993,4,OH,"3,118,585",.,8.11
1993,4,OK,"968,486",.,6.92
1993,4,OR,"1,379,142",.,4.82
1993,4,PA,"3,222,031",.,9.10
1993,4,RI,"193,256",.,11.00
1993,4,SC,"1,392,178",.,7.28
1993,4,SD,"260,340",.,6.72
1993,4,TN,"2,166,189",.,5.70
1993,4,TX,"5,255,686",.,7.57
1993,4,UT,"349,911",.,6.86
1993,4,VA,"2,131,735",.,7.29
1993,4,VT,"150,730",.,8.30
1993,4,WA,"2,786,804",.,4.35
1993,4,WI,"1,324,943",.,7.03
1993,4,WV,"643,381",.,6.31
1993,4,WY,"157,602",.,5.97
1993,3,AK,"146,085",.,10.99
1993,3,AL,"1,746,676",.,6.36
1993,3,AR,"898,232",.,7.68
1993,3,AZ,"1,103,675",.,9.08
1993,3,CA,"5,346,601",.,11.11
1993,3,CO,"1,001,288",.,6.88
1993,3,CT,"1,021,013",.,11.22
1993,3,DC,"139,798",.,5.97
1993,3,DE,"293,402",.,8.02
1993,3,FL,"5,331,603",.,7.82
1993,3,GA,"2,446,923",.,7.13
1993,3,HI,"204,707",.,12.17
1993,3,IA,"962,396",.,7.29
1993,3,ID,"632,208",.,4.96
1993,3,IL,"3,016,263",.,9.09
1993,3,IN,"2,316,503",.,6.29
1993,3,KS,"744,997",.,7.35
1993,3,KY,"1,737,267",.,5.39
1993,3,LA,"1,405,374",.,7.38
1993,3,MA,"1,533,022",.,10.27
1993,3,MD,"2,077,859",.,7.02
1993,3,ME,"377,713",.,11.28
1993,3,MI,"2,292,059",.,8.06
1993,3,MN,"1,331,221",.,6.86
1993,3,MO,"1,933,774",.,6.10
1993,3,MS,"959,248",.,6.72
1993,3,MT,"324,365",.,5.60
1993,3,NC,"3,599,383",.,7.88
1993,3,ND,"317,977",.,5.88
1993,3,NE,"638,189",.,5.43
1993,3,NH,"349,113",.,11.65
1993,3,NJ,"1,833,998",.,10.78
1993,3,NM,"321,262",.,8.81
1993,3,NV,"426,850",.,6.61
1993,3,NY,"3,442,810",.,12.35
1993,3,OH,"3,751,666",.,7.52
1993,3,OK,"1,171,728",.,6.48
1993,3,OR,"1,621,674",.,4.91
1993,3,PA,"3,991,068",.,8.90
1993,3,RI,"222,482",.,10.71
1993,3,SC,"1,775,736",.,7.22
1993,3,SD,"296,272",.,6.54
1993,3,TN,"2,839,352",.,5.63
1993,3,TX,"5,581,398",.,7.17
1993,3,UT,"400,735",.,6.87
1993,3,VA,"3,086,583",.,6.87
1993,3,VT,"199,341",.,9.65
1993,3,WA,"3,304,050",.,4.55
1993,3,WI,"1,493,174",.,7.03
1993,3,WV,"879,273",.,6.09
1993,3,WY,"185,400",.,5.76
1993,2,AK,"160,904",.,10.77
1993,2,AL,"1,625,703",.,6.59
1993,2,AR,"912,303",.,7.74
1993,2,AZ,"1,198,910",.,8.85
1993,2,CA,"5,699,836",.,10.91
1993,2,CO,"991,815",.,6.94
1993,2,CT,"1,021,601",.,10.68
1993,2,DC,"135,051",.,5.89
1993,2,DE,"283,242",.,8.07
1993,2,FL,"5,166,257",.,7.85
1993,2,GA,"2,366,414",.,7.10
1993,2,HI,"187,618",.,12.18
1993,2,IA,"895,938",.,7.51
1993,2,ID,"636,456",.,4.96
1993,2,IL,"3,108,421",.,8.69
1993,2,IN,"2,169,365",.,6.32
1993,2,KS,"764,727",.,7.32
1993,2,KY,"1,660,773",.,5.51
1993,2,LA,"1,386,922",.,7.44
1993,2,MA,"1,540,217",.,10.60
1993,2,MD,"1,984,558",.,7.08
1993,2,ME,"377,316",.,11.51
1993,2,MI,"2,198,808",.,8.10
1993,2,MN,"1,268,430",.,6.94
1993,2,MO,"1,939,994",.,6.37
1993,2,MS,"938,539",.,6.66
1993,2,MT,"333,752",.,5.90
1993,2,NC,"3,232,637",.,7.93
1993,2,ND,"339,776",.,5.78
1993,2,NE,"638,578",.,5.55
1993,2,NH,"338,798",.,11.91
1993,2,NJ,"1,823,869",.,10.53
1993,2,NM,"340,548",.,8.71
1993,2,NV,"438,717",.,6.80
1993,2,NY,"3,563,307",.,12.14
1993,2,OH,"3,833,503",.,7.64
1993,2,OK,"1,198,256",.,6.61
1993,2,OR,"1,704,917",.,4.91
1993,2,PA,"4,072,217",.,8.89
1993,2,RI,"226,625",.,11.06
1993,2,SC,"1,702,878",.,7.07
1993,2,SD,"291,552",.,6.70
1993,2,TN,"2,745,243",.,5.64
1993,2,TX,"6,108,268",.,7.01
1993,2,UT,"406,120",.,6.81
1993,2,VA,"3,120,852",.,6.91
1993,2,VT,"193,540",.,11.63
1993,2,WA,"3,713,105",.,4.61
1993,2,WI,"1,416,948",.,6.95
1993,2,WV,"830,345",.,6.09
1993,2,WY,"190,238",.,5.71
1993,1,AK,"186,889",.,10.51
1993,1,AL,"1,857,433",.,6.13
1993,1,AR,"1,043,813",.,7.67
1993,1,AZ,"1,469,522",.,8.57
1993,1,CA,"6,663,452",.,11.10
1993,1,CO,"1,120,414",.,7.22
1993,1,CT,"1,086,840",.,11.20
1993,1,DC,"144,612",.,5.98
1993,1,DE,"288,431",.,8.10
1993,1,FL,"5,447,730",.,7.84
1993,1,GA,"2,657,416",.,6.72
1993,1,HI,"216,033",.,12.11
1993,1,IA,"1,104,776",.,7.12
1993,1,ID,"795,629",.,5.01
1993,1,IL,"3,549,613",.,8.82
1993,1,IN,"2,608,116",.,6.25
1993,1,KS,"885,392",.,7.11
1993,1,KY,"1,864,038",.,5.41
1993,1,LA,"1,546,850",.,7.53
1993,1,MA,"1,647,863",.,10.39
1993,1,MD,"2,062,473",.,7.02
1993,1,ME,"412,948",.,11.59
1993,1,MI,"2,590,725",.,8.12
1993,1,MN,"1,636,677",.,6.61
1993,1,MO,"2,354,388",.,6.06
1993,1,MS,"1,023,450",.,6.54
1993,1,MT,"444,816",.,5.91
1993,1,NC,"3,675,980",.,7.84
1993,1,ND,"434,564",.,5.49
1993,1,NE,"712,757",.,5.35
1993,1,NH,"370,795",.,11.83
1993,1,NJ,"1,980,796",.,10.60
1993,1,NM,"393,754",.,9.09
1993,1,NV,"625,330",.,6.34
1993,1,NY,"3,700,699",.,12.17
1993,1,OH,"4,250,172",.,7.52
1993,1,OK,"1,427,883",.,5.94
1993,1,OR,"2,172,768",.,4.87
1993,1,PA,"4,249,222",.,8.97
1993,1,RI,"244,645",.,10.78
1993,1,SC,"1,833,156",.,7.07
1993,1,SD,"362,559",.,6.43
1993,1,TN,"2,895,719",.,5.64
1993,1,TX,"6,914,466",.,6.91
1993,1,UT,"506,932",.,6.77
1993,1,VA,"3,292,531",.,7.42
1993,1,VT,"207,097",.,12.27
1993,1,WA,"3,973,416",.,4.66
1993,1,WI,"1,737,923",.,6.76
1993,1,WV,"888,389",.,6.05
1993,1,WY,"230,478",.,5.60
1992,12,AK,"168,701",.,10.55
1992,12,AL,"1,876,362",.,6.17
1992,12,AR,"876,600",.,7.63
1992,12,AZ,"1,434,510",.,8.64
1992,12,CA,"5,840,554",.,11.17
1992,12,CO,"1,047,848",.,7.16
1992,12,CT,"1,058,628",.,10.71
1992,12,DC,"135,797",.,5.83
1992,12,DE,"251,309",.,8.22
1992,12,FL,"5,675,759",.,7.78
1992,12,GA,"2,658,101",.,6.94
1992,12,HI,"213,121",.,12.17
1992,12,IA,"1,082,572",.,7.00
1992,12,ID,"734,191",.,4.67
1992,12,IL,"3,198,341",.,9.20
1992,12,IN,"2,256,112",.,6.50
1992,12,KS,"811,973",.,7.30
1992,12,KY,"1,790,203",.,5.34
1992,12,LA,"1,554,971",.,7.68
1992,12,MA,"1,486,956",.,11.56
1992,12,MD,"1,949,563",.,7.05
1992,12,ME,"356,185",.,11.66
1992,12,MI,"2,441,659",.,8.12
1992,12,MN,"1,518,723",.,6.77
1992,12,MO,"2,120,472",.,6.55
1992,12,MS,"953,156",.,7.33
1992,12,MT,"409,197",.,5.72
1992,12,NC,"3,459,163",.,7.81
1992,12,ND,"344,637",.,5.75
1992,12,NE,"695,190",.,5.59
1992,12,NH,"322,443",.,11.65
1992,12,NJ,"1,836,299",.,10.55
1992,12,NM,"396,307",.,8.71
1992,12,NV,"518,056",.,6.19
1992,12,NY,"3,416,594",.,12.55
1992,12,OH,"3,946,724",.,7.58
1992,12,OK,"1,307,392",.,6.45
1992,12,OR,"1,943,928",.,4.86
1992,12,PA,"3,924,849",.,9.47
1992,12,RI,"222,995",.,11.57
1992,12,SC,"1,815,752",.,7.10
1992,12,SD,"318,403",.,6.57
1992,12,TN,"2,882,869",.,5.67
1992,12,TX,"6,382,686",.,7.16
1992,12,UT,"490,387",.,6.81
1992,12,VA,"3,153,787",.,7.20
1992,12,VT,"195,700",.,11.95
1992,12,WA,"3,272,389",.,4.79
1992,12,WI,"1,695,242",.,6.65
1992,12,WV,"869,546",.,6.06
1992,12,WY,"206,531",.,5.78
1992,11,AK,"146,713",.,10.90
1992,11,AL,"1,364,110",.,6.77
1992,11,AR,"688,614",.,8.24
1992,11,AZ,"997,290",.,9.45
1992,11,CA,"5,189,838",.,10.81
1992,11,CO,"813,418",.,7.24
1992,11,CT,"867,853",.,11.23
1992,11,DC,"102,013",.,5.65
1992,11,DE,"201,131",.,8.62
1992,11,FL,"5,314,494",.,7.94
1992,11,GA,"2,044,550",.,7.36
1992,11,HI,"202,952",.,12.06
1992,11,IA,"971,828",.,7.79
1992,11,ID,"565,209",.,4.94
1992,11,IL,"2,550,616",.,9.91
1992,11,IN,"1,783,148",.,6.96
1992,11,KS,"644,058",.,7.60
1992,11,KY,"1,280,602",.,5.64
1992,11,LA,"1,378,577",.,7.68
1992,11,MA,"1,252,882",.,10.80
1992,11,MD,"1,466,244",.,7.27
1992,11,ME,"305,235",.,11.55
1992,11,MI,"2,081,493",.,8.02
1992,11,MN,"1,258,265",.,6.97
1992,11,MO,"1,601,161",.,7.01
1992,11,MS,"786,013",.,7.21
1992,11,MT,"321,019",.,5.51
1992,11,NC,"2,455,520",.,8.02
1992,11,ND,"279,030",.,6.11
1992,11,NE,"543,296",.,5.91
1992,11,NH,"272,844",.,11.42
1992,11,NJ,"1,565,749",.,10.59
1992,11,NM,"291,781",.,8.96
1992,11,NV,"380,739",.,6.50
1992,11,NY,"2,926,188",.,12.71
1992,11,OH,"3,205,739",.,8.10
1992,11,OK,"952,301",.,6.70
1992,11,OR,"1,326,414",.,4.97
1992,11,PA,"3,177,096",.,9.43
1992,11,RI,"189,310",.,10.91
1992,11,SC,"1,241,887",.,7.35
1992,11,SD,"268,059",.,6.80
1992,11,TN,"2,082,854",.,5.78
1992,11,TX,"5,418,933",.,7.47
1992,11,UT,"381,586",.,6.98
1992,11,VA,"2,242,910",.,7.53
1992,11,VT,"156,024",.,10.40
1992,11,WA,"2,329,150",.,4.70
1992,11,WI,"1,396,346",.,6.98
1992,11,WV,"651,661",.,6.26
1992,11,WY,"146,840",.,6.13
1992,10,AK,"138,991",.,10.84
1992,10,AL,"1,393,170",.,7.03
1992,10,AR,"756,561",.,8.55
1992,10,AZ,"1,356,439",.,10.18
1992,10,CA,"5,755,484",.,10.80
1992,10,CO,"758,321",.,7.30
1992,10,CT,"735,464",.,11.51
1992,10,DC,"110,955",.,7.34
1992,10,DE,"185,792",.,8.87
1992,10,FL,"6,492,185",.,7.70
1992,10,GA,"2,121,301",.,7.56
1992,10,HI,"200,995",.,12.09
1992,10,IA,"797,799",.,8.14
1992,10,ID,"423,551",.,5.09
1992,10,IL,"2,277,191",.,11.00
1992,10,IN,"1,595,235",.,7.34
1992,10,KS,"660,720",.,7.88
1992,10,KY,"1,170,145",.,5.73
1992,10,LA,"1,631,307",.,7.80
1992,10,MA,"1,138,379",.,11.14
1992,10,MD,"1,362,079",.,8.39
1992,10,ME,"282,014",.,11.26
1992,10,MI,"1,999,355",.,8.01
1992,10,MN,"1,156,440",.,6.98
1992,10,MO,"1,426,523",.,7.24
1992,10,MS,"977,413",.,7.27
1992,10,MT,"262,012",.,5.37
1992,10,NC,"2,343,052",.,8.53
1992,10,ND,"223,321",.,6.49
1992,10,NE,"453,456",.,6.33
1992,10,NH,"250,316",.,11.59
1992,10,NJ,"1,448,062",.,10.44
1992,10,NM,"277,269",.,9.32
1992,10,NV,"433,435",.,6.25
1992,10,NY,"2,908,317",.,12.95
1992,10,OH,"2,752,385",.,8.57
1992,10,OK,"1,004,449",.,7.02
1992,10,OR,"1,108,315",.,5.08
1992,10,PA,"2,775,480",.,9.89
1992,10,RI,"175,120",.,11.47
1992,10,SC,"1,314,771",.,7.13
1992,10,SD,"202,335",.,7.56
1992,10,TN,"1,899,451",.,5.80
1992,10,TX,"6,983,762",.,8.24
1992,10,UT,"325,771",.,6.99
1992,10,VA,"1,981,436",.,7.86
1992,10,VT,"145,283",.,8.08
1992,10,WA,"1,823,637",.,4.61
1992,10,WI,"1,260,007",.,7.21
1992,10,WV,"574,955",.,6.39
1992,10,WY,"131,906",.,6.53
1992,9,AK,"117,348",.,11.34
1992,9,AL,"1,903,424",.,6.72
1992,9,AR,"1,024,549",.,8.72
1992,9,AZ,"1,645,004",.,10.25
1992,9,CA,"6,387,148",.,11.21
1992,9,CO,"768,459",.,7.34
1992,9,CT,"795,832",.,11.42
1992,9,DC,"128,246",.,7.95
1992,9,DE,"232,123",.,9.48
1992,9,FL,"7,457,179",.,7.60
1992,9,GA,"2,782,653",.,8.03
1992,9,HI,"203,900",.,12.15
1992,9,IA,"724,930",.,8.75
1992,9,ID,"384,316",.,5.19
1992,9,IL,"2,615,160",.,11.48
1992,9,IN,"1,770,172",.,7.07
1992,9,KS,"839,885",.,8.21
1992,9,KY,"1,374,088",.,5.92
1992,9,LA,"2,221,979",.,7.55
1992,9,MA,"1,154,139",.,11.07
1992,9,MD,"1,485,546",.,8.85
1992,9,ME,"274,774",.,11.15
1992,9,MI,"2,032,289",.,8.35
1992,9,MN,"1,106,955",.,7.32
1992,9,MO,"1,710,434",.,7.73
1992,9,MS,"1,257,252",.,6.97
1992,9,MT,"212,727",.,5.46
1992,9,NC,"2,770,822",.,8.46
1992,9,ND,"192,447",.,7.20
1992,9,NE,"527,504",.,7.33
1992,9,NH,"252,500",.,11.60
1992,9,NJ,"1,721,856",.,11.63
1992,9,NM,"311,477",.,9.18
1992,9,NV,"569,536",.,6.20
1992,9,NY,"3,175,482",.,13.46
1992,9,OH,"2,856,284",.,9.14
1992,9,OK,"1,331,918",.,7.82
1992,9,OR,"971,803",.,5.06
1992,9,PA,"2,777,891",.,10.12
1992,9,RI,"190,587",.,11.28
1992,9,SC,"1,660,154",.,7.16
1992,9,SD,"196,167",.,7.72
1992,9,TN,"2,381,288",.,5.73
1992,9,TX,"8,857,186",.,8.15
1992,9,UT,"325,939",.,6.91
1992,9,VA,"2,180,491",.,7.97
1992,9,VT,"134,353",.,7.93
1992,9,WA,"1,687,774",.,4.40
1992,9,WI,"1,236,739",.,7.10
1992,9,WV,"556,469",.,6.35
1992,9,WY,"115,788",.,6.37
1992,8,AK,"110,402",.,11.30
1992,8,AL,"2,218,767",.,6.78
1992,8,AR,"1,232,192",.,8.56
1992,8,AZ,"1,870,613",.,10.13
1992,8,CA,"6,727,091",.,11.59
1992,8,CO,"778,449",.,7.51
1992,8,CT,"805,409",.,11.27
1992,8,DC,"156,537",.,8.56
1992,8,DE,"263,358",.,9.42
1992,8,FL,"8,035,398",.,7.58
1992,8,GA,"3,409,898",.,8.55
1992,8,HI,"211,367",.,10.92
1992,8,IA,"837,403",.,8.84
1992,8,ID,"388,988",.,5.04
1992,8,IL,"2,771,093",.,11.29
1992,8,IN,"2,090,906",.,6.90
1992,8,KS,"1,001,905",.,8.12
1992,8,KY,"1,663,613",.,5.87
1992,8,LA,"2,438,781",.,7.60
1992,8,MA,"1,154,600",.,10.95
1992,8,MD,"1,790,676",.,9.19
1992,8,ME,"284,326",.,11.10
1992,8,MI,"2,093,432",.,8.25
1992,8,MN,"1,143,261",.,7.55
1992,8,MO,"2,026,579",.,8.23
1992,8,MS,"1,487,222",.,6.94
1992,8,MT,"227,851",.,5.44
1992,8,NC,"3,437,703",.,8.31
1992,8,ND,"180,661",.,7.40
1992,8,NE,"590,474",.,7.21
1992,8,NH,"248,686",.,11.63
1992,8,NJ,"1,963,254",.,11.65
1992,8,NM,"325,005",.,9.12
1992,8,NV,"749,474",.,5.84
1992,8,NY,"3,273,494",.,13.46
1992,8,OH,"3,159,118",.,8.88
1992,8,OK,"1,687,531",.,7.73
1992,8,OR,"996,564",.,4.89
1992,8,PA,"2,924,497",.,10.25
1992,8,RI,"184,972",.,11.52
1992,8,SC,"2,092,225",.,7.09
1992,8,SD,"201,268",.,7.72
1992,8,TN,"2,730,515",.,5.70
1992,8,TX,"9,584,020",.,7.99
1992,8,UT,"431,369",.,6.87
1992,8,VA,"2,610,069",.,8.26
1992,8,VT,"130,721",.,8.50
1992,8,WA,"1,706,348",.,4.26
1992,8,WI,"1,330,755",.,7.12
1992,8,WV,"627,087",.,6.27
1992,8,WY,"119,817",.,6.28
1992,7,AK,"109,273",.,11.28
1992,7,AL,"2,484,856",.,6.78
1992,7,AR,"1,218,594",.,8.60
1992,7,AZ,"1,732,335",.,10.12
1992,7,CA,"5,825,371",.,11.47
1992,7,CO,"754,258",.,7.63
1992,7,CT,"819,542",.,11.22
1992,7,DC,"131,484",.,7.85
1992,7,DE,"242,234",.,9.44
1992,7,FL,"7,840,554",.,7.59
1992,7,GA,"3,553,518",.,8.55
1992,7,HI,"204,686",.,10.50
1992,7,IA,"862,533",.,8.84
1992,7,ID,"381,757",.,5.15
1992,7,IL,"2,848,145",.,11.51
1992,7,IN,"2,074,201",.,6.99
1992,7,KS,"960,080",.,8.44
1992,7,KY,"1,884,170",.,5.92
1992,7,LA,"2,698,072",.,7.48
1992,7,MA,"1,155,771",.,11.14
1992,7,MD,"1,783,843",.,9.22
1992,7,ME,"271,596",.,11.07
1992,7,MI,"2,065,475",.,8.26
1992,7,MN,"1,152,054",.,7.58
1992,7,MO,"2,223,909",.,8.51
1992,7,MS,"1,448,982",.,6.83
1992,7,MT,"223,355",.,5.47
1992,7,NC,"3,412,769",.,8.47
1992,7,ND,"178,575",.,7.39
1992,7,NE,"603,228",.,7.19
1992,7,NH,"247,216",.,11.60
1992,7,NJ,"2,076,632",.,11.60
1992,7,NM,"332,882",.,9.07
1992,7,NV,"671,019",.,5.74
1992,7,NY,"3,166,250",.,13.31
1992,7,OH,"3,368,806",.,8.79
1992,7,OK,"1,798,781",.,7.56
1992,7,OR,"968,255",.,4.95
1992,7,PA,"3,080,366",.,10.44
1992,7,RI,"176,123",.,11.70
1992,7,SC,"1,958,744",.,7.25
1992,7,SD,"198,053",.,7.74
1992,7,TN,"2,796,256",.,5.70
1992,7,TX,"9,685,450",.,8.19
1992,7,UT,"369,120",.,6.95
1992,7,VA,"2,759,354",.,7.61
1992,7,VT,"128,727",.,8.44
1992,7,WA,"1,721,111",.,4.39
1992,7,WI,"1,320,467",.,7.13
1992,7,WV,"681,563",.,6.25
1992,7,WY,"115,069",.,6.37
1992,6,AK,"109,539",.,10.93
1992,6,AL,"1,831,821",.,6.86
1992,6,AR,"808,772",.,9.07
1992,6,AZ,"1,383,986",.,10.19
1992,6,CA,"5,386,621",.,11.10
1992,6,CO,"757,935",.,7.52
1992,6,CT,"729,081",.,11.32
1992,6,DC,"98,417",.,6.99
1992,6,DE,"184,087",.,9.52
1992,6,FL,"6,382,089",.,7.65
1992,6,GA,"2,528,193",.,8.36
1992,6,HI,"199,019",.,10.12
1992,6,IA,"756,364",.,8.90
1992,6,ID,"351,335",.,5.20
1992,6,IL,"2,369,698",.,11.36
1992,6,IN,"1,598,761",.,7.32
1992,6,KS,"648,383",.,8.91
1992,6,KY,"1,305,221",.,6.21
1992,6,LA,"2,040,474",.,7.42
1992,6,MA,"1,096,657",.,10.50
1992,6,MD,"1,355,039",.,9.36
1992,6,ME,"267,459",.,11.03
1992,6,MI,"1,923,169",.,8.25
1992,6,MN,"1,092,299",.,7.13
1992,6,MO,"1,608,157",.,8.78
1992,6,MS,"1,067,318",.,7.19
1992,6,MT,"214,504",.,5.50
1992,6,NC,"2,379,520",.,8.23
1992,6,ND,"184,770",.,7.23
1992,6,NE,"463,743",.,7.50
1992,6,NH,"212,150",.,11.39
1992,6,NJ,"1,659,841",.,11.62
1992,6,NM,"281,345",.,9.06
1992,6,NV,"541,573",.,6.16
1992,6,NY,"2,835,072",.,13.09
1992,6,OH,"2,699,169",.,9.19
1992,6,OK,"1,114,996",.,7.67
1992,6,OR,"932,813",.,4.88
1992,6,PA,"2,711,476",.,10.13
1992,6,RI,"169,539",.,11.22
1992,6,SC,"1,362,601",.,7.42
1992,6,SD,"189,100",.,7.76
1992,6,TN,"2,083,026",.,5.77
1992,6,TX,"6,852,500",.,8.23
1992,6,UT,"316,787",.,6.97
1992,6,VA,"2,066,252",.,8.32
1992,6,VT,"124,082",.,8.54
1992,6,WA,"1,778,967",.,4.27
1992,6,WI,"1,215,655",.,7.18
1992,6,WV,"521,332",.,6.38
1992,6,WY,"115,930",.,6.37
1992,5,AK,"121,498",.,11.11
1992,5,AL,"1,455,896",.,7.04
1992,5,AR,"660,468",.,8.48
1992,5,AZ,"1,195,733",.,9.67
1992,5,CA,"4,918,584",.,11.07
1992,5,CO,"748,417",.,7.38
1992,5,CT,"753,501",.,11.81
1992,5,DC,"93,152",.,5.70
1992,5,DE,"183,627",.,8.75
1992,5,FL,"4,982,006",.,7.79
1992,5,GA,"2,111,031",.,7.89
1992,5,HI,"203,512",.,10.08
1992,5,IA,"704,363",.,8.27
1992,5,ID,"389,215",.,4.98
1992,5,IL,"2,260,362",.,10.43
1992,5,IN,"1,532,019",.,7.35
1992,5,KS,"582,338",.,8.47
1992,5,KY,"1,144,072",.,5.92
1992,5,LA,"1,496,147",.,7.54
1992,5,MA,"1,149,371",.,10.41
1992,5,MD,"1,269,332",.,8.22
1992,5,ME,"294,988",.,11.11
1992,5,MI,"1,927,884",.,7.99
1992,5,MN,"1,096,923",.,7.14
1992,5,MO,"1,414,686",.,7.93
1992,5,MS,"844,866",.,7.41
1992,5,MT,"229,879",.,5.42
1992,5,NC,"2,255,315",.,8.25
1992,5,ND,"214,523",.,6.61
1992,5,NE,"443,894",.,6.20
1992,5,NH,"282,621",.,11.27
1992,5,NJ,"1,387,858",.,10.76
1992,5,NM,"267,291",.,9.36
1992,5,NV,"446,099",.,6.06
1992,5,NY,"2,902,919",.,12.21
1992,5,OH,"2,731,166",.,8.67
1992,5,OK,"895,691",.,7.18
1992,5,OR,"1,066,268",.,4.89
1992,5,PA,"2,742,476",.,9.63
1992,5,RI,"175,504",.,10.95
1992,5,SC,"1,205,606",.,7.42
1992,5,SD,"201,127",.,7.42
1992,5,TN,"1,945,430",.,5.79
1992,5,TX,"5,460,630",.,8.16
1992,5,UT,"319,814",.,7.01
1992,5,VA,"1,943,692",.,8.09
1992,5,VT,"135,155",.,8.40
1992,5,WA,"2,065,059",.,4.34
1992,5,WI,"1,253,442",.,7.06
1992,5,WV,"558,302",.,6.37
1992,5,WY,"118,787",.,6.29
1992,4,AK,"132,086",.,10.93
1992,4,AL,"1,469,853",.,6.78
1992,4,AR,"697,156",.,8.08
1992,4,AZ,"932,542",.,9.52
1992,4,CA,"5,024,331",.,10.91
1992,4,CO,"828,551",.,6.83
1992,4,CT,"846,521",.,10.71
1992,4,DC,"115,266",.,5.60
1992,4,DE,"224,456",.,8.29
1992,4,FL,"4,727,071",.,7.80
1992,4,GA,"2,077,695",.,7.42
1992,4,HI,"191,528",.,10.27
1992,4,IA,"783,555",.,7.90
1992,4,ID,"394,526",.,4.86
1992,4,IL,"2,532,299",.,9.94
1992,4,IN,"1,757,924",.,6.78
1992,4,KS,"616,290",.,7.82
1992,4,KY,"1,290,156",.,5.59
1992,4,LA,"1,266,280",.,7.33
1992,4,MA,"1,302,995",.,9.95
1992,4,MD,"1,504,456",.,7.33
1992,4,ME,"323,997",.,11.24
1992,4,MI,"2,047,044",.,8.04
1992,4,MN,"1,196,916",.,6.82
1992,4,MO,"1,535,098",.,7.04
1992,4,MS,"781,714",.,7.14
1992,4,MT,"243,456",.,5.86
1992,4,NC,"2,652,906",.,7.97
1992,4,ND,"262,168",.,6.13
1992,4,NE,"495,113",.,5.76
1992,4,NH,"296,059",.,11.14
1992,4,NJ,"1,484,910",.,10.50
1992,4,NM,"277,416",.,9.17
1992,4,NV,"368,198",.,6.57
1992,4,NY,"3,173,244",.,11.60
1992,4,OH,"3,049,751",.,7.99
1992,4,OK,"912,528",.,7.20
1992,4,OR,"1,224,380",.,4.84
1992,4,PA,"3,219,282",.,9.36
1992,4,RI,"193,016",.,10.99
1992,4,SC,"1,376,024",.,7.22
1992,4,SD,"242,959",.,6.96
1992,4,TN,"2,297,667",.,5.65
1992,4,TX,"4,818,627",.,7.51
1992,4,UT,"334,958",.,6.89
1992,4,VA,"2,187,881",.,7.53
1992,4,VT,"159,148",.,7.94
1992,4,WA,"2,453,141",.,4.36
1992,4,WI,"1,343,848",.,6.83
1992,4,WV,"638,361",.,6.07
1992,4,WY,"144,777",.,6.08
1992,3,AK,"156,565",.,10.46
1992,3,AL,"1,457,792",.,6.74
1992,3,AR,"725,168",.,8.01
1992,3,AZ,"1,069,813",.,9.02
1992,3,CA,"5,178,827",.,10.91
1992,3,CO,"918,614",.,6.81
1992,3,CT,"943,714",.,10.48
1992,3,DC,"130,139",.,5.76
1992,3,DE,"245,953",.,8.12
1992,3,FL,"4,898,487",.,7.94
1992,3,GA,"2,102,008",.,7.40
1992,3,HI,"198,800",.,10.00
1992,3,IA,"845,128",.,7.78
1992,3,ID,"480,602",.,4.83
1992,3,IL,"2,720,883",.,9.92
1992,3,IN,"1,913,217",.,6.82
1992,3,KS,"634,074",.,7.59
1992,3,KY,"1,429,079",.,5.60
1992,3,LA,"1,284,876",.,7.57
1992,3,MA,"1,446,704",.,10.03
1992,3,MD,"1,748,695",.,7.29
1992,3,ME,"358,824",.,11.48
1992,3,MI,"2,191,658",.,7.97
1992,3,MN,"1,249,960",.,6.82
1992,3,MO,"1,681,043",.,7.04
1992,3,MS,"807,331",.,6.85
1992,3,MT,"275,636",.,6.68
1992,3,NC,"2,719,338",.,7.98
1992,3,ND,"282,176",.,5.95
1992,3,NE,"510,725",.,5.72
1992,3,NH,"323,890",.,11.10
1992,3,NJ,"1,730,643",.,10.35
1992,3,NM,"299,632",.,9.24
1992,3,NV,"396,171",.,6.56
1992,3,NY,"3,500,415",.,11.49
1992,3,OH,"3,392,908",.,7.86
1992,3,OK,"919,686",.,7.13
1992,3,OR,"1,311,788",.,5.00
1992,3,PA,"3,742,329",.,9.35
1992,3,RI,"212,467",.,10.93
1992,3,SC,"1,401,307",.,7.31
1992,3,SD,"247,304",.,6.79
1992,3,TN,"2,363,161",.,5.64
1992,3,TX,"4,948,701",.,7.39
1992,3,UT,"338,068",.,6.96
1992,3,VA,"2,582,012",.,7.46
1992,3,VT,"193,542",.,9.76
1992,3,WA,"2,895,644",.,4.41
1992,3,WI,"1,427,017",.,6.68
1992,3,WV,"761,508",.,6.11
1992,3,WY,"159,711",.,5.97
1992,2,AK,"158,986",.,10.46
1992,2,AL,"1,662,602",.,6.40
1992,2,AR,"823,059",.,7.74
1992,2,AZ,"1,196,736",.,8.83
1992,2,CA,"5,659,236",.,10.76
1992,2,CO,"961,704",.,6.87
1992,2,CT,"1,027,997",.,10.92
1992,2,DC,"144,054",.,5.81
1992,2,DE,"285,322",.,7.89
1992,2,FL,"5,631,847",.,7.87
1992,2,GA,"2,373,995",.,7.10
1992,2,HI,"193,371",.,10.21
1992,2,IA,"891,249",.,7.48
1992,2,ID,"552,949",.,4.81
1992,2,IL,"2,981,716",.,8.84
1992,2,IN,"2,019,477",.,6.44
1992,2,KS,"687,605",.,7.13
1992,2,KY,"1,572,521",.,5.46
1992,2,LA,"1,483,240",.,7.35
1992,2,MA,"1,549,923",.,9.98
1992,2,MD,"1,958,181",.,7.06
1992,2,ME,"409,749",.,11.69
1992,2,MI,"2,199,253",.,8.08
1992,2,MN,"1,363,212",.,6.67
1992,2,MO,"1,828,176",.,6.68
1992,2,MS,"977,285",.,6.65
1992,2,MT,"296,637",.,6.55
1992,2,NC,"3,206,994",.,7.80
1992,2,ND,"326,564",.,5.78
1992,2,NE,"572,684",.,5.53
1992,2,NH,"353,137",.,11.12
1992,2,NJ,"1,713,945",.,10.27
1992,2,NM,"335,969",.,8.94
1992,2,NV,"439,105",.,6.61
1992,2,NY,"3,678,135",.,11.42
1992,2,OH,"3,657,169",.,7.62
1992,2,OK,"1,058,991",.,6.72
1992,2,OR,"1,473,735",.,4.95
1992,2,PA,"3,995,388",.,9.21
1992,2,RI,"226,502",.,10.93
1992,2,SC,"1,710,937",.,6.98
1992,2,SD,"278,780",.,6.61
1992,2,TN,"2,912,550",.,5.63
1992,2,TX,"6,183,723",.,7.05
1992,2,UT,"383,492",.,7.37
1992,2,VA,"2,873,868",.,7.22
1992,2,VT,"200,057",.,11.07
1992,2,WA,"3,271,129",.,4.29
1992,2,WI,"1,455,591",.,6.57
1992,2,WV,"790,410",.,5.94
1992,2,WY,"177,149",.,5.83
1992,1,AK,"170,033",.,10.39
1992,1,AL,"2,018,054",.,6.35
1992,1,AR,"928,356",.,7.46
1992,1,AZ,"1,415,295",.,8.33
1992,1,CA,"6,228,021",.,10.93
1992,1,CO,"1,079,741",.,7.10
1992,1,CT,"1,112,504",.,10.77
1992,1,DC,"141,914",.,5.74
1992,1,DE,"286,841",.,7.83
1992,1,FL,"5,751,854",.,7.98
1992,1,GA,"2,764,642",.,6.88
1992,1,HI,"215,125",.,10.14
1992,1,IA,"1,032,738",.,7.28
1992,1,ID,"692,104",.,4.78
1992,1,IL,"3,241,507",.,9.35
1992,1,IN,"2,445,864",.,6.35
1992,1,KS,"785,588",.,7.22
1992,1,KY,"1,882,867",.,5.36
1992,1,LA,"1,692,971",.,7.17
1992,1,MA,"1,671,694",.,10.21
1992,1,MD,"2,088,378",.,7.15
1992,1,ME,"400,434",.,11.71
1992,1,MI,"2,667,957",.,8.00
1992,1,MN,"1,512,974",.,6.65
1992,1,MO,"2,117,335",.,6.55
1992,1,MS,"1,033,933",.,6.59
1992,1,MT,"370,093",.,6.50
1992,1,NC,"3,667,964",.,7.73
1992,1,ND,"351,131",.,5.72
1992,1,NE,"662,166",.,5.35
1992,1,NH,"366,373",.,11.09
1992,1,NJ,"1,957,966",.,10.16
1992,1,NM,"394,926",.,8.86
1992,1,NV,"550,928",.,6.21
1992,1,NY,"3,763,420",.,11.43
1992,1,OH,"4,321,438",.,7.36
1992,1,OK,"1,269,583",.,6.35
1992,1,OR,"1,877,884",.,4.87
1992,1,PA,"4,173,936",.,9.27
1992,1,RI,"247,180",.,10.79
1992,1,SC,"1,799,691",.,7.02
1992,1,SD,"298,970",.,6.53
1992,1,TN,"3,123,087",.,5.65
1992,1,TX,"6,757,362",.,6.65
1992,1,UT,"488,170",.,6.97
1992,1,VA,"3,198,572",.,7.12
1992,1,VT,"224,342",.,10.99
1992,1,WA,"3,431,475",.,4.50
1992,1,WI,"1,679,559",.,6.63
1992,1,WV,"907,107",.,5.89
1992,1,WY,"210,320",.,5.66
1991,12,AK,"161,194",.,10.42
1991,12,AL,"1,715,330",.,6.48
1991,12,AR,"815,127",.,7.67
1991,12,AZ,"1,287,927",.,8.44
1991,12,CA,"5,783,965",.,10.78
1991,12,CO,"983,323",.,7.16
1991,12,CT,"1,004,445",.,10.64
1991,12,DC,"122,588",.,5.69
1991,12,DE,"233,176",.,8.15
1991,12,FL,"5,266,500",.,7.95
1991,12,GA,"2,371,344",.,6.88
1991,12,HI,"202,963",.,9.95
1991,12,IA,"998,479",.,7.20
1991,12,ID,"667,501",.,4.76
1991,12,IL,"3,158,571",.,9.25
1991,12,IN,"2,095,979",.,6.58
1991,12,KS,"745,408",.,7.73
1991,12,KY,"1,617,633",.,5.37
1991,12,LA,"1,529,081",.,7.26
1991,12,MA,"1,449,542",.,10.73
1991,12,MD,"1,760,000",.,7.23
1991,12,ME,"369,391",.,11.25
1991,12,MI,"2,355,925",.,7.89
1991,12,MN,"1,488,341",.,6.53
1991,12,MO,"1,998,423",.,6.54
1991,12,MS,"910,974",.,6.83
1991,12,MT,"375,097",.,6.44
1991,12,NC,"3,038,820",.,7.85
1991,12,ND,"335,280",.,5.62
1991,12,NE,"598,387",.,5.59
1991,12,NH,"315,558",.,11.16
1991,12,NJ,"1,792,577",.,10.20
1991,12,NM,"365,015",.,8.75
1991,12,NV,"504,777",.,6.18
1991,12,NY,"3,307,809",.,11.77
1991,12,OH,"3,828,789",.,7.55
1991,12,OK,"1,166,989",.,6.44
1991,12,OR,"1,745,282",.,4.86
1991,12,PA,"3,720,958",.,9.41
1991,12,RI,"217,436",.,11.92
1991,12,SC,"1,540,317",.,7.22
1991,12,SD,"290,124",.,6.52
1991,12,TN,"2,596,840",.,5.62
1991,12,TX,"5,964,545",.,7.19
1991,12,UT,"453,752",.,7.06
1991,12,VA,"2,861,836",.,7.21
1991,12,VT,"184,757",.,12.09
1991,12,WA,"2,948,426",.,4.45
1991,12,WI,"1,662,085",.,6.53
1991,12,WV,"816,040",.,6.02
1991,12,WY,"194,949",.,5.76
1991,11,AK,"141,108",.,11.11
1991,11,AL,"1,408,762",.,6.72
1991,11,AR,"713,668",.,6.90
1991,11,AZ,"1,011,424",.,8.97
1991,11,CA,"5,327,294",.,10.63
1991,11,CO,"806,621",.,6.96
1991,11,CT,"802,235",.,11.13
1991,11,DC,"98,843",.,5.52
1991,11,DE,"194,813",.,8.46
1991,11,FL,"5,313,228",.,7.98
1991,11,GA,"2,078,764",.,7.19
1991,11,HI,"198,659",.,10.06
1991,11,IA,"891,031",.,7.50
1991,11,ID,"574,382",.,4.85
1991,11,IL,"2,476,479",.,9.81
1991,11,IN,"1,739,158",.,6.93
1991,11,KS,"664,310",.,7.99
1991,11,KY,"1,365,616",.,5.63
1991,11,LA,"1,490,584",.,7.16
1991,11,MA,"1,209,159",.,10.07
1991,11,MD,"1,479,460",.,7.49
1991,11,ME,"297,429",.,11.17
1991,11,MI,"2,057,782",.,7.86
1991,11,MN,"1,294,912",.,6.78
1991,11,MO,"1,693,292",.,7.07
1991,11,MS,"835,369",.,7.09
1991,11,MT,"362,457",.,5.77
1991,11,NC,"2,495,040",.,7.84
1991,11,ND,"288,677",.,5.94
1991,11,NE,"542,361",.,5.77
1991,11,NH,"258,320",.,11.10
1991,11,NJ,"1,524,029",.,10.47
1991,11,NM,"290,982",.,8.91
1991,11,NV,"404,721",.,6.10
1991,11,NY,"2,842,229",.,11.84
1991,11,OH,"3,050,389",.,8.06
1991,11,OK,"1,032,709",.,6.24
1991,11,OR,"1,393,745",.,4.94
1991,11,PA,"3,032,405",.,9.72
1991,11,RI,"186,480",.,10.36
1991,11,SC,"1,285,232",.,7.36
1991,11,SD,"262,440",.,6.61
1991,11,TN,"2,131,790",.,5.67
1991,11,TX,"5,957,681",.,7.41
1991,11,UT,"383,379",.,7.13
1991,11,VA,"2,290,510",.,7.44
1991,11,VT,"143,235",.,10.37
1991,11,WA,"2,329,117",.,4.49
1991,11,WI,"1,443,483",.,6.79
1991,11,WV,"654,027",.,6.17
1991,11,WY,"156,453",.,5.99
1991,10,AK,"127,141",.,10.90
1991,10,AL,"1,442,365",.,6.74
1991,10,AR,"796,329",.,8.38
1991,10,AZ,"1,334,814",.,9.61
1991,10,CA,"5,934,654",.,10.83
1991,10,CO,"725,622",.,7.38
1991,10,CT,"723,915",.,11.39
1991,10,DC,"121,153",.,7.10
1991,10,DE,"186,308",.,8.65
1991,10,FL,"6,396,770",.,7.84
1991,10,GA,"2,125,160",.,7.37
1991,10,HI,"205,183",.,9.84
1991,10,IA,"812,334",.,7.65
1991,10,ID,"422,600",.,5.08
1991,10,IL,"2,393,158",.,10.92
1991,10,IN,"1,619,445",.,7.14
1991,10,KS,"669,427",.,7.91
1991,10,KY,"1,212,201",.,5.74
1991,10,LA,"1,648,695",.,7.35
1991,10,MA,"1,085,217",.,10.65
1991,10,MD,"1,364,823",.,8.57
1991,10,ME,"284,093",.,10.56
1991,10,MI,"1,956,360",.,7.84
1991,10,MN,"1,120,933",.,7.06
1991,10,MO,"1,529,977",.,7.17
1991,10,MS,"995,186",.,7.16
1991,10,MT,"256,295",.,5.36
1991,10,NC,"2,305,219",.,8.41
1991,10,ND,"191,771",.,6.85
1991,10,NE,"479,011",.,5.98
1991,10,NH,"244,935",.,11.19
1991,10,NJ,"1,452,259",.,10.33
1991,10,NM,"277,240",.,9.33
1991,10,NV,"443,801",.,5.63
1991,10,NY,"2,967,556",.,12.02
1991,10,OH,"2,698,259",.,8.46
1991,10,OK,"971,826",.,6.93
1991,10,OR,"1,063,192",.,5.04
1991,10,PA,"2,668,841",.,10.09
1991,10,RI,"167,917",.,11.01
1991,10,SC,"1,305,837",.,7.28
1991,10,SD,"203,385",.,7.38
1991,10,TN,"1,890,465",.,5.71
1991,10,TX,"6,204,718",.,8.06
1991,10,UT,"320,766",.,7.22
1991,10,VA,"1,958,221",.,7.77
1991,10,VT,"132,986",.,8.44
1991,10,WA,"1,799,603",.,4.52
1991,10,WI,"1,316,265",.,6.89
1991,10,WV,"574,737",.,6.24
1991,10,WY,"127,510",.,6.35
1991,9,AK,"112,406",.,10.84
1991,9,AL,"2,057,114",.,6.71
1991,9,AR,"1,153,555",.,8.55
1991,9,AZ,"1,672,108",.,9.71
1991,9,CA,"5,938,732",.,10.88
1991,9,CO,"760,071",.,7.11
1991,9,CT,"821,688",.,10.68
1991,9,DC,"157,801",.,7.74
1991,9,DE,"263,053",.,9.21
1991,9,FL,"7,650,906",.,7.72
1991,9,GA,"2,893,555",.,7.71
1991,9,HI,"222,832",.,10.04
1991,9,IA,"919,053",.,8.06
1991,9,ID,"374,821",.,5.11
1991,9,IL,"3,317,197",.,10.98
1991,9,IN,"2,096,841",.,6.63
1991,9,KS,"1,042,874",.,7.35
1991,9,KY,"1,546,833",.,5.76
1991,9,LA,"2,342,711",.,7.30
1991,9,MA,"1,185,080",.,10.65
1991,9,MD,"1,653,104",.,8.89
1991,9,ME,"279,895",.,10.59
1991,9,MI,"2,261,381",.,8.28
1991,9,MN,"1,283,783",.,7.33
1991,9,MO,"2,051,796",.,7.38
1991,9,MS,"1,360,858",.,6.82
1991,9,MT,"236,146",.,5.42
1991,9,NC,"2,838,333",.,8.29
1991,9,ND,"213,118",.,7.02
1991,9,NE,"652,621",.,6.66
1991,9,NH,"253,710",.,11.19
1991,9,NJ,"1,774,999",.,11.50
1991,9,NM,"298,127",.,9.09
1991,9,NV,"523,232",.,5.87
1991,9,NY,"3,504,497",.,12.57
1991,9,OH,"3,209,932",.,8.83
1991,9,OK,"1,510,744",.,7.60
1991,9,OR,"963,788",.,5.06
1991,9,PA,"2,905,235",.,10.14
1991,9,RI,"197,609",.,11.00
1991,9,SC,"1,746,667",.,7.15
1991,9,SD,"244,921",.,7.30
1991,9,TN,"2,645,604",.,5.65
1991,9,TX,"9,109,867",.,8.10
1991,9,UT,"333,503",.,7.09
1991,9,VA,"2,202,841",.,7.94
1991,9,VT,"116,513",.,8.53
1991,9,WA,"1,649,194",.,4.33
1991,9,WI,"1,294,939",.,6.82
1991,9,WV,"574,613",.,6.05
1991,9,WY,"115,660",.,6.33
1991,8,AK,"105,994",.,10.88
1991,8,AL,"2,564,445",.,6.81
1991,8,AR,"1,307,676",.,8.61
1991,8,AZ,"1,825,422",.,9.68
1991,8,CA,"5,742,004",.,11.21
1991,8,CO,"771,619",.,6.20
1991,8,CT,"888,929",.,10.54
1991,8,DC,"182,996",.,8.04
1991,8,DE,"293,641",.,9.13
1991,8,FL,"7,764,096",.,7.72
1991,8,GA,"3,454,293",.,8.10
1991,8,HI,"210,974",.,10.12
1991,8,IA,"968,827",.,8.56
1991,8,ID,"378,437",.,5.03
1991,8,IL,"3,308,549",.,11.04
1991,8,IN,"2,299,601",.,6.77
1991,8,KS,"1,186,705",.,8.15
1991,8,KY,"1,901,245",.,5.82
1991,8,LA,"2,593,366",.,7.42
1991,8,MA,"1,260,919",.,10.80
1991,8,MD,"2,061,409",.,9.11
1991,8,ME,"290,081",.,10.34
1991,8,MI,"2,360,072",.,8.23
1991,8,MN,"1,276,567",.,7.54
1991,8,MO,"2,439,857",.,8.21
1991,8,MS,"1,527,947",.,6.70
1991,8,MT,"238,312",.,5.37
1991,8,NC,"3,467,292",.,8.19
1991,8,ND,"198,537",.,7.10
1991,8,NE,"721,021",.,6.66
1991,8,NH,"266,530",.,11.08
1991,8,NJ,"2,372,032",.,11.50
1991,8,NM,"300,831",.,9.24
1991,8,NV,"664,231",.,5.48
1991,8,NY,"3,673,020",.,12.63
1991,8,OH,"3,456,399",.,8.77
1991,8,OK,"1,904,099",.,7.58
1991,8,OR,"984,875",.,4.87
1991,8,PA,"3,423,852",.,10.38
1991,8,RI,"200,570",.,11.78
1991,8,SC,"2,035,269",.,7.18
1991,8,SD,"236,671",.,7.42
1991,8,TN,"2,928,676",.,5.64
1991,8,TX,"9,712,639",.,8.04
1991,8,UT,"379,196",.,7.11
1991,8,VA,"2,748,487",.,7.80
1991,8,VT,"127,891",.,8.84
1991,8,WA,"1,663,311",.,4.28
1991,8,WI,"1,494,326",.,6.94
1991,8,WV,"682,319",.,5.94
1991,8,WY,"120,482",.,6.24
1991,7,AK,"105,010",.,11.22
1991,7,AL,"2,353,694",.,6.89
1991,7,AR,"1,285,370",.,8.46
1991,7,AZ,"1,637,529",.,9.81
1991,7,CA,"5,494,408",.,11.10
1991,7,CO,"764,902",.,7.44
1991,7,CT,"904,500",.,10.37
1991,7,DC,"163,872",.,7.97
1991,7,DE,"273,807",.,9.15
1991,7,FL,"7,345,078",.,7.78
1991,7,GA,"3,496,075",.,8.07
1991,7,HI,"173,550",.,10.25
1991,7,IA,"1,163,758",.,8.31
1991,7,ID,"357,221",.,5.02
1991,7,IL,"4,032,616",.,11.20
1991,7,IN,"2,637,697",.,6.55
1991,7,KS,"1,289,251",.,8.07
1991,7,KY,"2,064,948",.,5.75
1991,7,LA,"2,536,799",.,7.56
1991,7,MA,"1,254,078",.,10.75
1991,7,MD,"2,085,987",.,9.03
1991,7,ME,"279,553",.,10.14
1991,7,MI,"2,548,651",.,8.34
1991,7,MN,"1,382,207",.,7.48
1991,7,MO,"2,577,195",.,8.35
1991,7,MS,"1,418,699",.,6.77
1991,7,MT,"222,023",.,5.20
1991,7,NC,"3,506,723",.,8.30
1991,7,ND,"188,592",.,7.11
1991,7,NE,"786,327",.,6.63
1991,7,NH,"252,624",.,11.03
1991,7,NJ,"2,406,563",.,11.47
1991,7,NM,"318,007",.,9.10
1991,7,NV,"652,544",.,5.31
1991,7,NY,"3,540,623",.,12.38
1991,7,OH,"4,054,128",.,8.60
1991,7,OK,"1,948,932",.,7.44
1991,7,OR,"982,482",.,4.88
1991,7,PA,"3,414,400",.,10.30
1991,7,RI,"197,500",.,11.68
1991,7,SC,"1,982,583",.,7.24
1991,7,SD,"246,083",.,7.37
1991,7,TN,"2,915,850",.,5.65
1991,7,TX,"9,677,574",.,7.87
1991,7,UT,"359,534",.,7.17
1991,7,VA,"3,015,887",.,7.78
1991,7,VT,"124,077",.,8.22
1991,7,WA,"1,768,793",.,4.30
1991,7,WI,"1,551,023",.,6.73
1991,7,WV,"708,911",.,5.89
1991,7,WY,"120,876",.,6.30
1991,6,AK,"107,327",.,11.00
1991,6,AL,"1,987,063",.,6.77
1991,6,AR,"1,020,873",.,8.61
1991,6,AZ,"1,202,115",.,9.77
1991,6,CA,"4,957,516",.,10.83
1991,6,CO,"730,944",.,7.53
1991,6,CT,"794,105",.,10.47
1991,6,DC,"141,078",.,7.22
1991,6,DE,"236,712",.,9.30
1991,6,FL,"6,790,119",.,7.80
1991,6,GA,"2,870,899",.,8.10
1991,6,HI,"212,095",.,9.97
1991,6,IA,"979,244",.,8.30
1991,6,ID,"372,276",.,5.11
1991,6,IL,"3,282,492",.,10.59
1991,6,IN,"2,140,870",.,6.81
1991,6,KS,"891,273",.,8.81
1991,6,KY,"1,692,251",.,5.82
1991,6,LA,"2,170,420",.,7.55
1991,6,MA,"1,117,854",.,10.57
1991,6,MD,"1,728,797",.,9.12
1991,6,ME,"267,443",.,10.22
1991,6,MI,"2,339,363",.,8.28
1991,6,MN,"1,227,514",.,7.45
1991,6,MO,"2,094,997",.,8.55
1991,6,MS,"1,147,424",.,6.91
1991,6,MT,"226,879",.,5.18
1991,6,NC,"2,926,932",.,7.83
1991,6,ND,"183,346",.,7.05
1991,6,NE,"612,666",.,6.87
1991,6,NH,"237,993",.,10.85
1991,6,NJ,"1,956,962",.,11.59
1991,6,NM,"285,447",.,9.16
1991,6,NV,"478,380",.,5.87
1991,6,NY,"3,014,325",.,12.41
1991,6,OH,"3,450,370",.,8.68
1991,6,OK,"1,467,510",.,7.64
1991,6,OR,"1,051,163",.,4.80
1991,6,PA,"3,042,605",.,10.13
1991,6,RI,"178,544",.,11.38
1991,6,SC,"1,596,077",.,7.26
1991,6,SD,"210,399",.,7.51
1991,6,TN,"2,490,807",.,5.56
1991,6,TX,"8,086,750",.,7.78
1991,6,UT,"315,251",.,7.22
1991,6,VA,"2,442,187",.,7.81
1991,6,VT,"122,061",.,7.84
1991,6,WA,"1,966,521",.,4.25
1991,6,WI,"1,384,952",.,6.86
1991,6,WV,"596,329",.,5.90
1991,6,WY,"119,545",.,6.32
1991,5,AK,"118,997",.,10.97
1991,5,AL,"1,450,599",.,6.83
1991,5,AR,"657,105",.,8.37
1991,5,AZ,"938,534",.,9.73
1991,5,CA,"4,626,841",.,10.82
1991,5,CO,"760,202",.,7.32
1991,5,CT,"715,872",.,10.62
1991,5,DC,"92,684",.,5.54
1991,5,DE,"174,733",.,8.78
1991,5,FL,"6,113,667",.,7.85
1991,5,GA,"2,192,734",.,7.55
1991,5,HI,"189,799",.,9.99
1991,5,IA,"785,268",.,8.18
1991,5,ID,"426,793",.,4.90
1991,5,IL,"2,305,027",.,10.47
1991,5,IN,"1,597,498",.,7.39
1991,5,KS,"607,203",.,8.06
1991,5,KY,"1,273,206",.,5.94
1991,5,LA,"1,602,418",.,7.58
1991,5,MA,"1,096,163",.,10.54
1991,5,MD,"1,386,135",.,7.77
1991,5,ME,"283,055",.,10.24
1991,5,MI,"1,961,458",.,7.87
1991,5,MN,"1,121,191",.,6.98
1991,5,MO,"1,566,254",.,8.41
1991,5,MS,"828,909",.,7.22
1991,5,MT,"237,574",.,5.09
1991,5,NC,"2,247,972",.,8.04
1991,5,ND,"212,905",.,6.53
1991,5,NE,"473,371",.,6.11
1991,5,NH,"244,516",.,9.75
1991,5,NJ,"1,653,656",.,10.60
1991,5,NM,"258,589",.,9.36
1991,5,NV,"354,078",.,6.11
1991,5,NY,"2,790,711",.,11.82
1991,5,OH,"3,046,391",.,8.34
1991,5,OK,"966,790",.,7.28
1991,5,OR,"1,194,818",.,4.73
1991,5,PA,"2,843,536",.,9.89
1991,5,RI,"166,956",.,10.45
1991,5,SC,"1,196,148",.,7.43
1991,5,SD,"203,619",.,7.27
1991,5,TN,"1,778,647",.,5.72
1991,5,TX,"5,624,153",.,8.03
1991,5,UT,"316,152",.,7.31
1991,5,VA,"2,110,994",.,5.74
1991,5,VT,"140,293",.,8.05
1991,5,WA,"2,294,431",.,4.32
1991,5,WI,"1,324,552",.,6.86
1991,5,WV,"579,212",.,6.04
1991,5,WY,"134,464",.,6.17
1991,4,AK,"132,010",.,10.66
1991,4,AL,"1,334,094",.,6.78
1991,4,AR,"646,265",.,8.21
1991,4,AZ,"1,012,509",.,9.01
1991,4,CA,"5,074,757",.,10.71
1991,4,CO,"822,427",.,6.79
1991,4,CT,"808,685",.,10.29
1991,4,DC,"104,540",.,5.48
1991,4,DE,"205,927",.,8.41
1991,4,FL,"4,976,795",.,7.97
1991,4,GA,"1,842,631",.,7.19
1991,4,HI,"194,761",.,10.72
1991,4,IA,"744,361",.,7.86
1991,4,ID,"459,596",.,4.81
1991,4,IL,"2,350,705",.,10.19
1991,4,IN,"1,582,443",.,7.03
1991,4,KS,"591,236",.,7.85
1991,4,KY,"1,122,815",.,5.78
1991,4,LA,"1,288,434",.,7.48
1991,4,MA,"1,232,683",.,9.99
1991,4,MD,"1,354,229",.,7.08
1991,4,ME,"316,656",.,10.39
1991,4,MI,"1,992,230",.,7.90
1991,4,MN,"1,152,237",.,6.69
1991,4,MO,"1,404,567",.,7.27
1991,4,MS,"750,055",.,7.13
1991,4,MT,"254,503",.,5.54
1991,4,NC,"2,313,868",.,7.90
1991,4,ND,"240,474",.,6.19
1991,4,NE,"457,477",.,5.95
1991,4,NH,"282,842",.,9.49
1991,4,NJ,"1,420,939",.,10.53
1991,4,NM,"275,228",.,9.08
1991,4,NV,"368,489",.,6.29
1991,4,NY,"3,018,622",.,11.58
1991,4,OH,"2,842,513",.,8.23
1991,4,OK,"898,061",.,7.26
1991,4,OR,"1,423,033",.,4.73
1991,4,PA,"3,120,008",.,9.12
1991,4,RI,"187,332",.,10.51
1991,4,SC,"1,193,997",.,7.35
1991,4,SD,"230,571",.,6.98
1991,4,TN,"1,906,152",.,5.69
1991,4,TX,"4,777,015",.,7.28
1991,4,UT,"352,792",.,7.09
1991,4,VA,"1,924,472",.,7.40
1991,4,VT,"141,541",.,8.04
1991,4,WA,"2,761,391",.,4.29
1991,4,WI,"1,278,248",.,6.78
1991,4,WV,"570,704",.,5.89
1991,4,WY,"149,916",.,6.03
1991,3,AK,"143,771",.,10.47
1991,3,AL,"1,481,174",.,6.63
1991,3,AR,"747,790",.,7.86
1991,3,AZ,"1,051,952",.,8.63
1991,3,CA,"5,213,452",.,10.70
1991,3,CO,"890,473",.,6.99
1991,3,CT,"907,396",.,10.31
1991,3,DC,"124,253",.,5.61
1991,3,DE,"230,354",.,8.17
1991,3,FL,"5,012,654",.,8.23
1991,3,GA,"2,103,939",.,7.09
1991,3,HI,"194,566",.,11.29
1991,3,IA,"846,506",.,7.56
1991,3,ID,"545,733",.,4.80
1991,3,IL,"2,754,890",.,8.69
1991,3,IN,"1,896,122",.,6.63
1991,3,KS,"621,910",.,7.67
1991,3,KY,"1,439,989",.,5.64
1991,3,LA,"1,309,274",.,7.41
1991,3,MA,"1,380,710",.,9.68
1991,3,MD,"1,635,169",.,6.88
1991,3,ME,"364,686",.,10.20
1991,3,MI,"2,111,138",.,8.04
1991,3,MN,"1,271,818",.,6.48
1991,3,MO,"1,718,205",.,6.78
1991,3,MS,"826,160",.,6.77
1991,3,MT,"293,060",.,6.29
1991,3,NC,"2,882,944",.,7.65
1991,3,ND,"289,484",.,5.81
1991,3,NE,"533,530",.,5.84
1991,3,NH,"308,902",.,9.48
1991,3,NJ,"1,604,728",.,10.38
1991,3,NM,"288,364",.,9.30
1991,3,NV,"409,816",.,5.95
1991,3,NY,"3,301,372",.,11.63
1991,3,OH,"3,399,353",.,7.75
1991,3,OK,"952,336",.,6.98
1991,3,OR,"1,488,065",.,4.83
1991,3,PA,"3,521,095",.,8.89
1991,3,RI,"206,590",.,10.45
1991,3,SC,"1,472,245",.,7.11
1991,3,SD,"258,779",.,6.62
1991,3,TN,"2,462,902",.,5.64
1991,3,TX,"4,913,158",.,7.20
1991,3,UT,"349,988",.,7.20
1991,3,VA,"2,467,602",.,7.14
1991,3,VT,"168,851",.,9.77
1991,3,WA,"3,139,757",.,4.48
1991,3,WI,"1,419,974",.,6.79
1991,3,WV,"736,342",.,5.73
1991,3,WY,"169,227",.,5.90
1991,2,AK,"162,263",.,10.16
1991,2,AL,"1,607,681",.,6.43
1991,2,AR,"831,699",.,7.62
1991,2,AZ,"1,151,048",.,8.31
1991,2,CA,"5,457,157",.,10.54
1991,2,CO,"972,144",.,7.17
1991,2,CT,"949,725",.,10.21
1991,2,DC,"135,601",.,5.59
1991,2,DE,"258,575",.,8.02
1991,2,FL,"4,966,675",.,8.24
1991,2,GA,"2,219,023",.,6.89
1991,2,HI,"177,190",.,12.03
1991,2,IA,"899,999",.,7.25
1991,2,ID,"581,508",.,4.79
1991,2,IL,"3,041,068",.,7.85
1991,2,IN,"1,995,641",.,6.42
1991,2,KS,"721,979",.,7.21
1991,2,KY,"1,524,851",.,5.55
1991,2,LA,"1,405,385",.,7.47
1991,2,MA,"1,471,230",.,10.18
1991,2,MD,"1,808,485",.,6.76
1991,2,ME,"381,183",.,10.26
1991,2,MI,"2,135,195",.,8.12
1991,2,MN,"1,366,874",.,6.43
1991,2,MO,"1,918,362",.,6.20
1991,2,MS,"924,659",.,6.74
1991,2,MT,"311,326",.,6.25
1991,2,NC,"3,059,684",.,7.57
1991,2,ND,"335,478",.,5.75
1991,2,NE,"551,185",.,5.61
1991,2,NH,"338,219",.,9.48
1991,2,NJ,"1,632,628",.,10.33
1991,2,NM,"319,128",.,9.13
1991,2,NV,"393,965",.,6.57
1991,2,NY,"3,514,840",.,11.44
1991,2,OH,"3,533,894",.,7.64
1991,2,OK,"1,092,215",.,6.67
1991,2,OR,"1,474,545",.,4.73
1991,2,PA,"3,699,300",.,8.72
1991,2,RI,"216,555",.,10.66
1991,2,SC,"1,625,501",.,7.01
1991,2,SD,"286,965",.,6.55
1991,2,TN,"2,857,757",.,5.63
1991,2,TX,"6,051,952",.,6.98
1991,2,UT,"390,383",.,7.09
1991,2,VA,"2,502,350",.,7.06
1991,2,VT,"172,174",.,10.93
1991,2,WA,"3,647,563",.,4.18
1991,2,WI,"1,444,976",.,6.42
1991,2,WV,"745,570",.,5.66
1991,2,WY,"180,663",.,5.78
1991,1,AK,"185,557",.,10.12
1991,1,AL,"1,891,108",.,6.41
1991,1,AR,"1,025,177",.,7.32
1991,1,AZ,"1,516,117",.,7.68
1991,1,CA,"6,465,921",.,10.42
1991,1,CO,"1,111,039",.,6.88
1991,1,CT,"1,119,018",.,9.88
1991,1,DC,"134,670",.,5.44
1991,1,DE,"273,241",.,7.84
1991,1,FL,"5,217,498",.,8.18
1991,1,GA,"2,538,213",.,6.95
1991,1,HI,"213,093",.,12.13
1991,1,IA,"1,150,329",.,6.83
1991,1,ID,"810,169",.,4.73
1991,1,IL,"3,543,041",.,7.47
1991,1,IN,"2,518,827",.,6.36
1991,1,KS,"901,733",.,6.95
1991,1,KY,"1,882,870",.,5.47
1991,1,LA,"1,659,648",.,7.12
1991,1,MA,"1,636,785",.,10.31
1991,1,MD,"1,977,850",.,6.50
1991,1,ME,"403,669",.,10.10
1991,1,MI,"2,679,955",.,7.99
1991,1,MN,"1,668,724",.,6.47
1991,1,MO,"2,393,378",.,6.37
1991,1,MS,"991,281",.,6.68
1991,1,MT,"445,222",.,6.16
1991,1,NC,"3,308,006",.,7.54
1991,1,ND,"418,544",.,5.49
1991,1,NE,"730,341",.,5.15
1991,1,NH,"352,557",.,9.48
1991,1,NJ,"1,947,732",.,10.10
1991,1,NM,"388,153",.,8.79
1991,1,NV,"583,793",.,5.98
1991,1,NY,"3,701,820",.,11.48
1991,1,OH,"4,372,031",.,7.32
1991,1,OK,"1,412,729",.,5.65
1991,1,OR,"2,184,133",.,4.56
1991,1,PA,"4,205,406",.,8.79
1991,1,RI,"245,343",.,10.65
1991,1,SC,"1,726,890",.,7.18
1991,1,SD,"365,933",.,6.15
1991,1,TN,"2,999,785",.,5.63
1991,1,TX,"8,008,058",.,6.32
1991,1,UT,"505,345",.,6.90
1991,1,VA,"3,081,960",.,6.90
1991,1,VT,"209,071",.,10.76
1991,1,WA,"3,921,031",.,4.44
1991,1,WI,"1,734,643",.,6.50
1991,1,WV,"867,470",.,5.64
1991,1,WY,"229,669",.,5.55
1990,12,AK,"188,520",.,9.75
1990,12,AL,"1,560,621",.,6.63
1990,12,AR,"745,118",.,7.70
1990,12,AZ,"1,200,820",.,8.43
1990,12,CA,"5,784,127",.,10.08
1990,12,CO,"911,862",.,6.90
1990,12,CT,"946,913",.,10.07
1990,12,DC,"119,609",.,5.29
1990,12,DE,"220,540",.,7.99
1990,12,FL,"4,839,971",.,7.96
1990,12,GA,"2,291,219",.,6.83
1990,12,HI,"201,093",.,12.07
1990,12,IA,"964,890",.,7.15
1990,12,ID,"708,876",.,4.75
1990,12,IL,"2,813,459",.,8.38
1990,12,IN,"1,956,727",.,6.78
1990,12,KS,"702,452",.,7.57
1990,12,KY,"1,473,340",.,5.57
1990,12,LA,"1,408,763",.,7.57
1990,12,MA,"1,400,934",.,9.79
1990,12,MD,"1,693,062",.,6.63
1990,12,ME,"365,672",.,9.86
1990,12,MI,"2,243,036",.,7.76
1990,12,MN,"1,393,348",.,6.61
1990,12,MO,"1,812,106",.,6.75
1990,12,MS,"846,547",.,6.86
1990,12,MT,"394,349",.,6.24
1990,12,NC,"2,670,947",.,7.70
1990,12,ND,"306,698",.,5.90
1990,12,NE,"595,372",.,5.71
1990,12,NH,"303,770",.,10.26
1990,12,NJ,"1,840,321",.,10.11
1990,12,NM,"339,970",.,8.94
1990,12,NV,"504,217",.,5.69
1990,12,NY,"3,296,589",.,11.48
1990,12,OH,"3,594,356",.,7.68
1990,12,OK,"1,322,086",.,6.06
1990,12,OR,"1,878,155",.,4.79
1990,12,PA,"3,592,126",.,8.96
1990,12,RI,"213,457",.,10.89
1990,12,SC,"1,368,887",.,7.16
1990,12,SD,"269,074",.,6.64
1990,12,TN,"2,405,334",.,5.66
1990,12,TX,"5,687,574",.,6.76
1990,12,UT,"496,654",.,7.12
1990,12,VA,"2,673,680",.,6.93
1990,12,VT,"179,044",.,11.13
1990,12,WA,"3,211,996",.,4.58
1990,12,WI,"1,583,594",.,6.53
1990,12,WV,"740,151",.,5.92
1990,12,WY,"202,136",.,5.69
1990,11,AK,"150,226",.,10.76
1990,11,AL,"1,290,823",.,6.67
1990,11,AR,"660,271",.,7.90
1990,11,AZ,"931,219",.,8.88
1990,11,CA,"5,034,633",.,9.82
1990,11,CO,"779,931",.,7.12
1990,11,CT,"785,064",.,10.49
1990,11,DC,"98,752",.,4.94
1990,11,DE,"187,222",.,8.30
1990,11,FL,"5,315,773",.,7.89
1990,11,GA,"1,923,365",.,7.09
1990,11,HI,"192,181",.,11.82
1990,11,IA,"797,343",.,7.54
1990,11,ID,"524,421",.,4.73
1990,11,IL,"2,396,191",.,8.63
1990,11,IN,"1,626,193",.,7.06
1990,11,KS,"588,801",.,7.93
1990,11,KY,"1,212,373",.,5.73
1990,11,LA,"1,283,136",.,7.42
1990,11,MA,"1,199,493",.,10.07
1990,11,MD,"1,285,176",.,7.08
1990,11,ME,"308,906",.,9.71
1990,11,MI,"1,998,002",.,7.63
1990,11,MN,"1,154,300",.,6.62
1990,11,MO,"1,487,391",.,7.05
1990,11,MS,"794,923",.,7.03
1990,11,MT,"320,283",.,5.69
1990,11,NC,"2,249,214",.,7.89
1990,11,ND,"240,925",.,6.29
1990,11,NE,"482,463",.,5.92
1990,11,NH,"273,028",.,10.43
1990,11,NJ,"1,498,695",.,10.07
1990,11,NM,"277,458",.,8.93
1990,11,NV,"369,703",.,5.92
1990,11,NY,"2,857,015",.,11.62
1990,11,OH,"2,952,818",.,8.09
1990,11,OK,"1,056,836",.,6.50
1990,11,OR,"1,366,348",.,4.76
1990,11,PA,"2,825,019",.,9.34
1990,11,RI,"186,096",.,9.91
1990,11,SC,"1,198,635",.,7.22
1990,11,SD,"235,401",.,6.96
1990,11,TN,"1,994,777",.,5.70
1990,11,TX,"5,052,537",.,7.34
1990,11,UT,"356,180",.,7.04
1990,11,VA,"2,189,742",.,7.15
1990,11,VT,"153,628",.,9.21
1990,11,WA,"2,246,841",.,4.52
1990,11,WI,"1,307,090",.,6.59
1990,11,WV,"587,635",.,5.98
1990,11,WY,"143,762",.,6.01
1990,10,AK,"126,499",.,10.42
1990,10,AL,"1,532,111",.,6.66
1990,10,AR,"810,205",.,8.12
1990,10,AZ,"1,136,923",.,9.60
1990,10,CA,"5,312,389",.,9.69
1990,10,CO,"729,053",.,7.17
1990,10,CT,"692,798",.,10.67
1990,10,DC,"109,227",.,6.51
1990,10,DE,"173,144",.,8.53
1990,10,FL,"6,796,163",.,7.76
1990,10,GA,"2,231,882",.,7.03
1990,10,HI,"197,253",.,10.75
1990,10,IA,"773,858",.,8.03
1990,10,ID,"410,371",.,5.06
1990,10,IL,"2,317,634",.,10.57
1990,10,IN,"1,538,695",.,7.37
1990,10,KS,"700,439",.,7.54
1990,10,KY,"1,180,153",.,5.84
1990,10,LA,"1,833,528",.,7.50
1990,10,MA,"1,074,704",.,10.76
1990,10,MD,"1,221,439",.,7.91
1990,10,ME,"279,787",.,9.43
1990,10,MI,"1,922,214",.,7.74
1990,10,MN,"1,100,794",.,6.76
1990,10,MO,"1,543,627",.,7.06
1990,10,MS,"1,067,082",.,7.15
1990,10,MT,"257,009",.,5.16
1990,10,NC,"2,273,404",.,8.45
1990,10,ND,"190,457",.,6.73
1990,10,NE,"483,036",.,5.91
1990,10,NH,"238,127",.,10.50
1990,10,NJ,"1,399,786",.,10.02
1990,10,NM,"256,290",.,9.24
1990,10,NV,"361,556",.,5.81
1990,10,NY,"2,918,460",.,11.71
1990,10,OH,"2,688,083",.,8.49
1990,10,OK,"1,279,552",.,6.48
1990,10,OR,"1,102,392",.,4.90
1990,10,PA,"2,582,369",.,9.72
1990,10,RI,"164,036",.,10.04
1990,10,SC,"1,337,723",.,7.20
1990,10,SD,"198,412",.,7.23
1990,10,TN,"1,880,716",.,5.74
1990,10,TX,"7,099,878",.,7.79
1990,10,UT,"306,013",.,7.24
1990,10,VA,"1,906,845",.,7.54
1990,10,VT,"136,774",.,8.76
1990,10,WA,"1,824,942",.,4.56
1990,10,WI,"1,261,324",.,6.79
1990,10,WV,"513,366",.,6.32
1990,10,WY,"122,681",.,6.15
1990,9,AK,"109,264",.,10.54
1990,9,AL,"2,271,883",.,6.58
1990,9,AR,"1,260,242",.,8.39
1990,9,AZ,"1,629,621",.,9.51
1990,9,CA,"5,950,318",.,10.00
1990,9,CO,"733,318",.,7.07
1990,9,CT,"824,510",.,10.13
1990,9,DC,"141,481",.,7.35
1990,9,DE,"244,352",.,9.05
1990,9,FL,"7,369,606",.,7.69
1990,9,GA,"3,117,603",.,7.72
1990,9,HI,"192,181",.,9.20
1990,9,IA,"986,999",.,8.33
1990,9,ID,"367,861",.,5.05
1990,9,IL,"3,319,636",.,11.72
1990,9,IN,"2,005,789",.,6.80
1990,9,KS,"1,166,414",.,7.29
1990,9,KY,"1,470,055",.,5.79
1990,9,LA,"2,569,598",.,7.45
1990,9,MA,"1,207,277",.,10.27
1990,9,MD,"1,688,834",.,8.38
1990,9,ME,"281,861",.,9.39
1990,9,MI,"2,211,303",.,8.08
1990,9,MN,"1,274,246",.,7.27
1990,9,MO,"2,080,572",.,7.32
1990,9,MS,"1,417,617",.,6.79
1990,9,MT,"232,573",.,5.17
1990,9,NC,"3,237,716",.,8.06
1990,9,ND,"203,389",.,6.93
1990,9,NE,"712,139",.,6.56
1990,9,NH,"256,564",.,10.53
1990,9,NJ,"1,749,196",.,11.01
1990,9,NM,"287,726",.,9.06
1990,9,NV,"497,031",.,5.72
1990,9,NY,"3,354,476",.,11.98
1990,9,OH,"3,013,262",.,8.83
1990,9,OK,"1,944,817",.,6.89
1990,9,OR,"913,014",.,4.94
1990,9,PA,"2,984,684",.,10.03
1990,9,RI,"196,911",.,10.26
1990,9,SC,"1,900,002",.,7.08
1990,9,SD,"240,767",.,7.24
1990,9,TN,"2,813,427",.,5.67
1990,9,TX,"9,758,762",.,7.67
1990,9,UT,"334,762",.,7.18
1990,9,VA,"2,036,915",.,7.77
1990,9,VT,"117,260",.,9.28
1990,9,WA,"1,611,875",.,4.32
1990,9,WI,"1,273,055",.,6.77
1990,9,WV,"572,190",.,5.68
1990,9,WY,"105,011",.,6.37
1990,8,AK,"112,002",.,10.61
1990,8,AL,"2,332,537",.,6.94
1990,8,AR,"1,149,891",.,8.44
1990,8,AZ,"1,691,958",.,9.63
1990,8,CA,"6,502,117",.,10.45
1990,8,CO,"733,880",.,7.33
1990,8,CT,"923,993",.,9.96
1990,8,DC,"159,092",.,7.42
1990,8,DE,"265,514",.,9.01
1990,8,FL,"7,577,974",.,7.70
1990,8,GA,"3,456,882",.,8.07
1990,8,HI,"198,500",.,9.10
1990,8,IA,"985,810",.,8.79
1990,8,ID,"367,987",.,5.01
1990,8,IL,"2,958,333",.,11.76
1990,8,IN,"2,043,834",.,6.89
1990,8,KS,"1,027,755",.,8.14
1990,8,KY,"1,678,582",.,5.75
1990,8,LA,"2,480,999",.,7.48
1990,8,MA,"1,295,616",.,9.92
1990,8,MD,"1,878,695",.,8.27
1990,8,ME,"296,538",.,9.41
1990,8,MI,"2,205,742",.,8.02
1990,8,MN,"1,212,342",.,7.27
1990,8,MO,"2,208,662",.,8.12
1990,8,MS,"1,381,912",.,6.87
1990,8,MT,"227,514",.,4.84
1990,8,NC,"3,364,041",.,8.04
1990,8,ND,"192,091",.,7.03
1990,8,NE,"664,984",.,6.71
1990,8,NH,"271,864",.,10.54
1990,8,NJ,"2,291,837",.,11.08
1990,8,NM,"287,826",.,9.20
1990,8,NV,"616,372",.,5.46
1990,8,NY,"3,536,969",.,11.89
1990,8,OH,"3,261,153",.,8.55
1990,8,OK,"1,872,592",.,6.99
1990,8,OR,"930,108",.,4.75
1990,8,PA,"3,166,701",.,10.05
1990,8,RI,"209,828",.,10.32
1990,8,SC,"1,930,594",.,7.14
1990,8,SD,"216,299",.,7.44
1990,8,TN,"2,661,618",.,5.67
1990,8,TX,"8,849,997",.,7.41
1990,8,UT,"359,371",.,7.11
1990,8,VA,"2,576,499",.,7.98
1990,8,VT,"131,946",.,8.89
1990,8,WA,"1,676,426",.,4.24
1990,8,WI,"1,424,675",.,6.74
1990,8,WV,"602,506",.,6.03
1990,8,WY,"112,871",.,6.30
1990,7,AK,"104,419",.,10.52
1990,7,AL,"2,374,213",.,6.43
1990,7,AR,"1,265,129",.,8.33
1990,7,AZ,"1,825,050",.,9.77
1990,7,CA,"6,178,977",.,10.43
1990,7,CO,"761,436",.,7.24
1990,7,CT,"874,359",.,9.95
1990,7,DC,"147,180",.,7.15
1990,7,DE,"250,481",.,9.03
1990,7,FL,"7,214,030",.,7.70
1990,7,GA,"3,586,272",.,8.14
1990,7,HI,"192,999",.,9.55
1990,7,IA,"1,038,365",.,8.38
1990,7,ID,"386,188",.,5.00
1990,7,IL,"3,233,240",.,12.02
1990,7,IN,"2,164,262",.,6.77
1990,7,KS,"1,206,441",.,8.21
1990,7,KY,"1,752,854",.,5.72
1990,7,LA,"2,601,578",.,7.46
1990,7,MA,"1,206,504",.,9.97
1990,7,MD,"1,854,051",.,8.32
1990,7,ME,"281,460",.,9.19
1990,7,MI,"2,189,814",.,8.05
1990,7,MN,"1,298,814",.,7.24
1990,7,MO,"2,302,749",.,8.09
1990,7,MS,"1,397,565",.,6.84
1990,7,MT,"224,776",.,4.86
1990,7,NC,"3,292,853",.,7.98
1990,7,ND,"189,992",.,7.04
1990,7,NE,"740,477",.,6.61
1990,7,NH,"253,110",.,10.53
1990,7,NJ,"2,275,926",.,11.07
1990,7,NM,"325,480",.,9.05
1990,7,NV,"648,507",.,5.19
1990,7,NY,"3,256,958",.,11.80
1990,7,OH,"3,393,678",.,8.42
1990,7,OK,"2,124,049",.,6.79
1990,7,OR,"990,046",.,4.77
1990,7,PA,"3,026,055",.,10.06
1990,7,RI,"188,185",.,10.54
1990,7,SC,"1,949,167",.,7.12
1990,7,SD,"236,934",.,7.25
1990,7,TN,"2,843,204",.,5.67
1990,7,TX,"10,024,906",.,7.52
1990,7,UT,"376,110",.,7.18
1990,7,VA,"2,866,206",.,7.97
1990,7,VT,"130,692",.,8.86
1990,7,WA,"1,771,366",.,4.30
1990,7,WI,"1,396,715",.,6.75
1990,7,WV,"614,084",.,6.07
1990,7,WY,"107,586",.,6.33
1990,6,AK,"105,545",.,10.54
1990,6,AL,"1,858,517",.,6.80
1990,6,AR,"875,283",.,8.60
1990,6,AZ,"1,322,065",.,9.84
1990,6,CA,"5,014,901",.,9.95
1990,6,CO,"721,876",.,7.36
1990,6,CT,"731,698",.,10.55
1990,6,DC,"97,101",.,6.36
1990,6,DE,"174,668",.,9.35
1990,6,FL,"6,674,711",.,7.71
1990,6,GA,"2,807,872",.,8.12
1990,6,HI,"182,833",.,9.85
1990,6,IA,"757,906",.,8.77
1990,6,ID,"344,770",.,5.07
1990,6,IL,"2,442,777",.,11.34
1990,6,IN,"1,626,695",.,7.30
1990,6,KS,"794,030",.,8.59
1990,6,KY,"1,311,609",.,5.93
1990,6,LA,"2,278,942",.,7.32
1990,6,MA,"1,096,645",.,9.86
1990,6,MD,"1,256,808",.,8.30
1990,6,ME,"280,451",.,8.95
1990,6,MI,"1,928,406",.,7.90
1990,6,MN,"1,081,900",.,7.33
1990,6,MO,"1,741,327",.,8.55
1990,6,MS,"1,053,506",.,7.02
1990,6,MT,"210,308",.,4.93
1990,6,NC,"2,348,664",.,7.84
1990,6,ND,"180,664",.,6.99
1990,6,NE,"521,375",.,7.06
1990,6,NH,"246,878",.,10.40
1990,6,NJ,"1,573,962",.,11.05
1990,6,NM,"295,987",.,9.10
1990,6,NV,"559,962",.,5.63
1990,6,NY,"2,765,582",.,11.64
1990,6,OH,"2,866,408",.,8.61
1990,6,OK,"1,627,447",.,7.16
1990,6,OR,"972,414",.,4.64
1990,6,PA,"2,595,658",.,9.66
1990,6,RI,"170,091",.,10.24
1990,6,SC,"1,425,393",.,7.28
1990,6,SD,"191,340",.,7.52
1990,6,TN,"2,124,093",.,5.71
1990,6,TX,"8,268,505",.,7.20
1990,6,UT,"316,384",.,7.24
1990,6,VA,"2,169,326",.,8.03
1990,6,VT,"123,230",.,8.53
1990,6,WA,"1,892,914",.,4.22
1990,6,WI,"1,254,647",.,6.75
1990,6,WV,"516,661",.,6.09
1990,6,WY,"119,076",.,6.18
1990,5,AK,"113,737",.,10.27
1990,5,AL,"1,403,412",.,6.52
1990,5,AR,"634,632",.,8.43
1990,5,AZ,"969,608",.,9.37
1990,5,CA,"4,724,865",.,9.97
1990,5,CO,"747,651",.,7.27
1990,5,CT,"720,223",.,10.04
1990,5,DC,"92,460",.,5.26
1990,5,DE,"170,242",.,8.58
1990,5,FL,"5,237,150",.,7.83
1990,5,GA,"2,065,222",.,7.57
1990,5,HI,"188,586",.,10.29
1990,5,IA,"684,825",.,7.97
1990,5,ID,"380,553",.,4.90
1990,5,IL,"2,179,236",.,9.55
1990,5,IN,"1,437,040",.,7.35
1990,5,KS,"562,802",.,8.55
1990,5,KY,"1,095,686",.,5.85
1990,5,LA,"1,525,025",.,7.50
1990,5,MA,"1,153,451",.,9.40
1990,5,MD,"1,214,466",.,6.95
1990,5,ME,"298,040",.,9.01
1990,5,MI,"1,844,432",.,7.86
1990,5,MN,"1,064,438",.,6.86
1990,5,MO,"1,349,662",.,8.07
1990,5,MS,"785,125",.,7.26
1990,5,MT,"239,609",.,4.73
1990,5,NC,"2,119,750",.,7.94
1990,5,ND,"206,408",.,6.55
1990,5,NE,"428,019",.,6.22
1990,5,NH,"254,543",.,10.31
1990,5,NJ,"1,340,322",.,10.27
1990,5,NM,"257,389",.,9.30
1990,5,NV,"406,644",.,5.45
1990,5,NY,"2,774,085",.,11.31
1990,5,OH,"2,570,950",.,8.37
1990,5,OK,"1,058,593",.,6.82
1990,5,OR,"1,102,789",.,4.68
1990,5,PA,"2,650,707",.,9.41
1990,5,RI,"171,444",.,9.22
1990,5,SC,"1,195,041",.,7.28
1990,5,SD,"197,881",.,7.24
1990,5,TN,"1,762,980",.,5.73
1990,5,TX,"5,273,155",.,7.63
1990,5,UT,"293,233",.,7.30
1990,5,VA,"1,819,631",.,7.79
1990,5,VT,"132,262",.,8.89
1990,5,WA,"2,121,638",.,4.31
1990,5,WI,"1,206,532",.,6.68
1990,5,WV,"526,578",.,6.00
1990,5,WY,"128,256",.,6.14
1990,4,AK,"130,366",.,10.27
1990,4,AL,"1,289,658",.,6.93
1990,4,AR,"669,831",.,7.93
1990,4,AZ,"893,953",.,8.97
1990,4,CA,"4,815,885",.,9.68
1990,4,CO,"799,898",.,7.06
1990,4,CT,"805,221",.,9.65
1990,4,DC,"105,253",.,5.29
1990,4,DE,"202,883",.,8.17
1990,4,FL,"4,449,672",.,7.90
1990,4,GA,"1,818,395",.,7.31
1990,4,HI,"188,148",.,10.64
1990,4,IA,"767,868",.,7.49
1990,4,ID,"401,038",.,4.85
1990,4,IL,"2,367,131",.,9.05
1990,4,IN,"1,655,211",.,6.85
1990,4,KS,"607,839",.,7.47
1990,4,KY,"1,203,020",.,5.69
1990,4,LA,"1,206,698",.,7.48
1990,4,MA,"1,280,823",.,9.16
1990,4,MD,"1,456,660",.,6.58
1990,4,ME,"334,019",.,9.10
1990,4,MI,"1,940,525",.,7.87
1990,4,MN,"1,168,953",.,6.64
1990,4,MO,"1,545,774",.,7.12
1990,4,MS,"739,407",.,7.08
1990,4,MT,"253,355",.,5.21
1990,4,NC,"2,376,422",.,7.76
1990,4,ND,"255,686",.,6.08
1990,4,NE,"472,306",.,6.07
1990,4,NH,"288,453",.,10.29
1990,4,NJ,"1,436,934",.,10.03
1990,4,NM,"265,081",.,8.92
1990,4,NV,"311,582",.,6.11
1990,4,NY,"3,063,036",.,11.02
1990,4,OH,"2,949,686",.,7.83
1990,4,OK,"1,024,844",.,6.56
1990,4,OR,"1,172,496",.,4.71
1990,4,PA,"3,108,978",.,8.86
1990,4,RI,"189,453",.,9.49
1990,4,SC,"1,192,087",.,7.38
1990,4,SD,"234,052",.,6.88
1990,4,TN,"2,045,056",.,5.71
1990,4,TX,"4,690,621",.,7.05
1990,4,UT,"294,012",.,7.24
1990,4,VA,"2,022,418",.,6.97
1990,4,VT,"148,315",.,8.56
1990,4,WA,"2,566,890",.,4.31
1990,4,WI,"1,236,518",.,6.73
1990,4,WV,"607,494",.,5.87
1990,4,WY,"140,714",.,5.98
1990,3,AK,"161,479",.,9.55
1990,3,AL,"1,405,674",.,6.18
1990,3,AR,"716,128",.,7.85
1990,3,AZ,"1,095,413",.,8.18
1990,3,CA,"5,387,511",.,9.97
1990,3,CO,"896,254",.,6.75
1990,3,CT,"943,443",.,9.70
1990,3,DC,"120,957",.,5.34
1990,3,DE,"223,605",.,7.89
1990,3,FL,"4,463,381",.,7.79
1990,3,GA,"1,976,128",.,7.05
1990,3,HI,"204,597",.,10.37
1990,3,IA,"846,927",.,7.26
1990,3,ID,"550,229",.,4.78
1990,3,IL,"2,698,446",.,8.88
1990,3,IN,"1,820,545",.,6.75
1990,3,KS,"641,001",.,7.59
1990,3,KY,"1,306,764",.,5.64
1990,3,LA,"1,226,492",.,7.41
1990,3,MA,"1,432,844",.,9.03
1990,3,MD,"1,605,259",.,6.41
1990,3,ME,"380,849",.,9.15
1990,3,MI,"2,125,536",.,7.73
1990,3,MN,"1,245,384",.,6.55
1990,3,MO,"1,648,384",.,6.98
1990,3,MS,"783,219",.,6.89
1990,3,MT,"281,902",.,5.85
1990,3,NC,"2,591,238",.,7.67
1990,3,ND,"285,911",.,5.76
1990,3,NE,"510,280",.,6.05
1990,3,NH,"325,437",.,10.17
1990,3,NJ,"1,602,592",.,9.79
1990,3,NM,"294,207",.,8.77
1990,3,NV,"389,088",.,5.94
1990,3,NY,"3,311,676",.,11.19
1990,3,OH,"3,181,001",.,7.64
1990,3,OK,"1,112,297",.,6.35
1990,3,OR,"1,482,360",.,4.71
1990,3,PA,"3,506,386",.,8.58
1990,3,RI,"209,747",.,9.22
1990,3,SC,"1,321,197",.,7.21
1990,3,SD,"253,587",.,6.60
1990,3,TN,"2,213,999",.,5.69
1990,3,TX,"4,811,408",.,6.84
1990,3,UT,"365,230",.,7.08
1990,3,VA,"2,365,390",.,6.83
1990,3,VT,"176,193",.,9.47
1990,3,WA,"3,177,695",.,4.42
1990,3,WI,"1,379,654",.,6.57
1990,3,WV,"682,861",.,5.78
1990,3,WY,"163,982",.,5.83
1990,2,AK,"177,500",.,9.47
1990,2,AL,"1,329,137",.,7.00
1990,2,AR,"744,815",.,7.72
1990,2,AZ,"1,284,555",.,7.85
1990,2,CA,"5,700,938",.,9.90
1990,2,CO,"925,315",.,6.47
1990,2,CT,"937,942",.,9.96
1990,2,DC,"120,477",.,5.58
1990,2,DE,"225,234",.,7.87
1990,2,FL,"4,732,701",.,7.84
1990,2,GA,"1,917,561",.,7.07
1990,2,HI,"178,996",.,9.90
1990,2,IA,"856,184",.,7.20
1990,2,ID,"546,402",.,4.79
1990,2,IL,"2,738,906",.,8.64
1990,2,IN,"1,803,009",.,6.69
1990,2,KS,"680,189",.,7.26
1990,2,KY,"1,356,307",.,5.66
1990,2,LA,"1,210,728",.,7.19
1990,2,MA,"1,465,355",.,9.54
1990,2,MD,"1,613,534",.,6.41
1990,2,ME,"384,567",.,9.27
1990,2,MI,"2,086,183",.,7.71
1990,2,MN,"1,320,702",.,6.44
1990,2,MO,"1,770,124",.,6.73
1990,2,MS,"848,421",.,6.80
1990,2,MT,"328,732",.,5.82
1990,2,NC,"2,656,363",.,7.67
1990,2,ND,"327,356",.,5.68
1990,2,NE,"540,287",.,5.93
1990,2,NH,"335,921",.,10.25
1990,2,NJ,"1,528,445",.,9.82
1990,2,NM,"310,690",.,8.55
1990,2,NV,"386,653",.,6.35
1990,2,NY,"3,494,570",.,11.12
1990,2,OH,"3,296,914",.,7.65
1990,2,OK,"1,144,239",.,6.34
1990,2,OR,"1,683,212",.,4.61
1990,2,PA,"3,555,442",.,8.55
1990,2,RI,"213,481",.,9.58
1990,2,SC,"1,364,600",.,7.10
1990,2,SD,"276,491",.,6.55
1990,2,TN,"2,435,568",.,5.68
1990,2,TX,"5,239,001",.,6.40
1990,2,UT,"373,918",.,6.96
1990,2,VA,"2,208,629",.,6.02
1990,2,VT,"172,194",.,9.53
1990,2,WA,"3,374,314",.,4.39
1990,2,WI,"1,407,536",.,6.38
1990,2,WV,"709,683",.,5.81
1990,2,WY,"178,349",.,5.70
1990,1,AK,"181,752",.,9.62
1990,1,AL,"2,070,093",.,5.96
1990,1,AR,"1,026,320",.,7.06
1990,1,AZ,"1,396,499",.,7.83
1990,1,CA,"6,168,009",.,9.68
1990,1,CO,"1,046,805",.,6.81
1990,1,CT,"1,189,718",.,9.42
1990,1,DC,"168,767",.,5.62
1990,1,DE,"313,562",.,7.36
1990,1,FL,"6,443,538",.,7.68
1990,1,GA,"2,740,435",.,6.55
1990,1,HI,"206,583",.,9.52
1990,1,IA,"1,052,126",.,6.88
1990,1,ID,"637,615",.,4.77
1990,1,IL,"3,406,453",.,7.97
1990,1,IN,"2,432,950",.,6.30
1990,1,KS,"836,534",.,7.75
1990,1,KY,"1,772,802",.,5.32
1990,1,LA,"1,808,037",.,7.06
1990,1,MA,"1,767,550",.,8.79
1990,1,MD,"2,333,681",.,5.90
1990,1,ME,"440,117",.,9.09
1990,1,MI,"2,623,658",.,7.63
1990,1,MN,"1,542,334",.,6.24
1990,1,MO,"2,161,975",.,6.34
1990,1,MS,"1,150,317",.,6.35
1990,1,MT,"387,975",.,5.80
1990,1,NC,"3,963,429",.,7.32
1990,1,ND,"374,447",.,5.60
1990,1,NE,"648,868",.,5.68
1990,1,NH,"396,501",.,10.09
1990,1,NJ,"1,959,965",.,9.44
1990,1,NM,"367,429",.,8.43
1990,1,NV,"488,219",.,5.77
1990,1,NY,"3,944,893",.,10.71
1990,1,OH,"4,121,140",.,6.95
1990,1,OK,"1,510,015",.,5.61
1990,1,OR,"1,786,280",.,4.62
1990,1,PA,"4,570,028",.,8.33
1990,1,RI,"263,566",.,8.72
1990,1,SC,"2,074,390",.,6.85
1990,1,SD,"315,938",.,6.39
1990,1,TN,"3,576,065",.,5.68
1990,1,TX,"7,791,226",.,6.26
1990,1,UT,"374,239",.,7.02
1990,1,VA,"3,294,273",.,6.35
1990,1,VT,"207,079",.,9.31
1990,1,WA,"3,331,947",.,4.40
1990,1,WI,"1,653,927",.,6.44
1990,1,WV,"904,654",.,5.51
1990,1,WY,"195,508",.,5.63