Year,Month,State,res_sales,res_customers,res_price
2026,4,AK,"180,411","304,522",27.35
2026,4,AL,"2,061,104","2,446,991",17.41
2026,4,AR,"1,125,707","1,504,777",14.16
2026,4,AZ,"2,642,355","3,204,997",15.48
2026,4,CA,"5,553,672","14,166,903",35.25
2026,4,CO,"1,385,730","2,538,803",16.54
2026,4,CT,"860,609","1,607,800",32.24
2026,4,DC,"152,733","326,974",25.41
2026,4,DE,"339,604","481,331",18.79
2026,4,FL,"9,876,591","10,757,477",15.38
2026,4,GA,"3,961,006","4,901,014",15.37
2026,4,HI,"214,999","451,117",46.62
2026,4,IA,"988,164","1,484,799",13.86
2026,4,ID,"688,854","903,318",12.70
2026,4,IL,"2,913,359","5,419,122",20.47
2026,4,IN,"2,087,208","3,032,876",17.90
2026,4,KS,"859,408","1,355,296",15.78
2026,4,KY,"1,644,872","2,027,681",15.02
2026,4,LA,"1,945,217","2,174,150",14.44
2026,4,MA,"1,426,425","2,908,024",29.45
2026,4,MD,"1,760,637","2,480,709",22.07
2026,4,ME,"431,849","758,061",28.42
2026,4,MI,"2,308,298","4,557,351",21.39
2026,4,MN,"1,659,045","2,635,900",16.39
2026,4,MO,"2,165,450","2,902,230",14.01
2026,4,MS,"1,157,685","1,356,384",16.76
2026,4,MT,"449,059","572,439",13.90
2026,4,NC,"3,951,408","5,229,187",16.25
2026,4,ND,"389,836","401,635",12.35
2026,4,NE,"691,906","931,760",13.28
2026,4,NH,"361,636","663,659",27.24
2026,4,NJ,"1,790,017","3,814,748",23.53
2026,4,NM,"452,586","931,516",15.15
2026,4,NV,"837,142","1,348,735",14.29
2026,4,NY,"3,581,732","7,482,148",29.45
2026,4,OH,"3,293,861","5,127,041",19.49
2026,4,OK,"1,455,868","1,918,918",13.31
2026,4,OR,"1,416,950","1,902,338",15.78
2026,4,PA,"3,536,430","5,570,597",21.47
2026,4,RI,"240,737","469,141",28.30
2026,4,SC,"2,049,769","2,663,591",17.06
2026,4,SD,"396,866","448,216",14.52
2026,4,TN,"2,883,135","3,143,230",14.94
2026,4,TX,"10,930,197","12,881,837",16.99
2026,4,UT,"761,941","1,285,503",13.29
2026,4,VA,"2,778,822","3,715,962",17.38
2026,4,VT,"153,115","313,116",24.56
2026,4,WA,"3,130,116","3,437,944",14.36
2026,4,WI,"1,602,552","2,900,584",19.21
2026,4,WV,"582,765","867,860",16.06
2026,4,WY,"212,316","291,795",14.68
2026,3,AK,"216,788","306,357",27.17
2026,3,AL,"2,145,481","2,445,619",17.15
2026,3,AR,"1,224,803","1,508,608",13.63
2026,3,AZ,"2,741,615","3,203,446",15.59
2026,3,CA,"6,728,314","14,581,986",33.35
2026,3,CO,"1,496,306","2,536,644",16.74
2026,3,CT,"1,063,255","1,606,365",30.47
2026,3,DC,"217,548","326,704",25.00
2026,3,DE,"467,479","481,312",17.64
2026,3,FL,"9,646,504","10,749,774",14.86
2026,3,GA,"4,124,194","4,899,145",15.01
2026,3,HI,"218,670","451,105",42.23
2026,3,IA,"1,199,738","1,485,024",13.42
2026,3,ID,"781,075","902,312",13.01
2026,3,IL,"3,312,206","5,419,810",18.86
2026,3,IN,"2,441,258","3,032,277",17.85
2026,3,KS,"938,434","1,356,250",15.34
2026,3,KY,"1,901,697","2,026,641",14.88
2026,3,LA,"1,946,525","2,187,562",14.16
2026,3,MA,"1,801,733","3,034,500",30.21
2026,3,MD,"2,155,255","2,479,236",22.20
2026,3,ME,"509,017","761,199",28.32
2026,3,MI,"2,627,653","4,558,849",21.20
2026,3,MN,"1,899,885","2,635,864",15.08
2026,3,MO,"2,578,057","2,900,216",13.44
2026,3,MS,"1,185,517","1,359,832",16.30
2026,3,MT,"501,448","572,260",13.48
2026,3,NC,"4,357,948","5,224,942",16.00
2026,3,ND,"473,940","401,400",11.95
2026,3,NE,"820,894","931,407",13.10
2026,3,NH,"421,402","664,502",26.92
2026,3,NJ,"2,090,171","3,818,239",23.49
2026,3,NM,"470,518","929,131",14.81
2026,3,NV,"904,993","1,348,241",14.17
2026,3,NY,"4,078,549","7,502,437",28.55
2026,3,OH,"3,918,970","5,128,095",18.78
2026,3,OK,"1,533,035","1,918,728",13.56
2026,3,OR,"1,664,989","1,905,473",14.89
2026,3,PA,"4,482,677","5,570,427",20.92
2026,3,RI,"245,328","468,896",29.91
2026,3,SC,"2,168,345","2,647,002",16.45
2026,3,SD,"450,303","447,813",14.29
2026,3,TN,"3,096,702","3,140,060",15.08
2026,3,TX,"10,547,485","12,886,233",16.39
2026,3,UT,"805,293","1,279,118",13.17
2026,3,VA,"3,356,874","3,714,764",17.05
2026,3,VT,"193,432","312,425",24.11
2026,3,WA,"3,752,649","3,436,352",14.40
2026,3,WI,"1,807,895","2,886,012",18.80
2026,3,WV,"903,869","868,556",16.37
2026,3,WY,"251,013","292,130",13.59
2026,2,AK,"197,690","306,093",25.79
2026,2,AL,"2,843,188","2,442,669",16.18
2026,2,AR,"1,837,576","1,497,378",12.73
2026,2,AZ,"2,035,050","3,200,480",16.03
2026,2,CA,"5,814,821","13,834,527",33.22
2026,2,CO,"1,452,865","2,535,009",16.79
2026,2,CT,"1,268,727","1,606,322",30.77
2026,2,DC,"232,058","326,608",23.97
2026,2,DE,"580,408","480,738",16.27
2026,2,FL,"10,616,214","10,727,464",15.80
2026,2,GA,"5,271,586","4,885,622",14.13
2026,2,HI,"190,370","450,774",43.00
2026,2,IA,"1,292,977","1,483,740",12.74
2026,2,ID,"849,817","899,926",12.63
2026,2,IL,"3,896,011","5,415,308",17.83
2026,2,IN,"3,301,595","3,030,849",16.06
2026,2,KS,"996,558","1,353,463",15.11
2026,2,KY,"2,733,643","2,026,755",13.42
2026,2,LA,"2,512,679","2,159,451",12.87
2026,2,MA,"1,988,210","2,819,559",30.46
2026,2,MD,"2,895,962","2,477,429",20.08
2026,2,ME,"466,767","735,438",32.17
2026,2,MI,"2,734,112","4,558,545",20.00
2026,2,MN,"1,983,055","2,632,439",15.39
2026,2,MO,"3,187,812","2,906,840",12.17
2026,2,MS,"1,677,564","1,350,722",14.72
2026,2,MT,"557,024","571,703",13.33
2026,2,NC,"6,171,758","5,209,075",14.64
2026,2,ND,"498,834","401,149",11.64
2026,2,NE,"942,024","929,528",11.79
2026,2,NH,"486,923","661,465",26.52
2026,2,NJ,"2,414,826","3,806,163",23.12
2026,2,NM,"508,600","927,853",15.07
2026,2,NV,"771,899","1,345,277",14.38
2026,2,NY,"4,931,629","7,464,595",29.99
2026,2,OH,"5,023,775","5,124,579",17.52
2026,2,OK,"1,778,337","1,916,584",12.89
2026,2,OR,"1,802,802","1,903,633",14.64
2026,2,PA,"5,730,858","5,451,206",20.30
2026,2,RI,"271,667","467,482",29.45
2026,2,SC,"2,998,324","2,644,681",16.15
2026,2,SD,"497,799","447,219",13.24
2026,2,TN,"5,032,880","3,141,100",12.82
2026,2,TX,"11,805,444","12,819,746",15.41
2026,2,UT,"800,153","1,277,422",13.33
2026,2,VA,"4,867,218","3,711,670",15.96
2026,2,VT,"219,933","312,122",23.27
2026,2,WA,"3,727,265","3,424,856",14.11
2026,2,WI,"1,844,318","2,882,466",18.74
2026,2,WV,"1,235,984","869,823",14.41
2026,2,WY,"277,092","291,799",13.04
2026,1,AK,"251,783","305,211",25.52
2026,1,AL,"3,297,811","2,442,346",16.06
2026,1,AR,"1,851,907","1,501,304",12.35
2026,1,AZ,"2,415,366","3,199,507",15.61
2026,1,CA,"8,500,727","14,081,541",30.29
2026,1,CO,"1,734,501","2,533,480",16.44
2026,1,CT,"1,390,580","1,604,258",28.30
2026,1,DC,"258,655","326,288",23.72
2026,1,DE,"558,495","478,298",16.51
2026,1,FL,"10,419,629","10,717,613",15.92
2026,1,GA,"6,097,554","4,886,368",14.46
2026,1,HI,"251,721","450,550",39.79
2026,1,IA,"1,599,483","1,482,230",12.83
2026,1,ID,"1,062,983","898,322",12.07
2026,1,IL,"4,398,188","5,414,532",16.36
2026,1,IN,"3,592,509","3,027,334",16.19
2026,1,KS,"1,358,093","1,352,094",14.29
2026,1,KY,"2,967,659","2,026,404",14.27
2026,1,LA,"2,634,580","2,166,586",12.46
2026,1,MA,"2,093,459","2,920,396",31.16
2026,1,MD,"3,259,449","2,475,129",20.61
2026,1,ME,"447,587","758,680",30.73
2026,1,MI,"3,263,719","4,557,316",19.52
2026,1,MN,"2,342,333","2,629,589",14.98
2026,1,MO,"3,910,589","2,907,829",11.80
2026,1,MS,"1,713,621","1,351,803",14.24
2026,1,MT,"628,051","571,090",12.86
2026,1,NC,"7,034,595","5,206,934",13.68
2026,1,ND,"632,775","400,995",10.92
2026,1,NE,"1,070,261","928,205",11.76
2026,1,NH,"536,068","661,072",26.32
2026,1,NJ,"2,869,810","3,810,915",23.13
2026,1,NM,"624,717","928,911",14.70
2026,1,NV,"933,081","1,347,277",13.98
2026,1,NY,"5,033,905","7,474,160",28.37
2026,1,OH,"5,685,289","5,120,943",17.59
2026,1,OK,"2,306,411","1,914,723",12.62
2026,1,OR,"2,165,870","1,902,055",14.66
2026,1,PA,"6,282,852","5,537,349",20.19
2026,1,RI,"295,762","467,256",30.14
2026,1,SC,"3,399,392","2,650,620",15.41
2026,1,SD,"566,738","446,685",13.60
2026,1,TN,"4,274,294","3,120,821",13.10
2026,1,TX,"13,949,866","12,852,996",15.69
2026,1,UT,"957,648","1,275,269",12.88
2026,1,VA,"5,599,599","3,710,239",15.87
2026,1,VT,"246,625","312,239",23.29
2026,1,WA,"4,336,158","3,415,922",13.81
2026,1,WI,"2,276,640","2,899,792",18.20
2026,1,WV,"1,410,961","869,633",14.77
2026,1,WY,"324,665","291,650",12.85
2025,12,AK,"231,780","305,423",25.54
2025,12,AL,"2,823,511","2,439,723",16.01
2025,12,AR,"1,588,254","1,500,421",12.33
2025,12,AZ,"2,309,708","3,193,720",15.46
2025,12,CA,"5,911,176","14,730,091",34.71
2025,12,CO,"1,667,641","2,530,607",16.12
2025,12,CT,"1,381,755","1,602,362",25.30
2025,12,DC,"247,968","326,082",23.90
2025,12,DE,"544,084","477,952",17.12
2025,12,FL,"9,541,420","10,704,479",15.02
2025,12,GA,"5,361,741","4,879,766",13.67
2025,12,HI,"239,829","449,924",41.62
2025,12,IA,"1,444,861","1,482,096",12.60
2025,12,ID,"951,334","897,682",11.87
2025,12,IL,"4,165,174","5,419,302",17.07
2025,12,IN,"3,323,848","3,025,378",15.91
2025,12,KS,"1,117,125","1,349,853",14.43
2025,12,KY,"2,607,102","2,022,530",13.22
2025,12,LA,"2,331,712","2,169,004",12.56
2025,12,MA,"1,946,114","3,030,934",30.88
2025,12,MD,"2,984,742","2,472,660",19.57
2025,12,ME,"397,429","755,337",30.39
2025,12,MI,"3,173,786","4,553,528",19.53
2025,12,MN,"2,241,285","2,630,746",14.96
2025,12,MO,"3,376,362","2,895,240",11.91
2025,12,MS,"1,482,479","1,352,060",14.16
2025,12,MT,"565,351","570,897",12.77
2025,12,NC,"6,233,437","5,201,684",13.47
2025,12,ND,"598,301","401,147",11.02
2025,12,NE,"1,029,597","928,711",11.57
2025,12,NH,"499,961","662,893",26.28
2025,12,NJ,"2,669,218","3,816,944",22.98
2025,12,NM,"578,094","925,846",14.66
2025,12,NV,"896,051","1,347,185",12.83
2025,12,NY,"4,580,674","7,480,119",27.39
2025,12,OH,"5,121,329","5,118,258",17.31
2025,12,OK,"1,993,023","1,913,070",12.25
2025,12,OR,"1,955,889","1,901,758",14.94
2025,12,PA,"5,738,126","5,524,310",20.08
2025,12,RI,"281,991","467,312",31.15
2025,12,SC,"2,980,223","2,641,228",14.82
2025,12,SD,"524,103","446,613",12.51
2025,12,TN,"3,930,053","3,129,608",12.87
2025,12,TX,"12,163,293","12,886,312",15.87
2025,12,UT,"903,210","1,273,222",12.99
2025,12,VA,"4,994,059","3,707,509",15.27
2025,12,VT,"234,630","314,791",23.22
2025,12,WA,"4,046,467","3,428,326",13.33
2025,12,WI,"2,194,020","2,893,680",17.84
2025,12,WV,"1,275,922","869,056",14.61
2025,12,WY,"287,500","291,355",12.83
2025,11,AK,"181,077","303,853",26.18
2025,11,AL,"2,177,140","2,436,561",16.08
2025,11,AR,"1,149,330","1,497,944",13.22
2025,11,AZ,"2,218,251","3,190,448",15.66
2025,11,CA,"5,693,060","13,594,127",31.89
2025,11,CO,"1,425,953","2,529,776",16.35
2025,11,CT,"984,306","1,598,577",27.02
2025,11,DC,"155,160","325,508",22.72
2025,11,DE,"338,907","479,181",18.81
2025,11,FL,"9,198,523","10,676,310",15.78
2025,11,GA,"4,161,975","4,872,898",14.42
2025,11,HI,"233,848","449,893",40.20
2025,11,IA,"985,248","1,476,243",13.55
2025,11,ID,"769,076","894,861",12.25
2025,11,IL,"3,120,283","5,418,060",18.31
2025,11,IN,"2,318,566","3,021,422",17.41
2025,11,KS,"884,374","1,348,616",15.10
2025,11,KY,"1,783,548","2,021,155",13.70
2025,11,LA,"1,929,712","2,168,369",12.74
2025,11,MA,"1,338,003","2,746,747",31.22
2025,11,MD,"1,946,745","2,470,725",21.34
2025,11,ME,"362,317","686,954",27.85
2025,11,MI,"2,524,003","4,545,991",19.94
2025,11,MN,"1,675,044","2,622,091",15.67
2025,11,MO,"2,390,958","2,891,472",13.12
2025,11,MS,"1,160,052","1,350,724",15.33
2025,11,MT,"438,662","569,245",12.82
2025,11,NC,"4,397,684","5,191,985",14.64
2025,11,ND,"435,353","400,581",11.93
2025,11,NE,"697,283","925,224",12.52
2025,11,NH,"378,421","659,048",27.37
2025,11,NJ,"1,952,188","3,781,919",22.73
2025,11,NM,"469,878","925,974",15.61
2025,11,NV,"782,354","1,342,153",14.20
2025,11,NY,"3,554,340","7,447,409",26.42
2025,11,OH,"3,941,500","5,110,934",17.66
2025,11,OK,"1,439,727","1,909,631",13.34
2025,11,OR,"1,601,703","1,896,727",15.59
2025,11,PA,"3,998,648","5,543,170",20.16
2025,11,RI,"212,097","466,266",30.82
2025,11,SC,"2,179,877","2,635,548",15.53
2025,11,SD,"390,690","445,468",13.81
2025,11,TN,"2,794,256","3,124,742",13.47
2025,11,TX,"10,403,342","12,786,493",16.04
2025,11,UT,"803,146","1,271,096",13.07
2025,11,VA,"3,290,504","3,703,207",15.94
2025,11,VT,"181,224","312,427",24.17
2025,11,WA,"3,030,510","3,390,356",13.85
2025,11,WI,"1,666,559","2,868,868",18.39
2025,11,WV,"848,640","867,805",15.65
2025,11,WY,"228,364","290,644",13.91
2025,10,AK,"158,958","304,292",26.46
2025,10,AL,"2,295,933","2,437,215",16.72
2025,10,AR,"1,352,791","1,499,882",13.26
2025,10,AZ,"2,780,834","3,184,036",15.55
2025,10,CA,"6,558,574","14,543,458",33.60
2025,10,CO,"1,483,682","2,529,578",16.26
2025,10,CT,"837,431","1,595,235",27.72
2025,10,DC,"157,072","325,337",23.92
2025,10,DE,"311,701","478,732",18.31
2025,10,FL,"11,687,205","10,676,812",15.70
2025,10,GA,"4,253,219","4,874,463",14.53
2025,10,HI,"248,905","449,753",39.74
2025,10,IA,"1,039,370","1,479,193",13.48
2025,10,ID,"658,753","894,016",12.46
2025,10,IL,"3,108,450","5,393,849",18.74
2025,10,IN,"2,202,610","3,019,480",17.34
2025,10,KS,"978,674","1,347,706",15.17
2025,10,KY,"1,730,968","2,020,026",13.62
2025,10,LA,"2,513,826","2,169,288",12.39
2025,10,MA,"1,458,070","2,953,655",31.37
2025,10,MD,"1,630,821","2,469,646",22.30
2025,10,ME,"355,560","760,410",26.63
2025,10,MI,"2,359,307","4,548,300",20.46
2025,10,MN,"1,658,229","2,629,952",16.37
2025,10,MO,"2,313,560","2,885,336",12.95
2025,10,MS,"1,441,906","1,352,394",14.47
2025,10,MT,"377,345","569,339",14.27
2025,10,NC,"4,112,537","5,203,675",15.05
2025,10,ND,"335,991","400,859",12.82
2025,10,NE,"711,404","927,824",13.13
2025,10,NH,"345,525","659,593",27.27
2025,10,NJ,"1,832,890","3,800,519",22.55
2025,10,NM,"523,570","926,175",14.95
2025,10,NV,"898,176","1,340,493",13.77
2025,10,NY,"3,615,114","7,463,313",26.95
2025,10,OH,"3,334,021","5,104,648",17.85
2025,10,OK,"1,721,311","1,909,469",14.42
2025,10,OR,"1,393,909","1,899,418",16.16
2025,10,PA,"3,654,885","5,625,766",20.49
2025,10,RI,"204,792","467,140",31.16
2025,10,SC,"2,188,711","2,637,210",15.65
2025,10,SD,"363,135","446,093",14.09
2025,10,TN,"3,090,233","3,124,923",13.06
2025,10,TX,"14,076,949","12,914,808",16.10
2025,10,UT,"800,075","1,268,506",13.69
2025,10,VA,"2,833,744","3,701,796",16.36
2025,10,VT,"152,448","312,954",24.78
2025,10,WA,"2,688,334","3,432,102",14.06
2025,10,WI,"1,619,154","2,880,220",18.37
2025,10,WV,"668,245","866,906",16.19
2025,10,WY,"194,280","290,686",15.11
2025,9,AK,"141,630","303,443",27.16
2025,9,AL,"2,926,702","2,435,862",16.43
2025,9,AR,"1,654,452","1,499,839",13.79
2025,9,AZ,"4,168,027","3,176,466",15.27
2025,9,CA,"9,010,752","14,263,678",32.04
2025,9,CO,"1,692,241","2,526,644",16.70
2025,9,CT,"909,119","1,594,805",30.48
2025,9,DC,"177,746","325,077",23.67
2025,9,DE,"404,493","478,352",18.12
2025,9,FL,"13,136,126","10,670,918",15.76
2025,9,GA,"5,351,079","4,868,798",15.30
2025,9,HI,"244,127","449,653",39.54
2025,9,IA,"1,116,993","1,475,551",14.79
2025,9,ID,"701,413","891,650",12.50
2025,9,IL,"3,560,500","5,415,768",19.05
2025,9,IN,"2,582,451","3,015,220",17.33
2025,9,KS,"1,195,306","1,347,919",15.20
2025,9,KY,"2,034,200","2,018,323",13.56
2025,9,LA,"3,102,951","2,169,948",12.36
2025,9,MA,"1,588,856","2,914,597",30.41
2025,9,MD,"2,048,050","2,469,345",21.05
2025,9,ME,"355,432","758,942",27.98
2025,9,MI,"2,492,516","4,544,215",21.20
2025,9,MN,"1,737,041","2,624,168",17.10
2025,9,MO,"2,888,635","2,882,016",15.84
2025,9,MS,"1,786,601","1,351,008",13.97
2025,9,MT,"402,104","568,137",14.64
2025,9,NC,"4,765,801","5,194,938",15.12
2025,9,ND,"324,503","400,265",13.66
2025,9,NE,"827,058","925,390",13.85
2025,9,NH,"334,910","659,412",27.82
2025,9,NJ,"2,351,471","3,802,841",23.39
2025,9,NM,"621,219","923,525",16.52
2025,9,NV,"1,350,725","1,340,676",13.05
2025,9,NY,"4,177,883","7,464,225",27.23
2025,9,OH,"3,867,265","5,118,153",17.61
2025,9,OK,"2,084,314","1,908,341",14.79
2025,9,OR,"1,355,582","1,895,564",15.96
2025,9,PA,"3,888,802","5,548,912",20.46
2025,9,RI,"223,663","467,669",28.30
2025,9,SC,"2,693,175","2,634,377",15.34
2025,9,SD,"379,425","445,029",14.76
2025,9,TN,"3,789,799","3,124,618",13.29
2025,9,TX,"16,829,269","12,857,104",15.83
2025,9,UT,"1,028,883","1,266,816",14.12
2025,9,VA,"3,212,354","3,697,469",16.62
2025,9,VT,"147,766","312,790",23.92
2025,9,WA,"2,540,441","3,409,903",13.79
2025,9,WI,"1,732,884","2,877,601",18.73
2025,9,WV,"656,486","866,330",16.14
2025,9,WY,"184,291","290,274",15.00
2025,8,AK,"144,370","303,174",27.71
2025,8,AL,"3,335,941","2,433,295",16.24
2025,8,AR,"2,147,311","1,496,901",13.28
2025,8,AZ,"5,486,942","3,164,093",15.17
2025,8,CA,"8,766,132","14,267,107",31.65
2025,8,CO,"2,214,096","2,514,903",16.37
2025,8,CT,"1,249,228","1,573,974",30.24
2025,8,DC,"239,497","325,154",23.19
2025,8,DE,"519,950","477,269",16.82
2025,8,FL,"15,356,000","10,631,141",15.37
2025,8,GA,"6,340,280","4,861,809",15.43
2025,8,HI,"256,926","448,627",38.90
2025,8,IA,"1,431,855","1,457,616",15.58
2025,8,ID,"882,602","889,753",12.08
2025,8,IL,"4,864,085","5,377,262",18.06
2025,8,IN,"3,379,124","3,002,869",16.47
2025,8,KS,"1,572,357","1,348,519",14.77
2025,8,KY,"2,644,758","2,007,211",13.17
2025,8,LA,"3,543,809","2,165,952",12.55
2025,8,MA,"2,078,271","2,900,036",30.61
2025,8,MD,"2,361,744","2,468,136",19.83
2025,8,ME,"414,363","756,627",28.25
2025,8,MI,"3,416,699","4,541,378",20.73
2025,8,MN,"2,137,932","2,621,642",16.91
2025,8,MO,"3,722,380","2,874,044",15.46
2025,8,MS,"2,095,982","1,349,345",13.59
2025,8,MT,"464,968","567,572",14.28
2025,8,NC,"5,921,932","5,174,002",14.60
2025,8,ND,"380,914","399,934",12.97
2025,8,NE,"1,030,758","923,308",13.16
2025,8,NH,"473,759","659,355",24.47
2025,8,NJ,"3,148,881","3,770,280",24.95
2025,8,NM,"801,132","920,284",16.19
2025,8,NV,"1,945,643","1,332,034",12.53
2025,8,NY,"5,612,874","7,450,782",26.67
2025,8,OH,"5,224,587","5,097,000",17.59
2025,8,OK,"2,677,485","1,904,100",14.31
2025,8,OR,"1,693,321","1,893,962",15.77
2025,8,PA,"5,135,412","5,572,723",19.93
2025,8,RI,"346,915","464,935",26.52
2025,8,SC,"3,320,292","2,640,464",14.98
2025,8,SD,"457,549","444,621",13.98
2025,8,TN,"4,864,714","3,099,876",13.02
2025,8,TX,"19,413,077","12,751,055",15.46
2025,8,UT,"1,367,824","1,264,096",13.68
2025,8,VA,"3,952,698","3,693,032",15.83
2025,8,VT,"185,611","312,934",22.27
2025,8,WA,"2,880,125","3,405,634",13.64
2025,8,WI,"2,175,378","2,854,545",18.52
2025,8,WV,"903,630","866,102",15.65
2025,8,WY,"221,752","289,840",14.37
2025,7,AK,"148,350","302,870",27.30
2025,7,AL,"3,737,360","2,425,506",15.93
2025,7,AR,"2,103,500","1,492,185",13.26
2025,7,AZ,"5,244,768","3,156,482",15.34
2025,7,CA,"8,253,340","14,436,163",32.66
2025,7,CO,"2,295,441","2,512,039",15.99
2025,7,CT,"1,604,575","1,572,399",27.60
2025,7,DC,"281,672","325,300",23.04
2025,7,DE,"597,023","476,852",16.58
2025,7,FL,"15,053,538","10,614,364",15.11
2025,7,GA,"7,292,324","4,844,748",15.56
2025,7,HI,"241,285","448,503",39.36
2025,7,IA,"1,666,033","1,472,483",15.31
2025,7,ID,"939,555","887,682",12.28
2025,7,IL,"5,770,146","5,384,213",17.22
2025,7,IN,"3,920,232","3,001,217",16.18
2025,7,KS,"1,753,561","1,345,624",14.46
2025,7,KY,"3,011,711","2,002,785",13.13
2025,7,LA,"3,563,262","2,175,886",13.12
2025,7,MA,"2,315,631","2,898,773",30.07
2025,7,MD,"3,096,626","2,463,369",18.83
2025,7,ME,"385,791","759,564",27.98
2025,7,MI,"4,094,802","4,538,832",20.55
2025,7,MN,"2,411,121","2,618,531",16.92
2025,7,MO,"4,166,036","2,868,303",15.56
2025,7,MS,"2,103,570","1,346,380",13.58
2025,7,MT,"466,710","566,797",14.27
2025,7,NC,"7,180,781","5,165,330",13.37
2025,7,ND,"378,284","399,381",13.31
2025,7,NE,"1,181,952","923,157",12.84
2025,7,NH,"541,449","658,037",22.79
2025,7,NJ,"4,265,517","3,763,284",25.32
2025,7,NM,"821,887","920,688",15.80
2025,7,NV,"1,902,617","1,335,606",12.39
2025,7,NY,"6,223,612","7,451,807",26.22
2025,7,OH,"6,251,202","5,080,028",17.38
2025,7,OK,"2,900,414","1,901,372",13.52
2025,7,OR,"1,709,337","1,881,386",15.61
2025,7,PA,"6,041,135","5,574,129",19.51
2025,7,RI,"379,341","465,805",26.18
2025,7,SC,"3,938,599","2,607,720",14.70
2025,7,SD,"480,924","443,957",14.52
2025,7,TN,"4,873,531","3,106,777",13.21
2025,7,TX,"18,974,998","12,736,351",15.36
2025,7,UT,"1,407,630","1,261,674",13.45
2025,7,VA,"5,057,214","3,688,612",15.78
2025,7,VT,"208,345","312,465",22.14
2025,7,WA,"2,972,727","3,409,722",13.45
2025,7,WI,"2,447,567","2,871,403",18.25
2025,7,WV,"1,114,843","865,738",15.43
2025,7,WY,"238,781","289,815",14.64
2025,6,AK,"141,875","302,533",26.87
2025,6,AL,"3,027,183","2,421,610",16.06
2025,6,AR,"1,561,843","1,489,861",13.37
2025,6,AZ,"4,357,703","3,152,895",15.23
2025,6,CA,"6,733,716","13,988,033",33.59
2025,6,CO,"1,785,000","2,508,834",16.04
2025,6,CT,"1,168,553","1,572,088",27.19
2025,6,DC,"207,978","324,897",22.70
2025,6,DE,"410,777","476,053",18.16
2025,6,FL,"13,794,962","10,598,813",15.35
2025,6,GA,"5,988,911","4,836,989",15.96
2025,6,HI,"214,803","448,279",40.96
2025,6,IA,"1,281,117","1,469,995",15.33
2025,6,ID,"754,435","885,938",12.07
2025,6,IL,"4,772,036","5,395,252",18.29
2025,6,IN,"2,978,526","2,998,976",16.48
2025,6,KS,"1,444,947","1,343,798",15.04
2025,6,KY,"2,322,861","2,000,158",13.40
2025,6,LA,"3,026,722","2,148,048",12.74
2025,6,MA,"1,624,358","2,887,765",30.33
2025,6,MD,"2,343,911","2,459,650",19.29
2025,6,ME,"331,301","758,485",28.14
2025,6,MI,"3,274,333","4,536,304",20.82
2025,6,MN,"1,847,488","2,614,602",17.12
2025,6,MO,"3,227,746","2,867,841",15.91
2025,6,MS,"1,730,306","1,344,321",14.07
2025,6,MT,"383,556","565,766",14.81
2025,6,NC,"5,981,817","5,155,962",13.38
2025,6,ND,"312,523","399,184",13.71
2025,6,NE,"851,091","921,577",13.14
2025,6,NH,"388,336","657,985",23.51
2025,6,NJ,"3,148,614","3,765,123",24.88
2025,6,NM,"723,703","919,368",14.68
2025,6,NV,"1,640,038","1,332,268",12.26
2025,6,NY,"4,139,227","7,444,622",26.55
2025,6,OH,"4,733,328","5,080,591",17.50
2025,6,OK,"2,305,213","1,899,870",13.63
2025,6,OR,"1,388,043","1,880,809",15.80
2025,6,PA,"4,353,289","5,533,823",19.69
2025,6,RI,"265,588","464,490",26.84
2025,6,SC,"3,249,485","2,605,243",14.79
2025,6,SD,"385,514","443,500",14.22
2025,6,TN,"3,528,256","3,097,822",13.82
2025,6,TX,"16,429,447","12,703,431",15.26
2025,6,UT,"1,188,869","1,258,990",13.10
2025,6,VA,"4,221,545","3,683,595",15.23
2025,6,VT,"165,942","312,791",23.00
2025,6,WA,"2,673,792","3,391,939",12.96
2025,6,WI,"1,975,238","2,865,896",18.52
2025,6,WV,"834,155","865,384",15.82
2025,6,WY,"202,120","289,395",14.89
2025,5,AK,"150,429","302,069",26.08
2025,5,AL,"2,388,611","2,414,669",16.15
2025,5,AR,"1,213,795","1,486,854",13.19
2025,5,AZ,"3,135,557","3,147,932",15.71
2025,5,CA,"5,548,463","14,186,827",33.29
2025,5,CO,"1,463,403","2,506,709",15.58
2025,5,CT,"841,643","1,570,547",31.59
2025,5,DC,"164,763","324,739",20.43
2025,5,DE,"315,056","475,319",18.13
2025,5,FL,"12,193,947","10,577,097",14.97
2025,5,GA,"4,595,450","4,824,445",14.98
2025,5,HI,"220,150","448,182",41.03
2025,5,IA,"944,118","1,469,914",14.16
2025,5,ID,"659,415","884,383",11.88
2025,5,IL,"2,894,912","5,353,144",18.58
2025,5,IN,"2,119,636","2,996,451",16.90
2025,5,KS,"912,743","1,342,774",14.73
2025,5,KY,"1,646,147","1,999,258",13.85
2025,5,LA,"2,333,089","2,156,092",13.26
2025,5,MA,"1,414,192","2,892,700",29.90
2025,5,MD,"1,724,158","2,457,676",19.00
2025,5,ME,"352,816","756,459",27.91
2025,5,MI,"2,246,224","4,536,336",20.23
2025,5,MN,"1,611,000","2,612,642",15.84
2025,5,MO,"2,188,710","2,867,216",13.01
2025,5,MS,"1,337,995","1,341,645",14.84
2025,5,MT,"386,999","565,283",12.88
2025,5,NC,"4,359,626","5,133,483",14.32
2025,5,ND,"318,566","399,374",13.10
2025,5,NE,"675,826","919,870",13.15
2025,5,NH,"322,601","657,322",24.02
2025,5,NJ,"1,901,941","3,754,172",20.48
2025,5,NM,"502,622","919,170",14.50
2025,5,NV,"1,109,246","1,327,283",13.29
2025,5,NY,"3,359,883","7,451,562",26.69
2025,5,OH,"3,328,739","5,080,247",17.09
2025,5,OK,"1,646,930","1,896,260",12.94
2025,5,OR,"1,276,587","1,881,604",15.91
2025,5,PA,"3,383,535","5,528,304",19.29
2025,5,RI,"209,467","464,346",29.00
2025,5,SC,"2,407,248","2,623,516",15.41
2025,5,SD,"345,073","442,951",14.33
2025,5,TN,"2,851,939","3,091,094",13.73
2025,5,TX,"12,973,863","12,652,738",15.53
2025,5,UT,"855,142","1,257,533",12.60
2025,5,VA,"2,969,666","3,677,026",15.26
2025,5,VT,"146,792","311,999",23.75
2025,5,WA,"2,570,914","3,397,352",13.65
2025,5,WI,"1,519,142","2,864,901",18.94
2025,5,WV,"613,488","865,204",16.18
2025,5,WY,"203,611","289,414",13.82
2025,4,AK,"161,625","301,774",25.96
2025,4,AL,"2,093,023","2,413,505",16.81
2025,4,AR,"1,105,281","1,486,598",13.65
2025,4,AZ,"2,379,062","3,146,630",15.67
2025,4,CA,"5,490,331","14,391,259",33.82
2025,4,CO,"1,395,749","2,505,128",15.50
2025,4,CT,"854,094","1,568,513",32.23
2025,4,DC,"158,737","325,128",21.32
2025,4,DE,"340,675","475,471",17.97
2025,4,FL,"9,966,706","10,563,845",15.26
2025,4,GA,"3,980,152","4,817,913",14.82
2025,4,HI,"207,307","447,976",42.44
2025,4,IA,"948,594","1,469,909",13.34
2025,4,ID,"674,908","883,156",11.89
2025,4,IL,"2,820,998","5,364,911",18.28
2025,4,IN,"2,117,967","2,995,225",16.89
2025,4,KS,"832,169","1,339,586",14.82
2025,4,KY,"1,672,137","1,997,292",13.69
2025,4,LA,"1,940,796","2,155,197",13.57
2025,4,MA,"1,541,082","2,913,181",30.63
2025,4,MD,"1,744,392","2,459,998",19.05
2025,4,ME,"399,822","754,998",28.11
2025,4,MI,"2,288,792","4,538,628",19.93
2025,4,MN,"1,590,214","2,610,420",15.08
2025,4,MO,"2,174,252","2,865,110",12.88
2025,4,MS,"1,154,815","1,340,406",15.18
2025,4,MT,"420,210","564,981",12.31
2025,4,NC,"3,964,216","5,128,602",14.53
2025,4,ND,"355,614","399,383",11.72
2025,4,NE,"624,624","920,283",13.06
2025,4,NH,"353,056","655,724",23.66
2025,4,NJ,"1,791,880","3,753,861",20.15
2025,4,NM,"468,551","918,678",14.35
2025,4,NV,"841,123","1,325,201",13.66
2025,4,NY,"3,475,518","7,452,821",25.69
2025,4,OH,"3,397,533","5,081,828",16.32
2025,4,OK,"1,376,832","1,896,342",13.31
2025,4,OR,"1,389,314","1,882,437",15.41
2025,4,PA,"3,666,969","5,532,107",18.96
2025,4,RI,"211,222","462,786",28.89
2025,4,SC,"2,040,254","2,603,372",15.86
2025,4,SD,"380,093","442,471",13.37
2025,4,TN,"2,814,331","3,086,903",13.91
2025,4,TX,"10,523,120","12,649,455",15.52
2025,4,UT,"746,035","1,255,810",12.50
2025,4,VA,"2,848,428","3,675,696",15.28
2025,4,VT,"156,992","311,257",22.97
2025,4,WA,"2,943,520","3,402,481",13.02
2025,4,WI,"1,565,533","2,866,264",18.21
2025,4,WV,"685,469","866,540",16.05
2025,4,WY,"232,177","289,296",13.05
2025,3,AK,"182,764","301,371",25.79
2025,3,AL,"2,245,817","2,410,799",16.56
2025,3,AR,"1,445,394","1,485,556",12.59
2025,3,AZ,"2,265,818","3,145,305",15.14
2025,3,CA,"5,811,559","14,165,126",32.48
2025,3,CO,"1,544,967","2,503,687",15.04
2025,3,CT,"1,005,040","1,565,143",32.50
2025,3,DC,"205,933","324,371",20.40
2025,3,DE,"445,962","474,676",16.71
2025,3,FL,"9,076,439","10,550,599",15.08
2025,3,GA,"4,222,112","4,810,906",14.69
2025,3,HI,"212,251","447,751",41.11
2025,3,IA,"1,218,986","1,470,091",12.48
2025,3,ID,"828,248","881,854",11.57
2025,3,IL,"3,333,753","5,360,640",17.55
2025,3,IN,"2,538,882","2,991,772",16.40
2025,3,KS,"921,213","1,338,486",14.34
2025,3,KY,"2,091,382","1,995,077",13.20
2025,3,LA,"2,034,249","2,153,211",13.06
2025,3,MA,"1,653,768","2,878,319",30.18
2025,3,MD,"2,099,928","2,458,486",18.94
2025,3,ME,"461,126","736,834",28.27
2025,3,MI,"2,597,686","4,538,995",19.35
2025,3,MN,"1,890,959","2,608,732",15.10
2025,3,MO,"2,659,328","2,855,642",12.01
2025,3,MS,"1,284,970","1,339,386",14.64
2025,3,MT,"564,077","564,621",11.93
2025,3,NC,"4,446,172","5,121,606",14.80
2025,3,ND,"460,669","398,987",11.11
2025,3,NE,"902,202","919,410",11.71
2025,3,NH,"417,357","655,726",22.81
2025,3,NJ,"2,020,293","3,750,476",19.87
2025,3,NM,"496,299","918,355",14.78
2025,3,NV,"801,819","1,323,243",14.43
2025,3,NY,"4,041,999","7,460,461",25.45
2025,3,OH,"4,046,796","5,079,580",16.10
2025,3,OK,"1,586,582","1,898,065",12.37
2025,3,OR,"1,744,220","1,886,202",15.16
2025,3,PA,"4,531,969","5,532,740",18.42
2025,3,RI,"242,349","462,398",32.30
2025,3,SC,"2,219,923","2,585,136",15.27
2025,3,SD,"477,538","441,990",12.75
2025,3,TN,"3,573,779","3,072,788",13.37
2025,3,TX,"10,896,871","12,699,624",15.28
2025,3,UT,"818,711","1,254,233",12.39
2025,3,VA,"3,454,963","3,672,236",14.89
2025,3,VT,"189,317","310,762",22.38
2025,3,WA,"3,777,379","3,397,019",12.62
2025,3,WI,"1,800,365","2,858,001",17.75
2025,3,WV,"905,485","867,415",15.89
2025,3,WY,"273,057","289,059",12.41
2025,2,AK,"193,994","301,176",24.76
2025,2,AL,"2,672,465","2,387,065",15.83
2025,2,AR,"1,822,371","1,482,468",11.64
2025,2,AZ,"2,037,285","3,143,109",15.20
2025,2,CA,"6,253,624","13,671,094",31.72
2025,2,CO,"1,591,197","2,501,492",15.08
2025,2,CT,"1,138,138","1,564,495",33.20
2025,2,DC,"222,326","323,022",19.71
2025,2,DE,"522,572","474,061",15.65
2025,2,FL,"9,847,296","10,526,634",14.97
2025,2,GA,"4,913,779","4,798,055",13.56
2025,2,HI,"190,239","447,493",42.69
2025,2,IA,"1,438,619","1,469,473",12.14
2025,2,ID,"994,425","880,198",10.95
2025,2,IL,"3,753,096","5,364,489",16.47
2025,2,IN,"3,232,609","2,988,439",14.64
2025,2,KS,"1,206,285","1,337,990",13.67
2025,2,KY,"2,526,881","1,995,199",12.82
2025,2,LA,"2,531,212","2,150,641",11.84
2025,2,MA,"1,903,997","2,850,353",30.42
2025,2,MD,"2,664,050","2,455,421",18.30
2025,2,ME,"501,065","750,506",26.25
2025,2,MI,"2,851,554","4,538,900",18.89
2025,2,MN,"2,136,278","2,606,524",14.60
2025,2,MO,"3,537,288","2,860,880",11.27
2025,2,MS,"1,626,856","1,335,579",13.34
2025,2,MT,"683,713","564,253",11.60
2025,2,NC,"5,538,756","5,109,808",14.19
2025,2,ND,"599,932","398,931",10.23
2025,2,NE,"1,032,733","919,239",10.85
2025,2,NH,"462,487","655,419",23.01
2025,2,NJ,"2,240,998","3,748,479",19.70
2025,2,NM,"541,947","916,865",14.53
2025,2,NV,"766,038","1,321,118",14.30
2025,2,NY,"4,570,115","7,423,320",26.22
2025,2,OH,"4,872,228","5,089,974",15.83
2025,2,OK,"2,167,992","1,927,374",11.60
2025,2,OR,"2,025,613","1,885,623",14.65
2025,2,PA,"5,335,004","5,531,985",18.00
2025,2,RI,"253,119","462,529",33.29
2025,2,SC,"2,725,808","2,588,557",14.50
2025,2,SD,"569,692","441,191",11.84
2025,2,TN,"4,470,278","3,069,894",12.54
2025,2,TX,"13,166,461","12,546,188",14.88
2025,2,UT,"838,819","1,252,775",12.39
2025,2,VA,"4,409,868","3,669,420",14.22
2025,2,VT,"215,733","310,212",21.99
2025,2,WA,"4,269,252","3,391,748",12.47
2025,2,WI,"1,979,991","2,863,116",17.41
2025,2,WV,"1,144,453","867,857",14.82
2025,2,WY,"326,762","288,858",11.70
2025,1,AK,"212,152","301,191",24.73
2025,1,AL,"3,754,849","2,407,262",15.09
2025,1,AR,"2,083,663","1,482,165",11.28
2025,1,AZ,"2,677,633","3,139,759",14.72
2025,1,CA,"7,917,379","14,377,283",30.28
2025,1,CO,"1,887,332","2,498,866",14.93
2025,1,CT,"1,382,876","1,562,600",30.02
2025,1,DC,"271,038","321,632",18.83
2025,1,DE,"576,012","473,465",15.53
2025,1,FL,"11,077,654","10,519,616",14.42
2025,1,GA,"6,897,529","4,804,357",13.50
2025,1,HI,"240,046","447,479",40.51
2025,1,IA,"1,616,738","1,468,757",11.99
2025,1,ID,"1,121,436","878,896",10.82
2025,1,IL,"4,454,678","5,353,277",15.78
2025,1,IN,"3,777,081","2,986,387",14.55
2025,1,KS,"1,378,945","1,336,768",13.36
2025,1,KY,"3,162,953","1,994,084",12.43
2025,1,LA,"2,984,492","2,150,928",11.10
2025,1,MA,"2,009,196","2,900,553",30.07
2025,1,MD,"3,386,849","2,453,737",18.24
2025,1,ME,"463,639","755,615",26.13
2025,1,MI,"3,228,912","4,538,016",18.48
2025,1,MN,"2,375,375","2,606,048",14.51
2025,1,MO,"3,988,218","2,859,493",11.21
2025,1,MS,"1,889,700","1,336,574",12.74
2025,1,MT,"646,715","563,620",11.38
2025,1,NC,"7,661,069","5,107,526",12.51
2025,1,ND,"647,628","398,982",9.95
2025,1,NE,"1,181,139","918,819",10.53
2025,1,NH,"528,435","655,150",23.40
2025,1,NJ,"2,731,794","3,744,019",19.68
2025,1,NM,"677,708","916,999",13.66
2025,1,NV,"975,244","1,322,742",13.88
2025,1,NY,"5,054,949","7,449,570",25.34
2025,1,OH,"5,878,574","5,084,663",15.62
2025,1,OK,"2,574,829","1,892,039",11.03
2025,1,OR,"2,262,266","1,883,373",14.47
2025,1,PA,"6,356,426","5,524,577",17.56
2025,1,RI,"303,511","462,882",31.66
2025,1,SC,"3,811,508","2,589,874",13.88
2025,1,SD,"595,542","440,623",12.08
2025,1,TN,"4,679,320","3,066,303",12.58
2025,1,TX,"15,011,414","12,584,348",14.67
2025,1,UT,"999,499","1,250,841",12.11
2025,1,VA,"5,971,784","3,669,337",13.94
2025,1,VT,"240,100","310,614",21.74
2025,1,WA,"4,596,220","3,393,617",11.78
2025,1,WI,"2,252,037","2,870,548",17.36
2025,1,WV,"1,512,345","868,095",14.47
2025,1,WY,"362,161","288,775",11.69
2024,12,AK,"211,069","299,425",23.65
2024,12,AL,"2,797,196","2,414,189",14.97
2024,12,AR,"1,498,817","1,486,936",11.77
2024,12,AZ,"2,352,461","3,171,724",15.14
2024,12,CA,"7,063,338","14,449,736",30.62
2024,12,CO,"1,692,224","2,577,211",15.10
2024,12,CT,"1,270,877","1,563,390",28.12
2024,12,DC,"235,238","321,677",18.79
2024,12,DE,"492,907","476,523",16.79
2024,12,FL,"9,448,854","10,539,703",14.19
2024,12,GA,"5,343,245","4,863,135",13.46
2024,12,HI,"225,172","447,400",42.39
2024,12,IA,"1,408,532","1,455,992",12.30
2024,12,ID,"1,030,648","878,443",10.95
2024,12,IL,"3,840,107","5,405,634",15.96
2024,12,IN,"3,135,969","3,073,974",14.33
2024,12,KS,"1,103,955","1,323,221",13.80
2024,12,KY,"2,391,350","2,087,322",13.09
2024,12,LA,"2,236,699","2,154,622",11.81
2024,12,MA,"1,753,014","3,035,821",31.17
2024,12,MD,"2,785,542","2,460,384",18.13
2024,12,ME,"399,049","741,326",26.21
2024,12,MI,"3,029,884","4,529,814",18.42
2024,12,MN,"2,151,915","2,594,437",14.10
2024,12,MO,"3,251,301","2,966,122",11.57
2024,12,MS,"1,412,661","1,346,761",13.57
2024,12,MT,"590,779","561,958",11.88
2024,12,NC,"5,832,116","5,120,207",13.51
2024,12,ND,"570,490","399,308",10.23
2024,12,NE,"1,006,254","912,317",10.58
2024,12,NH,"463,439","654,623",23.68
2024,12,NJ,"2,343,381","3,752,959",19.41
2024,12,NM,"576,558","940,843",14.30
2024,12,NV,"922,745","1,323,834",14.87
2024,12,NY,"4,421,239","7,444,436",24.41
2024,12,OH,"4,833,573","5,157,476",15.88
2024,12,OK,"1,883,184","1,891,106",11.67
2024,12,OR,"2,107,904","1,880,158",14.19
2024,12,PA,"5,295,340","5,541,426",17.56
2024,12,RI,"244,126","461,758",25.40
2024,12,SC,"2,926,676","2,604,974",13.95
2024,12,SD,"520,583","437,440",12.27
2024,12,TN,"3,769,491","3,187,213",12.93
2024,12,TX,"11,067,517","12,658,594",15.36
2024,12,UT,"943,035","1,286,159",12.27
2024,12,VA,"4,614,360","3,675,789",14.37
2024,12,VT,"227,340","324,239",22.05
2024,12,WA,"4,171,854","3,385,940",11.85
2024,12,WI,"2,107,332","2,863,183",16.26
2024,12,WV,"1,198,804","868,091",14.48
2024,12,WY,"303,580","287,693",11.77
2024,11,AK,"187,157","299,738",24.81
2024,11,AL,"2,071,758","2,410,487",15.57
2024,11,AR,"1,104,259","1,484,897",12.64
2024,11,AZ,"2,085,095","3,164,628",15.11
2024,11,CA,"5,801,579","13,740,273",30.18
2024,11,CO,"1,546,584","2,572,557",14.90
2024,11,CT,"902,226","1,560,508",29.15
2024,11,DC,"147,624","320,359",18.93
2024,11,DE,"304,871","475,615",18.22
2024,11,FL,"9,753,140","10,522,932",14.23
2024,11,GA,"3,960,490","4,856,202",14.23
2024,11,HI,"234,302","447,111",39.66
2024,11,IA,"1,004,359","1,457,017",13.18
2024,11,ID,"834,755","876,981",11.28
2024,11,IL,"2,828,203","5,373,656",17.06
2024,11,IN,"2,133,150","3,068,147",16.24
2024,11,KS,"847,621","1,321,889",14.67
2024,11,KY,"1,644,380","2,084,825",13.75
2024,11,LA,"2,005,208","2,153,722",11.99
2024,11,MA,"1,456,038","2,959,937",30.22
2024,11,MD,"1,849,858","2,457,591",18.40
2024,11,ME,"366,410","731,783",25.17
2024,11,MI,"2,412,065","4,529,285",18.84
2024,11,MN,"1,659,342","2,597,848",15.01
2024,11,MO,"2,236,758","2,937,051",12.53
2024,11,MS,"1,166,656","1,346,185",14.17
2024,11,MT,"434,842","561,563",12.51
2024,11,NC,"4,120,191","5,111,445",14.86
2024,11,ND,"427,310","399,447",11.31
2024,11,NE,"665,141","911,740",11.96
2024,11,NH,"348,432","653,418",24.46
2024,11,NJ,"1,862,131","3,744,063",19.58
2024,11,NM,"528,170","940,296",13.98
2024,11,NV,"791,904","1,319,224",15.25
2024,11,NY,"3,407,585","7,431,866",24.74
2024,11,OH,"3,408,870","5,152,331",16.47
2024,11,OK,"1,380,852","1,888,593",12.87
2024,11,OR,"1,710,294","1,872,543",14.91
2024,11,PA,"3,752,557","5,533,988",18.04
2024,11,RI,"207,702","438,433",35.61
2024,11,SC,"1,992,558","2,597,407",15.62
2024,11,SD,"383,021","436,974",13.27
2024,11,TN,"2,549,549","3,183,607",13.56
2024,11,TX,"10,425,468","12,586,383",15.68
2024,11,UT,"824,868","1,283,227",12.20
2024,11,VA,"3,060,926","3,671,070",14.73
2024,11,VT,"157,162","324,299",25.16
2024,11,WA,"3,163,013","3,413,785",12.37
2024,11,WI,"1,630,047","2,852,415",16.93
2024,11,WV,"764,495","866,418",15.84
2024,11,WY,"240,920","287,769",12.75
2024,10,AK,"160,138","299,766",25.64
2024,10,AL,"2,227,308","2,409,918",15.63
2024,10,AR,"1,297,406","1,484,623",12.69
2024,10,AZ,"3,368,466","3,155,428",14.98
2024,10,CA,"7,388,300","14,683,118",32.45
2024,10,CO,"1,486,448","2,569,868",15.26
2024,10,CT,"828,572","1,558,054",30.00
2024,10,DC,"151,019","320,759",18.59
2024,10,DE,"299,473","475,570",18.07
2024,10,FL,"11,520,096","10,509,926",14.16
2024,10,GA,"4,304,235","4,848,259",13.92
2024,10,HI,"235,293","446,957",41.42
2024,10,IA,"945,939","1,454,164",13.17
2024,10,ID,"628,066","874,948",12.20
2024,10,IL,"2,863,716","5,357,535",16.48
2024,10,IN,"2,076,137","3,067,768",15.73
2024,10,KS,"936,488","1,321,047",14.34
2024,10,KY,"1,643,392","2,083,403",13.31
2024,10,LA,"2,406,569","2,155,142",11.95
2024,10,MA,"1,453,165","2,952,031",29.25
2024,10,MD,"1,631,733","2,457,612",19.21
2024,10,ME,"341,629","736,086",25.78
2024,10,MI,"2,234,277","4,525,519",19.40
2024,10,MN,"1,536,838","2,593,872",15.96
2024,10,MO,"2,161,987","2,941,144",12.40
2024,10,MS,"1,377,913","1,345,333",13.69
2024,10,MT,"362,473","560,453",13.32
2024,10,NC,"3,999,226","5,104,682",15.23
2024,10,ND,"321,104","398,994",12.08
2024,10,NE,"722,201","910,669",11.88
2024,10,NH,"324,858","654,106",24.78
2024,10,NJ,"1,820,142","3,749,842",19.56
2024,10,NM,"545,566","940,225",14.08
2024,10,NV,"1,094,911","1,316,898",14.60
2024,10,NY,"3,435,336","7,442,248",25.05
2024,10,OH,"3,437,076","5,149,252",16.57
2024,10,OK,"1,700,545","1,886,490",13.87
2024,10,OR,"1,345,138","1,877,870",15.33
2024,10,PA,"3,402,830","5,535,029",18.43
2024,10,RI,"235,224","465,621",27.76
2024,10,SC,"2,163,648","2,600,010",15.40
2024,10,SD,"348,389","435,459",13.66
2024,10,TN,"2,944,574","3,183,374",12.74
2024,10,TX,"13,543,100","12,649,326",15.67
2024,10,UT,"847,970","1,280,956",12.82
2024,10,VA,"2,809,600","3,668,616",14.79
2024,10,VT,"158,183","324,800",23.04
2024,10,WA,"2,673,750","3,396,111",12.48
2024,10,WI,"1,505,069","2,849,011",17.16
2024,10,WV,"651,799","866,373",16.36
2024,10,WY,"185,968","287,434",14.05
2024,9,AK,"142,401","299,233",25.84
2024,9,AL,"2,873,928","2,407,123",15.45
2024,9,AR,"1,705,011","1,482,421",12.83
2024,9,AZ,"4,363,752","3,144,638",14.91
2024,9,CA,"8,605,663","13,996,719",31.83
2024,9,CO,"1,760,758","2,565,435",15.57
2024,9,CT,"885,150","1,556,385",33.05
2024,9,DC,"203,653","320,427",18.03
2024,9,DE,"425,881","475,042",16.80
2024,9,FL,"13,738,971","10,493,604",14.01
2024,9,GA,"5,174,211","4,837,344",13.63
2024,9,HI,"248,077","446,722",40.88
2024,9,IA,"1,133,175","1,450,566",14.05
2024,9,ID,"662,979","872,793",12.36
2024,9,IL,"3,666,696","5,378,392",15.80
2024,9,IN,"2,687,138","3,064,827",14.82
2024,9,KS,"1,179,179","1,321,505",14.69
2024,9,KY,"2,084,032","2,081,412",12.41
2024,9,LA,"3,127,052","2,153,545",12.04
2024,9,MA,"1,579,696","2,825,649",29.26
2024,9,MD,"1,917,378","2,456,848",18.36
2024,9,ME,"386,452","736,823",26.26
2024,9,MI,"2,655,153","4,520,783",20.12
2024,9,MN,"1,746,628","2,586,042",16.45
2024,9,MO,"2,833,551","2,945,411",14.62
2024,9,MS,"1,794,935","1,345,208",13.15
2024,9,MT,"376,156","558,825",13.45
2024,9,NC,"4,820,904","5,095,259",14.87
2024,9,ND,"328,571","398,258",12.85
2024,9,NE,"805,624","907,069",12.91
2024,9,NH,"341,397","654,342",24.93
2024,9,NJ,"2,014,699","3,745,283",19.32
2024,9,NM,"627,792","938,099",15.04
2024,9,NV,"1,462,536","1,317,660",14.03
2024,9,NY,"4,341,090","7,430,594",25.05
2024,9,OH,"4,136,143","5,147,129",15.75
2024,9,OK,"2,172,080","1,884,127",13.81
2024,9,OR,"1,321,651","1,872,316",15.29
2024,9,PA,"3,918,816","5,530,888",17.78
2024,9,RI,"247,200","467,835",28.71
2024,9,SC,"2,722,672","2,592,082",14.79
2024,9,SD,"390,227","434,705",13.84
2024,9,TN,"3,936,413","3,180,684",12.42
2024,9,TX,"16,336,670","12,637,695",15.06
2024,9,UT,"1,004,199","1,273,226",13.60
2024,9,VA,"3,197,933","3,665,424",15.24
2024,9,VT,"160,455","324,726",22.46
2024,9,WA,"2,454,003","3,365,812",12.39
2024,9,WI,"1,762,170","2,851,947",17.73
2024,9,WV,"689,152","865,734",15.84
2024,9,WY,"190,001","286,732",13.91
2024,8,AK,"146,499","299,249",26.44
2024,8,AL,"3,627,929","2,405,826",14.95
2024,8,AR,"2,007,283","1,481,113",12.51
2024,8,AZ,"5,293,504","3,140,308",14.81
2024,8,CA,"10,015,968","14,390,702",31.22
2024,8,CO,"2,268,492","2,563,320",15.43
2024,8,CT,"1,318,049","1,553,974",29.96
2024,8,DC,"270,439","319,131",17.40
2024,8,DE,"547,363","474,425",15.79
2024,8,FL,"15,073,897","10,475,590",13.60
2024,8,GA,"6,854,784","4,830,611",14.83
2024,8,HI,"242,178","446,274",42.26
2024,8,IA,"1,401,636","1,449,637",14.78
2024,8,ID,"848,511","870,811",12.04
2024,8,IL,"4,898,143","5,357,441",15.62
2024,8,IN,"3,479,552","3,061,583",14.79
2024,8,KS,"1,630,986","1,321,982",14.43
2024,8,KY,"2,662,580","2,080,216",12.66
2024,8,LA,"3,551,292","2,153,509",11.68
2024,8,MA,"1,879,550","2,937,180",29.56
2024,8,MD,"2,685,268","2,454,649",17.83
2024,8,ME,"435,026","754,808",23.77
2024,8,MI,"3,437,333","4,517,513",19.77
2024,8,MN,"2,027,128","2,585,830",16.45
2024,8,MO,"3,706,329","2,929,054",14.72
2024,8,MS,"2,080,828","1,345,211",12.91
2024,8,MT,"480,000","558,380",13.28
2024,8,NC,"6,259,682","5,086,260",13.91
2024,8,ND,"367,589","398,536",12.73
2024,8,NE,"1,020,915","905,756",12.29
2024,8,NH,"475,479","656,340",22.93
2024,8,NJ,"3,575,345","3,750,621",20.63
2024,8,NM,"841,209","938,223",14.91
2024,8,NV,"1,945,473","1,316,859",13.72
2024,8,NY,"5,656,932","7,412,222",25.20
2024,8,OH,"5,457,350","5,143,440",15.73
2024,8,OK,"2,936,900","1,883,425",12.74
2024,8,OR,"1,578,685","1,872,599",14.95
2024,8,PA,"5,287,204","5,528,172",17.57
2024,8,RI,"373,712","464,633",26.83
2024,8,SC,"3,448,604","2,595,805",14.31
2024,8,SD,"448,334","434,608",13.64
2024,8,TN,"4,563,456","3,181,130",12.25
2024,8,TX,"19,878,284","12,658,469",14.88
2024,8,UT,"1,376,263","1,276,449",13.02
2024,8,VA,"4,406,331","3,661,776",14.17
2024,8,VT,"194,728","324,744",21.26
2024,8,WA,"2,779,058","3,372,464",12.16
2024,8,WI,"2,165,124","2,845,143",17.57
2024,8,WV,"956,184","865,559",15.41
2024,8,WY,"235,036","286,787",13.77
2024,7,AK,"144,764","298,818",25.81
2024,7,AL,"3,595,933","2,402,337",15.03
2024,7,AR,"2,051,856","1,478,418",12.45
2024,7,AZ,"5,793,383","3,130,436",14.82
2024,7,CA,"9,978,611","14,442,955",32.73
2024,7,CO,"2,260,916","2,559,544",15.22
2024,7,CT,"1,504,285","1,552,335",28.00
2024,7,DC,"296,221","318,839",17.07
2024,7,DE,"596,581","474,035",15.61
2024,7,FL,"15,303,295","10,455,360",13.71
2024,7,GA,"6,912,948","4,819,521",15.16
2024,7,HI,"226,798","446,321",42.93
2024,7,IA,"1,436,550","1,448,814",14.88
2024,7,ID,"956,383","869,071",12.17
2024,7,IL,"5,034,266","5,380,582",15.19
2024,7,IN,"3,423,532","3,059,661",14.71
2024,7,KS,"1,619,357","1,321,315",14.85
2024,7,KY,"2,806,597","2,078,656",12.45
2024,7,LA,"3,559,492","2,151,284",11.61
2024,7,MA,"2,051,414","2,965,107",28.92
2024,7,MD,"3,089,603","2,452,069",17.24
2024,7,ME,"411,885","754,665",23.15
2024,7,MI,"3,644,634","4,513,935",19.81
2024,7,MN,"2,183,621","2,583,737",16.50
2024,7,MO,"3,749,469","2,938,012",14.61
2024,7,MS,"2,070,292","1,342,587",12.94
2024,7,MT,"460,304","557,666",13.42
2024,7,NC,"6,757,201","5,075,093",13.67
2024,7,ND,"381,583","397,655",12.94
2024,7,NE,"1,100,024","906,450",12.08
2024,7,NH,"552,695","651,546",21.79
2024,7,NJ,"4,267,461","3,727,605",20.70
2024,7,NM,"832,513","935,425",14.89
2024,7,NV,"2,255,493","1,315,092",13.56
2024,7,NY,"6,010,183","7,423,052",25.09
2024,7,OH,"5,547,116","5,142,472",15.78
2024,7,OK,"2,867,979","1,881,332",12.76
2024,7,OR,"1,741,390","1,870,590",14.94
2024,7,PA,"5,980,919","5,530,383",17.43
2024,7,RI,"379,812","456,378",25.76
2024,7,SC,"3,803,692","2,586,292",13.82
2024,7,SD,"456,891","433,836",13.53
2024,7,TN,"4,779,742","3,179,722",12.16
2024,7,TX,"18,865,604","12,636,608",14.70
2024,7,UT,"1,484,757","1,273,943",12.52
2024,7,VA,"4,816,598","3,657,458",14.17
2024,7,VT,"217,319","324,682",21.10
2024,7,WA,"3,018,040","3,371,697",12.04
2024,7,WI,"2,262,186","2,842,266",17.46
2024,7,WV,"1,050,284","865,630",15.12
2024,7,WY,"240,785","286,578",13.42
2024,6,AK,"139,357","298,126",25.53
2024,6,AL,"3,200,154","2,393,420",15.12
2024,6,AR,"1,699,696","1,475,726",12.41
2024,6,AZ,"4,690,428","3,125,596",15.11
2024,6,CA,"6,665,155","13,964,453",33.24
2024,6,CO,"1,977,583","2,554,167",14.96
2024,6,CT,"1,169,811","1,552,247",25.97
2024,6,DC,"210,448","317,950",17.16
2024,6,DE,"446,448","473,171",16.42
2024,6,FL,"13,861,436","10,433,304",13.86
2024,6,GA,"6,289,118","4,809,483",15.48
2024,6,HI,"220,806","445,403",42.65
2024,6,IA,"1,265,673","1,445,445",14.76
2024,6,ID,"725,210","865,941",12.20
2024,6,IL,"4,725,373","5,396,587",16.01
2024,6,IN,"3,052,647","3,099,518",14.81
2024,6,KS,"1,555,726","1,316,840",14.11
2024,6,KY,"2,305,475","2,076,901",12.87
2024,6,LA,"3,141,080","2,148,046",11.53
2024,6,MA,"1,620,253","2,841,022",28.27
2024,6,MD,"2,478,246","2,449,140",17.41
2024,6,ME,"356,957","727,495",22.40
2024,6,MI,"3,156,167","4,511,908",19.99
2024,6,MN,"1,731,579","2,576,127",16.54
2024,6,MO,"3,466,731","2,931,911",14.54
2024,6,MS,"1,785,813","1,340,607",13.34
2024,6,MT,"373,699","556,545",13.56
2024,6,NC,"5,911,128","5,062,024",13.45
2024,6,ND,"296,942","397,220",13.67
2024,6,NE,"846,335","902,881",12.70
2024,6,NH,"393,600","653,527",22.52
2024,6,NJ,"3,334,862","3,738,991",19.90
2024,6,NM,"747,368","934,146",14.06
2024,6,NV,"1,784,873","1,312,957",15.50
2024,6,NY,"4,388,936","7,412,499",24.60
2024,6,OH,"4,788,348","5,139,359",15.83
2024,6,OK,"2,527,752","1,876,662",12.18
2024,6,OR,"1,328,020","1,865,713",15.21
2024,6,PA,"4,592,056","5,531,670",17.67
2024,6,RI,"241,294","451,693",27.27
2024,6,SC,"3,259,378","2,630,464",13.90
2024,6,SD,"370,941","432,435",13.96
2024,6,TN,"3,729,952","3,170,177",12.37
2024,6,TX,"17,114,451","12,574,017",14.55
2024,6,UT,"1,189,450","1,272,539",11.88
2024,6,VA,"4,205,075","3,651,188",15.10
2024,6,VT,"174,235","324,863",21.76
2024,6,WA,"2,462,583","3,341,970",12.31
2024,6,WI,"1,887,276","2,841,074",17.62
2024,6,WV,"828,111","865,365",15.45
2024,6,WY,"206,426","286,042",12.87
2024,5,AK,"148,978","298,013",25.15
2024,5,AL,"2,514,122","2,393,561",14.82
2024,5,AR,"1,219,189","1,471,931",12.32
2024,5,AZ,"3,099,915","3,119,905",15.45
2024,5,CA,"5,235,225","14,397,201",34.55
2024,5,CO,"1,444,808","2,552,113",14.52
2024,5,CT,"879,651","1,551,218",26.75
2024,5,DC,"171,969","317,990",17.84
2024,5,DE,"325,379","472,905",17.39
2024,5,FL,"12,265,053","10,413,640",13.61
2024,5,GA,"4,625,637","4,801,627",14.86
2024,5,HI,"210,141","446,599",44.28
2024,5,IA,"978,119","1,448,964",14.15
2024,5,ID,"642,749","865,560",11.48
2024,5,IL,"3,568,900","5,387,901",16.52
2024,5,IN,"2,299,952","3,008,410",15.26
2024,5,KS,"965,487","1,315,164",14.00
2024,5,KY,"1,849,551","2,075,782",12.93
2024,5,LA,"2,293,279","2,145,270",11.61
2024,5,MA,"1,438,747","2,891,300",28.77
2024,5,MD,"1,849,863","2,448,808",17.62
2024,5,ME,"390,344","753,464",20.94
2024,5,MI,"2,468,040","4,512,828",19.56
2024,5,MN,"1,520,252","2,582,254",15.86
2024,5,MO,"2,390,183","2,931,692",12.46
2024,5,MS,"1,340,477","1,337,465",13.80
2024,5,MT,"392,540","556,692",13.24
2024,5,NC,"4,538,774","5,052,397",13.92
2024,5,ND,"302,100","397,751",13.10
2024,5,NE,"673,861","905,502",11.96
2024,5,NH,"326,017","652,184",23.11
2024,5,NJ,"2,134,249","3,726,957",18.57
2024,5,NM,"522,111","935,940",13.63
2024,5,NV,"1,068,334","1,308,156",16.18
2024,5,NY,"3,351,297","7,418,313",23.68
2024,5,OH,"3,624,735","5,138,404",16.56
2024,5,OK,"1,750,854","1,874,948",11.49
2024,5,OR,"1,346,414","1,867,765",15.12
2024,5,PA,"3,594,174","5,536,740",18.56
2024,5,RI,"207,931","455,270",28.29
2024,5,SC,"2,453,333","2,535,375",13.78
2024,5,SD,"339,797","433,110",13.43
2024,5,TN,"2,922,086","3,166,931",12.27
2024,5,TX,"12,784,104","12,534,929",14.83
2024,5,UT,"787,396","1,270,855",11.49
2024,5,VA,"3,074,330","3,648,012",14.81
2024,5,VT,"152,253","324,346",22.15
2024,5,WA,"2,718,271","3,383,182",12.14
2024,5,WI,"1,518,806","2,845,315",17.86
2024,5,WV,"683,583","865,488",15.95
2024,5,WY,"201,358","286,303",12.78
2024,4,AK,"162,952","297,549",25.01
2024,4,AL,"1,931,763","2,391,060",15.95
2024,4,AR,"1,077,504","1,471,928",12.65
2024,4,AZ,"2,297,062","3,116,204",15.20
2024,4,CA,"5,379,801","14,129,732",34.49
2024,4,CO,"1,352,945","2,549,005",14.49
2024,4,CT,"876,015","1,549,889",29.59
2024,4,DC,"156,072","317,645",17.93
2024,4,DE,"340,761","472,175",17.66
2024,4,FL,"9,218,294","10,394,855",14.63
2024,4,GA,"3,807,454","4,791,605",14.04
2024,4,HI,"194,261","446,435",45.36
2024,4,IA,"1,009,799","1,445,522",13.01
2024,4,ID,"671,461","863,249",11.37
2024,4,IL,"2,776,813","5,468,329",16.51
2024,4,IN,"2,106,110","3,049,113",15.33
2024,4,KS,"804,704","1,314,041",14.23
2024,4,KY,"1,638,448","2,072,484",12.99
2024,4,LA,"1,762,504","2,142,646",12.21
2024,4,MA,"1,466,684","2,891,634",29.51
2024,4,MD,"1,718,731","2,448,461",17.85
2024,4,ME,"431,459","752,368",21.49
2024,4,MI,"2,240,953","4,510,781",19.38
2024,4,MN,"1,573,841","2,572,948",15.26
2024,4,MO,"2,166,319","2,928,379",12.35
2024,4,MS,"1,057,078","1,336,277",14.58
2024,4,MT,"434,059","555,330",12.50
2024,4,NC,"3,819,617","5,042,460",14.72
2024,4,ND,"359,903","397,232",11.40
2024,4,NE,"684,344","902,927",11.58
2024,4,NH,"349,143","650,804",22.84
2024,4,NJ,"1,830,138","3,729,113",18.46
2024,4,NM,"452,071","934,084",13.81
2024,4,NV,"799,474","1,305,640",16.59
2024,4,NY,"3,494,452","7,412,195",23.03
2024,4,OH,"3,475,833","5,138,230",16.66
2024,4,OK,"1,365,184","1,872,815",12.23
2024,4,OR,"1,441,925","1,862,717",14.69
2024,4,PA,"3,735,150","5,557,305",18.31
2024,4,RI,"210,004","458,103",28.15
2024,4,SC,"1,962,911","2,569,555",14.60
2024,4,SD,"393,140","431,761",12.67
2024,4,TN,"2,769,757","3,156,290",12.58
2024,4,TX,"9,754,683","12,485,426",15.13
2024,4,UT,"721,292","1,267,473",11.61
2024,4,VA,"2,749,949","3,642,727",14.78
2024,4,VT,"163,315","323,239",21.70
2024,4,WA,"3,040,018","3,356,918",11.82
2024,4,WI,"1,540,922","2,837,689",17.35
2024,4,WV,"679,318","866,120",15.53
2024,4,WY,"227,636","285,965",12.17
2024,3,AK,"189,925","297,047",24.84
2024,3,AL,"2,039,486","2,384,873",15.96
2024,3,AR,"1,187,995","1,469,400",12.92
2024,3,AZ,"2,145,612","3,120,656",14.88
2024,3,CA,"5,923,292","14,176,410",32.46
2024,3,CO,"1,522,750","2,546,437",14.41
2024,3,CT,"981,323","1,546,987",29.12
2024,3,DC,"176,729","317,391",17.71
2024,3,DE,"444,268","471,443",16.70
2024,3,FL,"9,034,586","10,377,603",14.65
2024,3,GA,"3,914,295","4,780,730",13.49
2024,3,HI,"194,502","446,394",45.39
2024,3,IA,"1,120,028","1,444,178",12.77
2024,3,ID,"843,076","861,533",10.99
2024,3,IL,"3,038,790","5,423,929",15.95
2024,3,IN,"2,372,349","3,044,896",14.50
2024,3,KS,"840,416","1,310,651",14.07
2024,3,KY,"1,869,563","2,071,488",12.99
2024,3,LA,"1,792,718","2,140,365",12.52
2024,3,MA,"1,660,660","2,948,348",29.70
2024,3,MD,"2,066,318","2,447,168",18.07
2024,3,ME,"435,485","745,472",23.84
2024,3,MI,"2,559,869","4,510,345",18.85
2024,3,MN,"1,798,840","2,569,279",14.88
2024,3,MO,"2,401,122","2,925,247",12.40
2024,3,MS,"1,132,988","1,334,619",14.16
2024,3,MT,"517,793","554,499",12.20
2024,3,NC,"4,048,909","5,029,672",15.34
2024,3,ND,"475,892","396,863",10.51
2024,3,NE,"781,814","900,426",11.34
2024,3,NH,"389,744","650,373",22.30
2024,3,NJ,"1,817,248","3,711,430",18.01
2024,3,NM,"473,445","933,045",14.15
2024,3,NV,"767,419","1,303,392",16.81
2024,3,NY,"3,757,874","7,401,596",23.69
2024,3,OH,"3,790,013","5,134,203",16.20
2024,3,OK,"1,484,424","1,870,322",11.60
2024,3,OR,"1,769,332","1,860,360",14.40
2024,3,PA,"4,356,483","5,536,131",17.97
2024,3,RI,"229,682","462,392",30.47
2024,3,SC,"2,026,468","2,548,604",14.56
2024,3,SD,"448,566","431,190",12.13
2024,3,TN,"3,038,422","3,149,045",12.98
2024,3,TX,"9,450,324","12,407,521",15.02
2024,3,UT,"822,528","1,265,085",11.48
2024,3,VA,"3,344,298","3,638,698",14.54
2024,3,VT,"189,703","322,835",21.56
2024,3,WA,"3,665,234","3,350,646",11.70
2024,3,WI,"1,727,986","2,827,545",17.01
2024,3,WV,"864,548","866,806",15.29
2024,3,WY,"277,912","285,702",11.65
2024,2,AK,"209,784","296,694",23.00
2024,2,AL,"2,557,255","2,383,224",15.09
2024,2,AR,"1,664,291","1,468,821",11.94
2024,2,AZ,"2,200,301","3,117,067",14.41
2024,2,CA,"6,270,745","13,894,929",31.41
2024,2,CO,"1,543,660","2,543,550",14.48
2024,2,CT,"1,051,802","1,544,635",29.51
2024,2,DC,"204,413","316,812",17.15
2024,2,DE,"463,977","470,837",15.83
2024,2,FL,"8,954,709","10,359,495",15.24
2024,2,GA,"4,719,555","4,775,762",12.92
2024,2,HI,"194,090","446,256",44.09
2024,2,IA,"1,210,779","1,441,827",12.07
2024,2,ID,"882,813","859,619",11.18
2024,2,IL,"3,299,250","5,371,310",15.60
2024,2,IN,"2,841,204","3,039,350",14.07
2024,2,KS,"969,732","1,310,002",13.60
2024,2,KY,"2,254,371","2,067,883",12.47
2024,2,LA,"2,287,174","2,137,880",11.39
2024,2,MA,"1,751,571","2,949,874",29.32
2024,2,MD,"2,380,151","2,444,678",17.58
2024,2,ME,"474,911","737,792",24.80
2024,2,MI,"2,565,440","4,506,091",18.72
2024,2,MN,"1,856,835","2,564,578",14.58
2024,2,MO,"2,884,422","2,921,352",11.27
2024,2,MS,"1,530,065","1,333,350",13.15
2024,2,MT,"607,346","553,574",11.95
2024,2,NC,"4,992,833","5,021,283",14.88
2024,2,ND,"466,582","396,401",10.53
2024,2,NE,"846,237","899,200",10.47
2024,2,NH,"425,100","650,080",23.56
2024,2,NJ,"2,139,752","3,721,450",17.65
2024,2,NM,"547,410","932,998",13.73
2024,2,NV,"799,318","1,300,972",16.69
2024,2,NY,"4,175,362","7,398,435",24.30
2024,2,OH,"4,337,763","5,132,390",15.67
2024,2,OK,"1,718,753","1,868,771",11.09
2024,2,OR,"1,820,209","1,857,154",14.32
2024,2,PA,"4,682,263","5,524,356",17.27
2024,2,RI,"246,720","448,136",31.17
2024,2,SC,"2,490,674","2,566,676",13.94
2024,2,SD,"485,225","430,340",11.90
2024,2,TN,"4,196,815","3,129,554",11.81
2024,2,TX,"11,404,460","12,369,297",14.48
2024,2,UT,"849,018","1,263,251",11.51
2024,2,VA,"3,980,979","3,637,652",13.80
2024,2,VT,"204,078","322,238",21.06
2024,2,WA,"3,807,781","3,333,070",11.38
2024,2,WI,"1,733,721","2,831,691",16.98
2024,2,WV,"1,006,916","867,824",13.95
2024,2,WY,"288,576","285,235",11.56
2024,1,AK,"227,570","297,077",23.91
2024,1,AL,"3,462,238","2,382,033",14.48
2024,1,AR,"2,067,333","1,467,109",11.27
2024,1,AZ,"2,744,953","3,110,190",14.06
2024,1,CA,"7,522,863","14,339,921",29.62
2024,1,CO,"1,836,522","2,539,521",14.22
2024,1,CT,"1,274,142","1,543,323",27.34
2024,1,DC,"221,980","316,383",16.88
2024,1,DE,"486,605","470,344",15.62
2024,1,FL,"10,198,391","10,344,430",14.72
2024,1,GA,"6,156,982","4,771,724",12.27
2024,1,HI,"225,973","446,258",44.45
2024,1,IA,"1,554,263","1,443,603",11.78
2024,1,ID,"1,105,617","858,743",10.71
2024,1,IL,"4,310,463","5,408,385",14.77
2024,1,IN,"3,440,901","3,037,330",13.70
2024,1,KS,"1,386,338","1,307,361",12.91
2024,1,KY,"2,935,970","2,066,189",12.24
2024,1,LA,"2,811,774","2,136,872",10.93
2024,1,MA,"1,881,843","2,896,461",28.35
2024,1,MD,"2,874,665","2,443,637",17.45
2024,1,ME,"471,884","738,500",27.39
2024,1,MI,"3,101,118","4,507,569",18.49
2024,1,MN,"2,275,939","2,567,228",14.24
2024,1,MO,"3,978,723","2,911,469",10.66
2024,1,MS,"1,843,497","1,331,890",12.66
2024,1,MT,"670,250","553,668",11.97
2024,1,NC,"6,644,361","5,012,274",12.84
2024,1,ND,"612,689","396,371",9.95
2024,1,NE,"1,238,265","900,027",9.64
2024,1,NH,"457,540","649,949",24.85
2024,1,NJ,"2,553,554","3,729,314",17.82
2024,1,NM,"653,405","929,841",13.08
2024,1,NV,"939,012","1,300,380",16.37
2024,1,NY,"4,417,089","7,415,039",23.49
2024,1,OH,"5,337,538","5,130,557",15.47
2024,1,OK,"2,539,773","1,867,239",10.44
2024,1,OR,"2,256,784","1,856,323",13.92
2024,1,PA,"5,674,767","5,528,851",17.37
2024,1,RI,"287,925","458,338",31.37
2024,1,SC,"3,294,203","2,555,329",13.28
2024,1,SD,"584,953","430,654",11.33
2024,1,TN,"4,627,248","3,125,474",11.87
2024,1,TX,"14,427,079","12,376,052",14.35
2024,1,UT,"974,472","1,261,123",11.31
2024,1,VA,"5,012,446","3,635,348",13.33
2024,1,VT,"231,383","322,512",20.80
2024,1,WA,"4,673,161","3,356,101",11.07
2024,1,WI,"2,175,921","2,839,205",16.51
2024,1,WV,"1,301,309","868,064",13.62
2024,1,WY,"369,852","285,478",10.98
2023,12,AK,"211,544","296,928",24.22
2023,12,AL,"2,662,008","2,354,106",14.16
2023,12,AR,"1,489,393","1,466,787",11.54
2023,12,AZ,"2,415,126","3,102,198",14.42
2023,12,CA,"6,546,375","14,151,928",29.12
2023,12,CO,"1,726,254","2,534,432",14.18
2023,12,CT,"1,159,978","1,545,245",26.89
2023,12,DC,"187,079","315,506",17.82
2023,12,DE,"429,096","471,241",16.30
2023,12,FL,"9,107,457","10,299,290",15.20
2023,12,GA,"4,968,881","4,739,898",12.72
2023,12,HI,"240,423","446,136",41.60
2023,12,IA,"1,336,618","1,443,740",11.95
2023,12,ID,"1,008,204","856,101",11.53
2023,12,IL,"3,604,648","5,419,207",14.84
2023,12,IN,"2,733,245","3,037,338",14.58
2023,12,KS,"1,031,082","1,314,048",12.72
2023,12,KY,"2,205,134","2,068,573",12.34
2023,12,LA,"2,197,200","2,138,428",11.21
2023,12,MA,"1,606,248","2,888,760",28.94
2023,12,MD,"2,430,263","2,442,056",17.46
2023,12,ME,"420,553","739,183",27.99
2023,12,MI,"2,835,016","4,505,159",18.70
2023,12,MN,"2,037,697","2,567,314",14.09
2023,12,MO,"2,972,886","2,929,659",11.33
2023,12,MS,"1,385,924","1,339,792",13.06
2023,12,MT,"580,509","553,871",12.58
2023,12,NC,"5,532,748","5,000,381",12.97
2023,12,ND,"499,792","396,494",10.27
2023,12,NE,"956,970","898,415",10.47
2023,12,NH,"432,241","648,041",24.74
2023,12,NJ,"2,287,456","3,721,489",17.56
2023,12,NM,"601,305","932,589",13.37
2023,12,NV,"902,148","1,297,473",15.55
2023,12,NY,"4,294,034","7,395,212",22.42
2023,12,OH,"4,366,965","5,127,932",15.57
2023,12,OK,"1,877,933","1,866,788",10.79
2023,12,OR,"2,009,770","1,854,108",12.61
2023,12,PA,"4,921,081","5,527,573",17.52
2023,12,RI,"238,159","428,060",30.86
2023,12,SC,"2,735,754","2,537,066",13.26
2023,12,SD,"470,789","430,854",11.80
2023,12,TN,"3,467,146","3,132,292",12.11
2023,12,TX,"11,071,623","12,246,929",14.64
2023,12,UT,"949,945","1,257,821",10.87
2023,12,VA,"4,192,866","3,633,002",13.54
2023,12,VT,"210,133","322,650",21.09
2023,12,WA,"3,991,432","3,340,072",10.98
2023,12,WI,"1,970,865","2,828,611",16.58
2023,12,WV,"1,114,769","866,457",13.35
2023,12,WY,"292,199","285,001",11.32
2023,11,AK,"180,397","297,149",24.13
2023,11,AL,"2,126,834","2,366,129",14.98
2023,11,AR,"1,159,483","1,467,340",12.31
2023,11,AZ,"2,116,373","3,096,203",14.55
2023,11,CA,"6,216,852","13,871,546",29.54
2023,11,CO,"1,402,900","2,531,440",14.58
2023,11,CT,"975,337","1,543,776",26.98
2023,11,DC,"162,470","315,050",16.99
2023,11,DE,"309,964","467,499",17.22
2023,11,FL,"9,108,234","10,288,574",15.37
2023,11,GA,"4,019,260","4,737,792",13.16
2023,11,HI,"232,652","445,938",43.53
2023,11,IA,"1,007,990","1,441,411",12.91
2023,11,ID,"820,944","854,302",11.48
2023,11,IL,"3,121,920","5,414,681",15.65
2023,11,IN,"2,378,455","3,031,226",14.64
2023,11,KS,"895,645","1,311,448",13.04
2023,11,KY,"1,774,707","2,065,629",13.29
2023,11,LA,"1,938,407","2,142,781",11.45
2023,11,MA,"1,404,554","2,899,569",28.41
2023,11,MD,"2,031,054","2,440,483",17.38
2023,11,ME,"392,665","739,207",28.46
2023,11,MI,"2,519,649","4,501,539",18.59
2023,11,MN,"1,708,468","2,563,458",14.52
2023,11,MO,"2,429,156","2,914,140",11.98
2023,11,MS,"1,164,978","1,340,626",13.50
2023,11,MT,"459,802","553,390",12.58
2023,11,NC,"4,379,980","4,996,406",13.39
2023,11,ND,"449,467","396,270",10.77
2023,11,NE,"727,496","897,950",11.26
2023,11,NH,"355,743","647,490",25.58
2023,11,NJ,"1,952,527","3,716,528",17.47
2023,11,NM,"502,598","931,996",14.20
2023,11,NV,"804,602","1,294,977",17.11
2023,11,NY,"3,608,974","7,404,622",22.85
2023,11,OH,"3,688,386","5,124,650",15.65
2023,11,OK,"1,479,534","1,866,450",11.88
2023,11,OR,"1,720,818","1,851,168",12.99
2023,11,PA,"4,063,558","5,525,510",18.11
2023,11,RI,"221,778","456,946",29.78
2023,11,SC,"2,141,050","2,557,445",13.76
2023,11,SD,"395,234","429,788",12.21
2023,11,TN,"2,761,293","3,129,631",12.60
2023,11,TX,"10,148,357","12,257,011",14.79
2023,11,UT,"806,786","1,254,295",11.05
2023,11,VA,"3,379,217","3,628,293",13.93
2023,11,VT,"183,055","323,004",21.57
2023,11,WA,"3,312,643","3,327,648",11.07
2023,11,WI,"1,674,387","2,828,207",16.85
2023,11,WV,"851,174","865,596",14.42
2023,11,WY,"238,783","284,791",11.59
2023,10,AK,"161,055","297,475",24.04
2023,10,AL,"2,115,965","2,365,709",15.08
2023,10,AR,"1,288,892","1,466,633",12.73
2023,10,AZ,"2,992,395","3,085,531",14.53
2023,10,CA,"6,026,426","14,124,238",31.78
2023,10,CO,"1,425,378","2,527,151",14.50
2023,10,CT,"837,081","1,548,885",29.01
2023,10,DC,"159,783","314,286",18.03
2023,10,DE,"325,186","470,216",17.43
2023,10,FL,"11,172,337","10,275,219",15.45
2023,10,GA,"3,983,155","4,733,001",13.69
2023,10,HI,"239,293","445,874",42.68
2023,10,IA,"951,399","1,440,450",13.46
2023,10,ID,"624,591","852,354",12.07
2023,10,IL,"2,969,826","5,392,511",15.75
2023,10,IN,"2,171,701","3,029,847",15.17
2023,10,KS,"912,193","1,310,155",13.45
2023,10,KY,"1,639,376","2,064,795",13.17
2023,10,LA,"2,467,404","2,146,349",11.95
2023,10,MA,"1,383,583","2,901,089",28.19
2023,10,MD,"1,654,965","2,436,540",18.38
2023,10,ME,"346,782","748,723",29.06
2023,10,MI,"2,378,501","4,504,581",19.20
2023,10,MN,"1,571,147","2,563,521",15.45
2023,10,MO,"2,259,720","2,914,391",12.20
2023,10,MS,"1,392,053","1,340,502",13.47
2023,10,MT,"364,699","551,847",12.93
2023,10,NC,"3,815,641","4,987,969",14.40
2023,10,ND,"338,207","396,043",11.71
2023,10,NE,"690,570","897,379",11.67
2023,10,NH,"323,110","650,052",25.49
2023,10,NJ,"1,878,003","3,708,316",17.46
2023,10,NM,"510,060","930,805",14.12
2023,10,NV,"886,407","1,293,899",14.63
2023,10,NY,"3,651,021","7,396,581",21.99
2023,10,OH,"3,489,835","5,118,933",15.89
2023,10,OK,"1,595,442","1,863,913",13.04
2023,10,OR,"1,385,041","1,849,731",13.29
2023,10,PA,"3,531,121","5,527,090",18.44
2023,10,RI,"218,692","457,139",30.08
2023,10,SC,"2,053,164","2,523,411",14.00
2023,10,SD,"344,656","429,476",13.05
2023,10,TN,"2,881,820","3,131,700",12.49
2023,10,TX,"13,099,635","12,347,746",14.89
2023,10,UT,"761,672","1,251,649",11.23
2023,10,VA,"2,790,178","3,633,122",14.16
2023,10,VT,"159,249","323,153",22.11
2023,10,WA,"2,660,023","3,337,563",11.33
2023,10,WI,"1,580,539","2,816,635",17.14
2023,10,WV,"657,924","864,764",15.05
2023,10,WY,"196,880","284,736",12.49
2023,9,AK,"144,566","297,018",24.57
2023,9,AL,"3,013,994","2,363,409",14.89
2023,9,AR,"1,853,964","1,465,519",12.69
2023,9,AZ,"3,894,192","3,075,478",14.38
2023,9,CA,"7,910,991","13,888,685",30.01
2023,9,CO,"1,693,954","2,523,055",15.03
2023,9,CT,"1,050,400","1,536,985",29.31
2023,9,DC,"267,542","313,580",16.29
2023,9,DE,"480,291","469,631",15.81
2023,9,FL,"13,893,964","10,257,786",15.48
2023,9,GA,"5,439,102","4,725,114",13.97
2023,9,HI,"226,765","445,802",41.52
2023,9,IA,"1,134,079","1,437,498",14.12
2023,9,ID,"617,353","850,374",11.53
2023,9,IL,"3,631,631","5,396,260",14.70
2023,9,IN,"2,663,124","3,025,861",14.10
2023,9,KS,"1,345,310","1,311,211",13.20
2023,9,KY,"2,065,048","2,063,773",12.61
2023,9,LA,"3,598,165","2,144,859",11.42
2023,9,MA,"1,771,681","2,871,766",28.18
2023,9,MD,"2,211,570","2,434,542",16.95
2023,9,ME,"402,234","721,281",26.79
2023,9,MI,"2,537,157","4,495,626",19.49
2023,9,MN,"1,763,130","2,557,479",15.44
2023,9,MO,"2,978,989","2,930,846",14.03
2023,9,MS,"2,038,280","1,340,520",12.85
2023,9,MT,"383,920","550,658",13.15
2023,9,NC,"5,092,920","4,975,217",13.72
2023,9,ND,"308,097","395,253",12.83
2023,9,NE,"873,962","894,547",12.32
2023,9,NH,"387,174","646,277",23.24
2023,9,NJ,"2,591,405","3,705,546",17.97
2023,9,NM,"649,381","929,467",14.88
2023,9,NV,"1,214,179","1,293,079",16.94
2023,9,NY,"4,622,050","7,399,254",23.24
2023,9,OH,"4,042,344","5,114,140",15.59
2023,9,OK,"2,320,574","1,861,855",13.03
2023,9,OR,"1,285,319","1,846,169",13.19
2023,9,PA,"4,301,700","5,518,510",18.02
2023,9,RI,"291,764","454,370",25.27
2023,9,SC,"2,800,475","2,534,380",14.04
2023,9,SD,"383,155","428,468",13.24
2023,9,TN,"4,024,173","3,129,749",11.78
2023,9,TX,"18,996,593","12,291,779",14.68
2023,9,UT,"924,830","1,248,590",11.85
2023,9,VA,"3,513,697","3,615,758",14.69
2023,9,VT,"167,668","323,373",21.21
2023,9,WA,"2,402,144","3,322,671",11.38
2023,9,WI,"1,716,741","2,823,068",17.41
2023,9,WV,"706,458","864,243",14.35
2023,9,WY,"178,807","284,224",12.64
2023,8,AK,"146,973","296,846",25.14
2023,8,AL,"3,713,061","2,363,477",14.19
2023,8,AR,"2,167,459","1,464,399",12.47
2023,8,AZ,"5,300,349","3,067,436",13.83
2023,8,CA,"9,806,881","14,571,312",29.97
2023,8,CO,"2,246,385","2,521,788",14.45
2023,8,CT,"1,255,317","1,541,540",27.94
2023,8,DC,"242,123","313,132",16.48
2023,8,DE,"536,938","469,412",15.66
2023,8,FL,"15,583,171","10,245,414",14.89
2023,8,GA,"6,885,562","4,719,910",14.12
2023,8,HI,"239,988","446,088",39.77
2023,8,IA,"1,444,400","1,437,119",15.17
2023,8,ID,"826,637","848,612",11.56
2023,8,IL,"4,809,256","5,381,101",13.74
2023,8,IN,"3,260,440","3,022,054",14.17
2023,8,KS,"1,708,586","1,310,464",13.35
2023,8,KY,"2,565,827","2,060,679",12.33
2023,8,LA,"4,051,913","2,144,577",11.06
2023,8,MA,"2,035,087","2,890,134",28.02
2023,8,MD,"2,631,751","2,433,030",16.39
2023,8,ME,"447,043","744,344",25.37
2023,8,MI,"3,055,878","4,497,032",19.57
2023,8,MN,"2,229,828","2,558,353",15.61
2023,8,MO,"3,699,095","2,907,379",14.25
2023,8,MS,"2,285,305","1,340,464",12.70
2023,8,MT,"479,673","550,260",12.93
2023,8,NC,"6,415,190","4,968,991",12.70
2023,8,ND,"365,674","395,260",12.55
2023,8,NE,"1,042,400","895,656",12.19
2023,8,NH,"438,868","649,259",26.13
2023,8,NJ,"3,270,936","3,716,575",18.51
2023,8,NM,"845,397","929,715",14.41
2023,8,NV,"1,737,793","1,290,335",16.48
2023,8,NY,"5,343,094","7,386,771",22.26
2023,8,OH,"4,998,173","5,111,566",15.63
2023,8,OK,"2,921,622","1,861,060",13.10
2023,8,OR,"1,701,851","1,845,799",13.02
2023,8,PA,"5,095,488","5,516,671",17.89
2023,8,RI,"316,666","444,032",25.54
2023,8,SC,"3,675,089","2,537,123",13.41
2023,8,SD,"458,585","428,055",13.07
2023,8,TN,"4,441,843","3,120,997",11.93
2023,8,TX,"22,481,421","12,337,105",14.17
2023,8,UT,"1,283,713","1,247,493",11.67
2023,8,VA,"4,608,194","3,645,545",13.85
2023,8,VT,"181,136","323,282",20.47
2023,8,WA,"2,858,402","3,331,614",11.14
2023,8,WI,"2,191,764","2,813,347",17.19
2023,8,WV,"917,325","864,227",14.20
2023,8,WY,"214,644","284,259",12.45
2023,7,AK,"142,451","296,412",24.96
2023,7,AL,"3,564,743","2,358,404",14.48
2023,7,AR,"1,978,673","1,460,650",12.53
2023,7,AZ,"5,801,019","3,062,204",14.13
2023,7,CA,"8,286,975","13,879,912",29.46
2023,7,CO,"2,117,980","2,518,007",14.14
2023,7,CT,"1,520,912","1,541,074",26.63
2023,7,DC,"250,236","312,468",16.61
2023,7,DE,"527,058","468,894",15.09
2023,7,FL,"14,987,003","10,228,399",14.94
2023,7,GA,"6,870,504","4,708,418",14.33
2023,7,HI,"235,099","446,722",39.70
2023,7,IA,"1,407,626","1,436,736",15.17
2023,7,ID,"912,068","846,081",11.76
2023,7,IL,"4,991,259","5,398,668",14.81
2023,7,IN,"3,320,698","3,017,228",14.47
2023,7,KS,"1,668,216","1,311,797",13.48
2023,7,KY,"2,608,265","2,056,861",12.51
2023,7,LA,"3,762,848","2,140,096",11.26
2023,7,MA,"2,021,194","2,889,107",27.43
2023,7,MD,"2,885,582","2,431,394",16.02
2023,7,ME,"412,916","723,039",27.73
2023,7,MI,"3,519,461","4,498,008",19.43
2023,7,MN,"2,078,396","2,554,727",15.60
2023,7,MO,"3,813,918","2,905,992",14.42
2023,7,MS,"2,084,610","1,336,392",12.82
2023,7,MT,"420,685","549,466",13.07
2023,7,NC,"6,623,227","4,956,977",12.39
2023,7,ND,"346,286","394,787",12.63
2023,7,NE,"1,017,937","894,303",12.35
2023,7,NH,"486,754","649,306",28.96
2023,7,NJ,"3,970,856","3,709,663",18.42
2023,7,NM,"884,202","928,431",14.39
2023,7,NV,"2,154,911","1,292,124",16.30
2023,7,NY,"5,560,011","7,384,143",22.29
2023,7,OH,"5,231,626","5,107,633",15.73
2023,7,OK,"2,922,050","1,857,765",12.27
2023,7,OR,"1,688,353","1,844,017",13.17
2023,7,PA,"5,323,812","5,520,116",17.94
2023,7,RI,"370,600","456,428",24.31
2023,7,SC,"3,676,990","2,523,153",13.21
2023,7,SD,"418,341","426,873",13.30
2023,7,TN,"4,161,933","3,109,551",12.22
2023,7,TX,"20,557,605","12,290,446",13.95
2023,7,UT,"1,413,073","1,244,401",11.71
2023,7,VA,"4,397,714","3,611,486",13.88
2023,7,VT,"204,875","322,855",20.45
2023,7,WA,"2,721,314","3,331,766",11.15
2023,7,WI,"2,241,648","2,821,026",17.02
2023,7,WV,"932,028","864,037",14.08
2023,7,WY,"218,295","283,908",12.49
2023,6,AK,"139,337","296,474",24.79
2023,6,AL,"2,830,649","2,355,595",14.67
2023,6,AR,"1,527,072","1,459,330",12.46
2023,6,AZ,"3,665,400","3,055,585",14.28
2023,6,CA,"5,960,420","14,267,971",31.24
2023,6,CO,"1,537,272","2,508,659",14.63
2023,6,CT,"922,852","1,541,534",31.85
2023,6,DC,"194,471","312,412",16.55
2023,6,DE,"385,870","468,383",15.99
2023,6,FL,"12,554,271","10,214,841",15.23
2023,6,GA,"5,110,252","4,701,019",14.59
2023,6,HI,"212,298","446,562",41.74
2023,6,IA,"1,243,349","1,434,405",15.11
2023,6,ID,"643,962","844,466",11.71
2023,6,IL,"3,934,888","5,383,530",15.08
2023,6,IN,"2,578,397","3,014,186",14.67
2023,6,KS,"1,343,040","1,305,486",13.33
2023,6,KY,"1,949,997","2,054,660",12.65
2023,6,LA,"2,945,543","2,138,048",11.25
2023,6,MA,"1,450,482","2,884,572",27.52
2023,6,MD,"1,965,626","2,430,512",17.00
2023,6,ME,"340,884","746,320",27.56
2023,6,MI,"2,779,412","4,493,909",19.38
2023,6,MN,"2,005,293","2,550,826",15.68
2023,6,MO,"3,099,533","2,900,428",14.10
2023,6,MS,"1,642,821","1,335,729",13.27
2023,6,MT,"356,899","548,711",13.16
2023,6,NC,"4,880,631","4,947,340",12.57
2023,6,ND,"355,614","394,602",12.35
2023,6,NE,"893,127","893,479",11.98
2023,6,NH,"346,467","644,787",29.53
2023,6,NJ,"2,554,507","3,692,453",18.19
2023,6,NM,"620,706","926,003",13.58
2023,6,NV,"1,221,369","1,287,729",17.38
2023,6,NY,"3,849,083","7,386,085",21.63
2023,6,OH,"3,846,145","5,106,187",16.29
2023,6,OK,"2,192,313","1,856,097",12.43
2023,6,OR,"1,372,562","1,842,030",13.14
2023,6,PA,"3,735,694","5,522,557",18.39
2023,6,RI,"232,053","456,768",23.83
2023,6,SC,"2,608,343","2,529,041",13.75
2023,6,SD,"398,850","426,266",13.30
2023,6,TN,"3,303,778","3,099,027",12.34
2023,6,TX,"15,989,221","12,278,460",14.35
2023,6,UT,"883,439","1,240,062",11.44
2023,6,VA,"3,330,706","3,613,715",15.13
2023,6,VT,"158,770","323,820",21.00
2023,6,WA,"2,493,057","3,318,452",11.21
2023,6,WI,"1,881,707","2,817,755",17.14
2023,6,WV,"667,513","863,339",14.44
2023,6,WY,"183,667","283,581",12.53
2023,5,AK,"151,964","295,873",24.91
2023,5,AL,"2,194,127","2,351,472",14.55
2023,5,AR,"1,154,301","1,458,048",12.32
2023,5,AZ,"3,111,187","3,054,215",14.30
2023,5,CA,"5,585,463","14,289,875",29.82
2023,5,CO,"1,444,227","2,512,509",14.34
2023,5,CT,"826,135","1,541,614",31.36
2023,5,DC,"151,980","312,635",17.09
2023,5,DE,"279,461","468,086",16.62
2023,5,FL,"10,878,530","10,199,356",15.09
2023,5,GA,"4,104,553","4,691,845",13.96
2023,5,HI,"210,706","446,717",42.26
2023,5,IA,"975,691","1,433,337",14.29
2023,5,ID,"633,513","843,212",10.72
2023,5,IL,"2,916,738","5,388,501",17.86
2023,5,IN,"2,191,824","3,011,224",15.12
2023,5,KS,"964,026","1,304,660",13.86
2023,5,KY,"1,685,789","2,051,912",12.69
2023,5,LA,"2,137,712","2,133,958",11.72
2023,5,MA,"1,295,380","2,876,212",29.39
2023,5,MD,"1,661,115","2,429,344",16.08
2023,5,ME,"333,662","746,950",29.19
2023,5,MI,"2,327,271","4,496,820",18.70
2023,5,MN,"1,613,772","2,547,179",15.32
2023,5,MO,"2,372,990","2,899,128",12.27
2023,5,MS,"1,193,716","1,334,715",13.89
2023,5,MT,"382,406","547,798",12.79
2023,5,NC,"3,882,224","4,936,056",12.90
2023,5,ND,"315,401","394,340",11.75
2023,5,NE,"696,216","890,964",11.77
2023,5,NH,"313,022","647,179",30.60
2023,5,NJ,"1,861,393","3,695,542",17.13
2023,5,NM,"506,963","926,727",12.96
2023,5,NV,"1,077,143","1,284,788",17.43
2023,5,NY,"3,380,732","7,394,886",20.47
2023,5,OH,"3,421,645","5,105,139",15.63
2023,5,OK,"1,631,393","1,853,555",11.63
2023,5,OR,"1,404,792","1,840,660",13.01
2023,5,PA,"3,444,556","5,507,493",18.46
2023,5,RI,"175,974","455,463",26.84
2023,5,SC,"2,149,857","2,501,304",13.98
2023,5,SD,"347,585","425,093",13.18
2023,5,TN,"2,666,436","3,093,704",12.27
2023,5,TX,"11,490,172","12,238,206",14.65
2023,5,UT,"810,580","1,241,284",10.84
2023,5,VA,"2,578,464","3,602,182",15.19
2023,5,VT,"148,046","322,426",21.03
2023,5,WA,"2,763,419","3,315,936",11.16
2023,5,WI,"1,523,160","2,802,148",17.43
2023,5,WV,"665,601","863,756",14.60
2023,5,WY,"197,499","283,052",11.90
2023,4,AK,"166,711","294,846",23.44
2023,4,AL,"1,943,807","2,346,255",14.54
2023,4,AR,"1,102,913","1,452,730",12.36
2023,4,AZ,"2,375,364","3,054,932",14.12
2023,4,CA,"5,759,785","13,607,795",29.70
2023,4,CO,"1,393,287","2,512,193",13.53
2023,4,CT,"839,871","1,540,777",34.48
2023,4,DC,"167,210","312,466",15.30
2023,4,DE,"332,083","468,058",15.47
2023,4,FL,"10,003,099","10,183,471",15.72
2023,4,GA,"3,679,746","4,682,924",13.25
2023,4,HI,"212,488","446,454",43.18
2023,4,IA,"993,008","1,431,312",12.62
2023,4,ID,"741,559","840,248",10.18
2023,4,IL,"2,757,122","5,393,943",17.82
2023,4,IN,"2,110,539","3,009,077",15.08
2023,4,KS,"816,509","1,302,722",13.59
2023,4,KY,"1,609,855","2,050,724",12.79
2023,4,LA,"1,897,210","2,130,813",11.20
2023,4,MA,"1,340,133","2,877,148",32.36
2023,4,MD,"1,724,232","2,429,274",15.92
2023,4,ME,"384,179","693,461",28.61
2023,4,MI,"2,321,823","4,492,197",18.41
2023,4,MN,"1,683,090","2,540,311",14.71
2023,4,MO,"2,194,829","2,891,069",11.79
2023,4,MS,"1,121,797","1,329,618",13.90
2023,4,MT,"470,821","546,874",12.26
2023,4,NC,"3,748,402","4,924,429",12.91
2023,4,ND,"408,832","393,923",10.28
2023,4,NE,"719,012","888,850",11.19
2023,4,NH,"325,236","644,036",30.80
2023,4,NJ,"1,675,046","3,694,321",17.37
2023,4,NM,"457,661","925,978",13.43
2023,4,NV,"817,645","1,281,554",17.59
2023,4,NY,"3,396,083","7,365,179",19.81
2023,4,OH,"3,369,992","5,103,908",15.01
2023,4,OK,"1,359,818","1,851,137",12.17
2023,4,OR,"1,628,356","1,837,795",12.55
2023,4,PA,"3,552,036","5,507,971",18.36
2023,4,RI,"190,690","448,432",23.54
2023,4,SC,"1,985,968","2,500,634",13.90
2023,4,SD,"421,040","423,713",11.92
2023,4,TN,"2,810,217","3,085,239",11.86
2023,4,TX,"9,579,896","12,178,259",14.36
2023,4,UT,"769,708","1,239,189",10.84
2023,4,VA,"2,857,236","3,607,183",14.58
2023,4,VT,"158,241","321,641",20.75
2023,4,WA,"3,269,617","3,298,626",10.95
2023,4,WI,"1,612,445","2,805,824",16.98
2023,4,WV,"690,381","864,145",14.38
2023,4,WY,"249,233","282,704",11.19
2023,3,AK,"196,244","295,298",23.45
2023,3,AL,"2,154,711","2,346,392",14.67
2023,3,AR,"1,277,221","1,454,894",12.21
2023,3,AZ,"2,246,181","3,059,623",13.62
2023,3,CA,"6,548,701","14,529,833",30.39
2023,3,CO,"1,638,211","2,510,516",13.80
2023,3,CT,"995,035","1,541,002",33.06
2023,3,DC,"177,024","312,127",16.06
2023,3,DE,"426,493","467,036",15.33
2023,3,FL,"9,603,646","10,176,447",14.65
2023,3,GA,"4,028,128","4,678,546",13.49
2023,3,HI,"216,134","446,361",44.06
2023,3,IA,"1,283,318","1,434,326",11.99
2023,3,ID,"935,218","839,860",10.03
2023,3,IL,"3,316,407","5,412,841",17.38
2023,3,IN,"2,556,946","3,010,900",16.02
2023,3,KS,"933,046","1,301,798",13.72
2023,3,KY,"1,928,875","2,055,404",12.28
2023,3,LA,"1,991,122","2,136,199",11.87
2023,3,MA,"1,584,828","2,880,009",32.72
2023,3,MD,"2,196,566","2,429,796",15.85
2023,3,ME,"459,646","723,289",29.37
2023,3,MI,"2,706,901","4,494,696",18.23
2023,3,MN,"2,049,841","2,544,635",13.94
2023,3,MO,"2,731,139","2,901,731",11.46
2023,3,MS,"1,206,373","1,330,702",13.80
2023,3,MT,"597,168","547,184",12.13
2023,3,NC,"4,446,856","4,919,271",12.67
2023,3,ND,"551,872","394,223",9.75
2023,3,NE,"947,848","890,842",10.48
2023,3,NH,"395,874","645,174",30.25
2023,3,NJ,"2,048,365","3,691,382",17.12
2023,3,NM,"531,901","926,409",13.05
2023,3,NV,"846,956","1,284,717",17.11
2023,3,NY,"3,977,938","7,391,961",21.21
2023,3,OH,"4,341,171","5,106,450",14.89
2023,3,OK,"1,616,924","1,851,190",11.71
2023,3,OR,"2,045,484","1,840,563",12.22
2023,3,PA,"4,541,543","5,510,262",18.13
2023,3,RI,"235,513","437,910",27.91
2023,3,SC,"2,125,591","2,503,347",13.83
2023,3,SD,"514,129","424,292",11.41
2023,3,TN,"2,961,892","3,093,210",12.40
2023,3,TX,"10,512,638","12,233,524",14.61
2023,3,UT,"885,225","1,237,106",10.86
2023,3,VA,"3,446,796","3,605,997",14.67
2023,3,VT,"190,250","321,308",20.38
2023,3,WA,"4,109,760","3,326,288",10.79
2023,3,WI,"1,885,227","2,803,204",16.47
2023,3,WV,"958,160","865,721",14.23
2023,3,WY,"313,888","283,159",10.68
2023,2,AK,"178,928","294,835",22.92
2023,2,AL,"2,291,421","2,327,898",15.34
2023,2,AR,"1,565,302","1,450,670",11.99
2023,2,AZ,"2,335,071","3,055,950",13.12
2023,2,CA,"6,117,569","13,551,508",27.25
2023,2,CO,"1,557,448","2,505,938",14.23
2023,2,CT,"1,001,293","1,540,926",34.38
2023,2,DC,"198,483","311,268",15.70
2023,2,DE,"419,617","466,193",15.01
2023,2,FL,"8,788,086","10,153,947",15.82
2023,2,GA,"4,154,214","4,663,916",13.53
2023,2,HI,"195,346","445,942",44.24
2023,2,IA,"1,274,577","1,430,229",11.69
2023,2,ID,"959,243","837,852",10.19
2023,2,IL,"3,381,834","5,366,889",17.03
2023,2,IN,"2,660,566","3,007,236",16.12
2023,2,KS,"959,361","1,298,369",14.45
2023,2,KY,"2,067,080","2,049,864",12.64
2023,2,LA,"2,148,080","2,123,322",12.88
2023,2,MA,"1,652,205","2,889,555",32.56
2023,2,MD,"2,202,567","2,427,275",16.22
2023,2,ME,"492,774","713,863",26.32
2023,2,MI,"2,616,600","4,487,884",17.99
2023,2,MN,"1,967,211","2,534,193",13.63
2023,2,MO,"2,871,054","2,893,643",11.36
2023,2,MS,"1,394,116","1,326,778",13.57
2023,2,MT,"569,528","545,526",11.96
2023,2,NC,"4,482,804","4,903,273",12.75
2023,2,ND,"520,879","393,522",10.01
2023,2,NE,"925,182","887,286",10.16
2023,2,NH,"402,991","646,852",30.98
2023,2,NJ,"2,040,316","3,693,795",16.97
2023,2,NM,"578,903","926,228",13.75
2023,2,NV,"860,665","1,279,307",17.04
2023,2,NY,"3,953,484","7,329,069",24.18
2023,2,OH,"4,032,340","5,103,026",14.62
2023,2,OK,"1,778,009","1,847,741",11.34
2023,2,OR,"2,001,163","1,835,694",12.25
2023,2,PA,"4,524,119","5,506,303",18.33
2023,2,RI,"232,884","453,074",29.08
2023,2,SC,"2,200,986","2,487,318",14.06
2023,2,SD,"512,727","422,781",11.46
2023,2,TN,"3,705,175","3,081,830",12.54
2023,2,TX,"11,690,349","12,207,679",14.72
2023,2,UT,"873,350","1,235,057",10.79
2023,2,VA,"3,564,687","3,597,799",14.32
2023,2,VT,"199,705","320,477",20.28
2023,2,WA,"3,909,201","3,284,012",10.71
2023,2,WI,"1,851,346","2,792,847",16.33
2023,2,WV,"933,588","865,018",13.55
2023,2,WY,"310,754","282,489",10.26
2023,1,AK,"230,498","295,151",21.73
2023,1,AL,"2,798,333","2,340,429",14.41
2023,1,AR,"1,809,297","1,450,588",11.42
2023,1,AZ,"2,739,708","3,053,293",12.63
2023,1,CA,"8,054,461","14,033,057",26.47
2023,1,CO,"1,816,040","2,503,739",14.11
2023,1,CT,"1,169,087","1,539,384",30.29
2023,1,DC,"213,238","310,847",14.96
2023,1,DE,"479,790","465,607",14.25
2023,1,FL,"10,125,223","10,146,935",14.89
2023,1,GA,"5,169,143","4,663,133",12.81
2023,1,HI,"231,969","445,826",44.96
2023,1,IA,"1,529,790","1,431,840",11.38
2023,1,ID,"1,069,973","837,276",10.51
2023,1,IL,"3,884,218","5,387,756",15.99
2023,1,IN,"3,113,309","3,005,727",15.43
2023,1,KS,"1,238,419","1,299,115",12.73
2023,1,KY,"2,452,755","2,049,570",12.83
2023,1,LA,"2,610,965","2,126,943",11.98
2023,1,MA,"1,820,451","2,886,490",32.19
2023,1,MD,"2,512,431","2,424,821",15.98
2023,1,ME,"485,339","743,950",24.08
2023,1,MI,"2,936,049","4,488,118",18.16
2023,1,MN,"2,315,403","2,536,882",13.25
2023,1,MO,"3,541,265","2,888,750",10.54
2023,1,MS,"1,634,218","1,327,487",12.98
2023,1,MT,"689,413","545,371",11.89
2023,1,NC,"5,436,897","4,900,218",12.37
2023,1,ND,"607,034","395,310",9.95
2023,1,NE,"1,179,830","887,722",9.27
2023,1,NH,"447,497","645,616",31.68
2023,1,NJ,"2,284,062","3,689,952",16.89
2023,1,NM,"647,200","924,256",13.27
2023,1,NV,"985,002","1,281,979",16.80
2023,1,NY,"4,476,755","7,379,485",23.62
2023,1,OH,"4,884,916","5,100,125",14.30
2023,1,OK,"2,121,895","1,848,216",10.75
2023,1,OR,"2,201,034","1,836,472",12.09
2023,1,PA,"5,292,934","5,503,780",18.02
2023,1,RI,"270,389","453,663",28.94
2023,1,SC,"2,745,063","2,485,039",13.58
2023,1,SD,"580,727","422,884",11.19
2023,1,TN,"4,164,861","3,074,434",12.04
2023,1,TX,"12,993,366","12,176,944",14.36
2023,1,UT,"965,944","1,231,848",10.65
2023,1,VA,"4,436,083","3,597,143",13.96
2023,1,VT,"215,186","320,844",19.96
2023,1,WA,"4,449,131","3,303,354",10.49
2023,1,WI,"2,089,034","2,810,238",16.17
2023,1,WV,"1,138,904","865,900",13.06
2023,1,WY,"353,214","282,824",10.24
2022,12,AK,"225,218","295,041",22.20
2022,12,AL,"2,861,597","2,335,884",13.10
2022,12,AR,"1,640,501","1,453,310",11.35
2022,12,AZ,"2,618,358","3,048,794",12.57
2022,12,CA,"6,817,678","14,295,936",26.04
2022,12,CO,"1,809,868","2,499,460",14.15
2022,12,CT,"1,221,010","1,538,998",23.42
2022,12,DC,"198,260","310,172",15.05
2022,12,DE,"468,302","464,782",14.61
2022,12,FL,"9,713,817","10,141,804",14.21
2022,12,GA,"5,417,899","4,686,751",11.76
2022,12,HI,"230,757","443,745",44.79
2022,12,IA,"1,569,608","1,434,549",11.25
2022,12,ID,"1,129,625","835,068",10.47
2022,12,IL,"4,134,215","5,382,494",15.98
2022,12,IN,"3,216,199","2,999,869",15.25
2022,12,KS,"1,211,875","1,301,614",13.24
2022,12,KY,"2,517,421","2,051,352",13.05
2022,12,LA,"2,395,540","2,133,378",12.50
2022,12,MA,"1,630,964","2,842,637",30.64
2022,12,MD,"2,809,693","2,424,156",15.53
2022,12,ME,"442,878","743,858",22.44
2022,12,MI,"3,124,888","4,488,265",17.91
2022,12,MN,"2,290,192","2,537,749",13.15
2022,12,MO,"3,500,579","2,906,742",10.54
2022,12,MS,"1,493,933","1,334,792",12.33
2022,12,MT,"689,136","545,563",11.77
2022,12,NC,"6,080,675","4,902,903",11.48
2022,12,ND,"633,903","393,926",9.63
2022,12,NE,"1,130,474","883,128",9.70
2022,12,NH,"420,320","643,265",30.88
2022,12,NJ,"2,456,363","3,685,152",16.68
2022,12,NM,"636,895","926,089",13.34
2022,12,NV,"984,621","1,276,892",14.96
2022,12,NY,"4,234,465","7,370,759",22.78
2022,12,OH,"4,970,830","5,094,835",13.97
2022,12,OK,"2,151,642","1,849,023",11.11
2022,12,OR,"2,347,387","1,836,406",11.13
2022,12,PA,"5,519,852","5,511,206",17.77
2022,12,RI,"257,310","427,652",27.52
2022,12,SC,"2,882,641","2,493,535",13.86
2022,12,SD,"563,424","422,789",11.22
2022,12,TN,"3,672,662","3,055,974",12.16
2022,12,TX,"12,631,773","12,107,704",14.49
2022,12,UT,"983,356","1,221,375",10.47
2022,12,VA,"4,875,536","3,601,932",13.81
2022,12,VT,"211,116","320,835",19.94
2022,12,WA,"4,556,407","3,304,061",10.04
2022,12,WI,"2,202,268","2,803,743",15.01
2022,12,WV,"1,269,910","865,121",12.75
2022,12,WY,"347,863","284,951",10.38
2022,11,AK,"186,213","295,289",23.14
2022,11,AL,"2,185,747","2,341,858",14.83
2022,11,AR,"1,198,951","1,451,964",12.41
2022,11,AZ,"2,113,334","3,038,511",13.11
2022,11,CA,"6,370,385","13,784,688",25.52
2022,11,CO,"1,524,802","2,495,053",14.55
2022,11,CT,"923,126","1,537,864",23.91
2022,11,DC,"165,900","309,519",15.77
2022,11,DE,"314,978","464,509",16.22
2022,11,FL,"9,424,376","10,130,108",13.98
2022,11,GA,"4,042,123","4,681,133",13.29
2022,11,HI,"228,147","445,399",43.80
2022,11,IA,"1,056,143","1,430,696",12.57
2022,11,ID,"910,993","833,440",9.98
2022,11,IL,"3,128,533","5,386,634",17.04
2022,11,IN,"2,307,227","2,998,545",15.94
2022,11,KS,"937,514","1,301,105",14.51
2022,11,KY,"1,814,699","2,051,458",13.87
2022,11,LA,"1,969,300","2,133,315",13.82
2022,11,MA,"1,377,078","2,880,731",28.07
2022,11,MD,"1,948,473","2,423,091",15.37
2022,11,ME,"378,255","713,351",22.23
2022,11,MI,"2,514,738","4,484,147",17.83
2022,11,MN,"1,734,244","2,531,558",14.18
2022,11,MO,"2,537,576","2,882,670",11.41
2022,11,MS,"1,169,082","1,334,710",13.39
2022,11,MT,"476,219","544,260",12.23
2022,11,NC,"4,312,114","4,895,533",11.89
2022,11,ND,"461,369","393,579",10.58
2022,11,NE,"765,696","881,772",10.58
2022,11,NH,"335,069","644,076",30.61
2022,11,NJ,"1,852,563","3,684,666",16.19
2022,11,NM,"536,006","924,597",13.85
2022,11,NV,"848,207","1,278,585",15.23
2022,11,NY,"3,448,435","7,400,113",23.66
2022,11,OH,"3,762,471","5,093,571",14.63
2022,11,OK,"1,595,662","1,847,162",12.34
2022,11,OR,"1,914,505","1,832,894",11.51
2022,11,PA,"3,994,708","5,509,827",17.38
2022,11,RI,"212,526","453,945",28.62
2022,11,SC,"2,181,567","2,494,329",13.82
2022,11,SD,"405,345","421,823",11.98
2022,11,TN,"2,754,933","3,069,678",12.81
2022,11,TX,"10,252,125","12,138,603",15.01
2022,11,UT,"841,643","1,218,958",10.59
2022,11,VA,"3,246,405","3,598,275",14.32
2022,11,VT,"166,577","321,320",20.74
2022,11,WA,"3,499,071","3,281,465",10.34
2022,11,WI,"1,703,614","2,791,346",15.72
2022,11,WV,"861,936","864,406",13.83
2022,11,WY,"261,378","282,269",11.05
2022,10,AK,"159,027","295,340",23.66
2022,10,AL,"2,047,400","2,340,045",15.02
2022,10,AR,"1,265,279","1,450,364",12.80
2022,10,AZ,"2,775,692","3,029,233",13.11
2022,10,CA,"6,840,732","14,009,584",25.76
2022,10,CO,"1,403,886","2,491,350",14.80
2022,10,CT,"837,555","1,536,730",24.98
2022,10,DC,"167,490","309,170",15.44
2022,10,DE,"314,940","463,806",16.36
2022,10,FL,"10,380,681","10,117,926",14.19
2022,10,GA,"3,868,510","4,674,334",14.06
2022,10,HI,"248,577","445,088",44.72
2022,10,IA,"896,682","1,429,574",13.43
2022,10,ID,"600,573","831,916",11.19
2022,10,IL,"2,775,223","5,374,294",17.02
2022,10,IN,"2,002,303","2,995,829",16.70
2022,10,KS,"894,245","1,300,838",14.95
2022,10,KY,"1,590,699","2,049,835",14.06
2022,10,LA,"2,319,754","2,138,029",14.29
2022,10,MA,"1,447,270","2,905,488",26.15
2022,10,MD,"1,711,101","2,420,843",15.84
2022,10,ME,"339,887","720,947",22.97
2022,10,MI,"2,290,069","4,479,523",18.28
2022,10,MN,"1,496,647","2,530,521",15.07
2022,10,MO,"2,179,238","2,893,474",11.58
2022,10,MS,"1,322,229","1,334,096",13.20
2022,10,MT,"348,148","543,242",12.42
2022,10,NC,"3,728,814","4,886,838",12.97
2022,10,ND,"330,078","393,423",11.75
2022,10,NE,"649,471","881,301",11.86
2022,10,NH,"306,391","644,176",30.43
2022,10,NJ,"1,633,908","3,681,735",16.32
2022,10,NM,"499,656","923,657",14.36
2022,10,NV,"1,008,610","1,274,800",15.19
2022,10,NY,"3,550,875","7,384,092",23.26
2022,10,OH,"3,300,519","5,088,826",15.08
2022,10,OK,"1,515,893","1,845,667",14.27
2022,10,OR,"1,327,913","1,832,190",11.99
2022,10,PA,"3,604,825","5,507,680",17.51
2022,10,RI,"201,504","441,464",24.60
2022,10,SC,"1,992,282","2,481,435",14.07
2022,10,SD,"328,678","421,300",13.18
2022,10,TN,"2,730,145","3,069,903",12.94
2022,10,TX,"12,038,373","12,116,332",14.94
2022,10,UT,"740,207","1,215,455",10.87
2022,10,VA,"2,792,058","3,593,030",14.41
2022,10,VT,"153,529","321,475",20.91
2022,10,WA,"2,446,598","3,284,239",10.62
2022,10,WI,"1,510,330","2,787,731",16.24
2022,10,WV,"693,755","863,931",14.38
2022,10,WY,"183,945","282,015",12.00
2022,9,AK,"142,618","295,382",23.18
2022,9,AL,"2,783,485","2,338,538",15.48
2022,9,AR,"1,685,219","1,450,413",13.21
2022,9,AZ,"4,121,313","3,020,357",13.27
2022,9,CA,"10,324,498","13,997,108",25.96
2022,9,CO,"1,748,785","2,487,518",15.00
2022,9,CT,"952,800","1,535,824",28.67
2022,9,DC,"220,437","308,632",13.96
2022,9,DE,"464,468","463,211",14.18
2022,9,FL,"12,890,223","10,102,243",14.55
2022,9,GA,"5,119,430","4,666,875",14.87
2022,9,HI,"241,104","445,140",45.59
2022,9,IA,"1,078,479","1,429,058",14.34
2022,9,ID,"650,290","830,996",10.47
2022,9,IL,"3,714,874","5,375,461",16.81
2022,9,IN,"2,613,937","2,993,337",14.99
2022,9,KS,"1,306,269","1,299,711",14.60
2022,9,KY,"2,050,566","2,048,796",13.48
2022,9,LA,"2,906,246","2,131,998",14.26
2022,9,MA,"1,785,822","2,922,571",27.56
2022,9,MD,"2,061,564","2,418,685",14.55
2022,9,ME,"395,001","741,629",23.17
2022,9,MI,"2,675,708","4,477,564",18.29
2022,9,MN,"1,725,501","2,530,002",15.53
2022,9,MO,"2,864,862","2,884,378",13.47
2022,9,MS,"1,737,280","1,332,547",13.02
2022,9,MT,"415,784","542,492",11.70
2022,9,NC,"4,817,811","4,879,131",12.64
2022,9,ND,"310,577","393,118",13.06
2022,9,NE,"851,365","880,941",12.02
2022,9,NH,"360,782","644,087",32.26
2022,9,NJ,"2,417,138","3,684,170",16.59
2022,9,NM,"610,833","922,759",14.98
2022,9,NV,"1,527,723","1,272,927",13.77
2022,9,NY,"4,871,894","7,336,278",23.95
2022,9,OH,"3,992,805","5,073,798",14.94
2022,9,OK,"2,191,691","1,844,629",14.20
2022,9,OR,"1,345,164","1,830,145",11.78
2022,9,PA,"4,340,248","5,506,901",17.06
2022,9,RI,"262,117","453,367",24.39
2022,9,SC,"2,707,584","2,485,490",14.50
2022,9,SD,"381,782","421,305",12.97
2022,9,TN,"3,826,824","3,066,708",12.69
2022,9,TX,"15,999,692","12,098,477",14.75
2022,9,UT,"1,047,903","1,211,875",11.38
2022,9,VA,"3,422,427","3,591,539",14.58
2022,9,VT,"158,298","321,708",20.42
2022,9,WA,"2,498,625","3,286,929",10.60
2022,9,WI,"1,732,590","2,796,218",16.42
2022,9,WV,"699,859","863,429",14.03
2022,9,WY,"189,025","281,934",11.94
2022,8,AK,"145,500","295,140",23.86
2022,8,AL,"3,362,927","2,337,577",15.43
2022,8,AR,"2,086,539","1,448,823",12.83
2022,8,AZ,"4,654,720","3,012,008",13.18
2022,8,CA,"10,768,468","14,188,318",26.49
2022,8,CO,"2,253,912","2,482,879",14.74
2022,8,CT,"1,468,150","1,536,949",26.50
2022,8,DC,"269,036","308,165",14.06
2022,8,DE,"576,107","462,781",13.32
2022,8,FL,"14,679,973","10,091,065",14.06
2022,8,GA,"6,405,923","4,661,654",15.97
2022,8,HI,"245,870","445,132",45.56
2022,8,IA,"1,449,733","1,427,705",15.37
2022,8,ID,"906,998","828,987",10.73
2022,8,IL,"4,908,903","5,392,478",16.73
2022,8,IN,"3,564,957","2,995,567",15.15
2022,8,KS,"1,700,467","1,298,620",14.77
2022,8,KY,"2,691,435","2,051,328",13.57
2022,8,LA,"3,302,834","2,132,887",14.14
2022,8,MA,"2,131,700","3,072,747",26.46
2022,8,MD,"2,799,700","2,417,323",14.24
2022,8,ME,"484,670","744,097",21.08
2022,8,MI,"3,523,576","4,475,009",18.07
2022,8,MN,"2,126,802","2,529,215",15.26
2022,8,MO,"3,883,309","2,899,860",13.96
2022,8,MS,"2,034,510","1,332,961",12.33
2022,8,MT,"511,328","541,668",11.53
2022,8,NC,"6,309,158","4,872,174",11.87
2022,8,ND,"367,539","392,952",12.76
2022,8,NE,"1,111,430","880,545",11.62
2022,8,NH,"518,886","643,855",27.42
2022,8,NJ,"4,026,184","3,682,346",17.24
2022,8,NM,"777,406","921,079",14.81
2022,8,NV,"1,866,737","1,273,874",13.56
2022,8,NY,"5,944,884","7,323,847",21.20
2022,8,OH,"5,284,985","5,087,642",14.87
2022,8,OK,"2,915,848","1,843,550",14.31
2022,8,OR,"1,721,755","1,830,063",11.69
2022,8,PA,"5,626,343","5,506,121",16.34
2022,8,RI,"383,404","450,542",21.45
2022,8,SC,"3,364,723","2,481,654",14.27
2022,8,SD,"462,133","420,848",12.98
2022,8,TN,"4,536,613","3,078,137",13.81
2022,8,TX,"19,798,831","12,111,359",14.12
2022,8,UT,"1,294,935","1,210,719",11.33
2022,8,VA,"4,510,417","3,589,735",14.14
2022,8,VT,"200,633","322,280",19.85
2022,8,WA,"2,987,810","3,285,972",10.41
2022,8,WI,"2,142,456","2,785,178",15.72
2022,8,WV,"951,770","862,805",13.83
2022,8,WY,"228,539","281,668",11.89
2022,7,AK,"145,539","294,673",24.36
2022,7,AL,"3,707,143","2,332,756",14.83
2022,7,AR,"2,211,679","1,446,253",12.93
2022,7,AZ,"5,160,664","3,006,815",13.08
2022,7,CA,"8,972,985","13,770,639",26.18
2022,7,CO,"2,278,177","2,479,706",14.42
2022,7,CT,"1,470,264","1,536,680",19.39
2022,7,DC,"270,173","307,511",13.86
2022,7,DE,"530,453","461,804",13.38
2022,7,FL,"14,660,674","10,073,315",13.91
2022,7,GA,"6,932,030","4,651,583",15.81
2022,7,HI,"237,319","444,784",45.11
2022,7,IA,"1,537,817","1,425,883",15.69
2022,7,ID,"911,239","827,143",11.18
2022,7,IL,"5,260,592","5,357,751",16.36
2022,7,IN,"3,575,099","2,987,945",14.54
2022,7,KS,"1,727,523","1,303,623",14.77
2022,7,KY,"2,865,628","2,045,573",13.28
2022,7,LA,"3,645,418","2,125,050",14.09
2022,7,MA,"1,918,352","2,871,948",23.76
2022,7,MD,"2,909,940","2,415,891",14.22
2022,7,ME,"399,762","712,753",22.99
2022,7,MI,"3,738,581","4,473,806",18.11
2022,7,MN,"2,258,447","2,524,144",15.25
2022,7,MO,"4,131,868","2,870,178",13.62
2022,7,MS,"2,157,950","1,329,789",12.08
2022,7,MT,"423,311","540,583",11.66
2022,7,NC,"6,681,091","4,862,352",11.52
2022,7,ND,"378,417","392,375",12.56
2022,7,NE,"1,114,993","877,300",11.90
2022,7,NH,"482,446","643,653",21.77
2022,7,NJ,"4,172,125","3,684,047",17.10
2022,7,NM,"819,069","920,459",14.84
2022,7,NV,"2,034,008","1,272,252",13.48
2022,7,NY,"5,637,791","7,327,446",21.88
2022,7,OH,"5,632,204","5,080,198",14.66
2022,7,OK,"3,233,827","1,840,269",13.22
2022,7,OR,"1,698,372","1,827,301",11.82
2022,7,PA,"5,492,332","5,503,637",16.48
2022,7,RI,"375,063","453,523",19.40
2022,7,SC,"3,661,562","2,473,680",13.70
2022,7,SD,"467,445","419,350",13.00
2022,7,TN,"4,814,397","3,064,914",12.93
2022,7,TX,"20,742,408","12,052,926",13.71
2022,7,UT,"1,454,028","1,207,579",11.40
2022,7,VA,"4,873,584","3,583,484",14.23
2022,7,VT,"193,538","321,020",19.89
2022,7,WA,"2,820,201","3,273,422",10.45
2022,7,WI,"2,267,752","2,788,725",15.66
2022,7,WV,"953,002","862,305",13.74
2022,7,WY,"238,301","281,252",11.80
2022,6,AK,"138,423","294,721",24.11
2022,6,AL,"3,246,499","2,332,073",14.64
2022,6,AR,"1,667,651","1,445,117",12.78
2022,6,AZ,"4,415,545","3,001,929",13.21
2022,6,CA,"7,600,564","14,176,579",28.16
2022,6,CO,"1,810,533","2,477,410",14.29
2022,6,CT,"1,042,161","1,536,504",25.25
2022,6,DC,"225,957","306,848",13.82
2022,6,DE,"417,582","461,181",13.34
2022,6,FL,"13,111,167","10,061,016",13.85
2022,6,GA,"6,175,892","4,645,915",15.07
2022,6,HI,"224,564","444,885",44.31
2022,6,IA,"1,267,716","1,424,829",15.06
2022,6,ID,"644,201","825,612",11.32
2022,6,IL,"4,444,202","5,372,478",16.58
2022,6,IN,"2,924,816","2,990,074",14.41
2022,6,KS,"1,448,261","1,296,520",14.38
2022,6,KY,"2,344,685","2,046,889",13.16
2022,6,LA,"3,232,644","2,127,230",13.04
2022,6,MA,"1,492,612","2,880,914",25.02
2022,6,MD,"2,274,330","2,416,109",14.61
2022,6,ME,"356,438","742,426",24.11
2022,6,MI,"3,130,845","4,471,247",18.20
2022,6,MN,"1,919,260","2,523,443",15.10
2022,6,MO,"3,328,580","2,878,637",13.52
2022,6,MS,"1,831,797","1,329,720",12.39
2022,6,MT,"367,884","539,948",11.56
2022,6,NC,"5,720,586","4,856,093",11.33
2022,6,ND,"321,928","392,177",13.14
2022,6,NE,"902,826","877,831",11.46
2022,6,NH,"365,223","643,371",22.67
2022,6,NJ,"2,787,008","3,693,221",17.13
2022,6,NM,"710,191","921,231",13.87
2022,6,NV,"1,581,219","1,272,117",13.16
2022,6,NY,"4,263,376","7,333,658",22.36
2022,6,OH,"4,678,336","5,108,653",14.15
2022,6,OK,"2,499,428","1,838,284",13.02
2022,6,OR,"1,354,857","1,825,651",11.88
2022,6,PA,"4,383,468","5,500,250",16.36
2022,6,RI,"195,274","437,956",23.52
2022,6,SC,"3,142,333","2,478,778",13.67
2022,6,SD,"372,636","419,502",13.25
2022,6,TN,"3,742,435","3,066,014",12.20
2022,6,TX,"17,653,237","12,025,116",13.49
2022,6,UT,"1,024,193","1,206,051",11.09
2022,6,VA,"3,856,945","3,579,973",13.32
2022,6,VT,"157,797","322,091",20.16
2022,6,WA,"2,560,684","3,271,912",10.52
2022,6,WI,"1,938,924","2,786,425",16.20
2022,6,WV,"812,673","862,596",13.73
2022,6,WY,"199,906","281,181",11.74
2022,5,AK,"150,029","294,127",24.13
2022,5,AL,"2,494,733","2,325,948",14.13
2022,5,AR,"1,246,570","1,442,696",12.40
2022,5,AZ,"3,244,681","2,998,320",13.15
2022,5,CA,"6,186,956","13,994,057",27.21
2022,5,CO,"1,458,340","2,475,716",13.67
2022,5,CT,"922,881","1,536,324",24.80
2022,5,DC,"170,955","305,926",14.83
2022,5,DE,"339,403","460,539",14.29
2022,5,FL,"11,237,798","10,045,652",13.52
2022,5,GA,"4,723,071","4,637,161",14.19
2022,5,HI,"223,893","444,940",43.31
2022,5,IA,"1,043,917","1,423,569",14.19
2022,5,ID,"635,137","823,836",10.25
2022,5,IL,"3,557,282","5,372,564",15.02
2022,5,IN,"2,335,997","2,987,194",14.93
2022,5,KS,"1,050,840","1,297,304",13.98
2022,5,KY,"1,843,050","2,045,218",12.85
2022,5,LA,"2,389,139","2,123,814",12.22
2022,5,MA,"1,408,673","2,859,715",23.72
2022,5,MD,"1,859,193","2,414,279",14.17
2022,5,ME,"353,654","741,436",25.67
2022,5,MI,"2,584,365","4,469,985",17.94
2022,5,MN,"1,640,836","2,519,388",14.60
2022,5,MO,"2,498,088","2,878,177",11.40
2022,5,MS,"1,338,027","1,327,063",12.87
2022,5,MT,"418,275","539,471",11.17
2022,5,NC,"4,626,277","4,848,048",11.68
2022,5,ND,"326,528","391,859",11.92
2022,5,NE,"719,363","875,604",11.12
2022,5,NH,"339,220","643,770",23.02
2022,5,NJ,"2,152,203","3,665,497",16.93
2022,5,NM,"530,326","919,663",12.64
2022,5,NV,"1,091,799","1,267,605",13.55
2022,5,NY,"3,604,333","7,331,381",21.86
2022,5,OH,"3,624,038","5,111,502",13.54
2022,5,OK,"1,838,174","1,835,575",12.28
2022,5,OR,"1,430,983","1,823,639",11.65
2022,5,PA,"3,623,740","5,502,710",15.07
2022,5,RI,"234,286","454,613",19.93
2022,5,SC,"2,486,585","2,461,330",13.46
2022,5,SD,"354,648","418,353",12.56
2022,5,TN,"2,872,452","3,057,931",11.89
2022,5,TX,"13,439,906","12,030,297",13.34
2022,5,UT,"765,792","1,204,652",10.48
2022,5,VA,"3,118,697","3,576,002",12.82
2022,5,VT,"153,203","320,579",20.25
2022,5,WA,"2,826,103","3,265,567",10.37
2022,5,WI,"1,648,677","2,778,634",16.13
2022,5,WV,"700,521","862,858",13.96
2022,5,WY,"207,096","280,879",11.50
2022,4,AK,"159,841","293,545",22.83
2022,4,AL,"1,987,431","2,324,215",14.10
2022,4,AR,"1,155,102","1,441,061",11.95
2022,4,AZ,"2,403,244","2,998,789",13.14
2022,4,CA,"5,531,398","13,663,517",23.28
2022,4,CO,"1,384,880","2,472,408",13.71
2022,4,CT,"849,407","1,535,754",27.10
2022,4,DC,"159,155","304,225",13.72
2022,4,DE,"333,513","459,738",13.32
2022,4,FL,"9,418,530","10,030,596",13.67
2022,4,GA,"3,695,385","4,631,333",13.23
2022,4,HI,"212,187","444,830",41.81
2022,4,IA,"1,058,426","1,422,044",12.16
2022,4,ID,"717,066","821,928",9.82
2022,4,IL,"2,890,079","5,379,888",14.98
2022,4,IN,"2,199,153","2,985,027",14.31
2022,4,KS,"826,336","1,296,417",13.96
2022,4,KY,"1,701,288","2,038,014",12.70
2022,4,LA,"1,823,820","2,121,028",12.25
2022,4,MA,"1,491,474","2,792,869",24.21
2022,4,MD,"1,779,485","2,412,779",14.11
2022,4,ME,"397,850","711,787",25.29
2022,4,MI,"2,456,343","4,470,516",17.76
2022,4,MN,"1,689,307","2,515,449",13.96
2022,4,MO,"2,299,886","2,879,357",10.98
2022,4,MS,"1,130,035","1,325,910",12.92
2022,4,MT,"457,026","538,490",10.96
2022,4,NC,"3,743,022","4,839,145",11.80
2022,4,ND,"406,551","391,190",10.50
2022,4,NE,"703,653","873,454",10.93
2022,4,NH,"337,933","641,581",23.13
2022,4,NJ,"1,761,795","3,657,277",16.97
2022,4,NM,"431,158","919,485",13.43
2022,4,NV,"811,846","1,265,754",13.88
2022,4,NY,"3,536,876","7,351,133",21.06
2022,4,OH,"3,529,998","5,066,586",13.01
2022,4,OK,"1,389,709","1,833,709",12.24
2022,4,OR,"1,623,763","1,821,717",11.29
2022,4,PA,"3,826,912","5,504,096",14.83
2022,4,RI,"274,773","453,894",20.27
2022,4,SC,"1,903,334","2,460,754",13.48
2022,4,SD,"406,990","417,377",11.96
2022,4,TN,"2,813,595","3,051,154",11.81
2022,4,TX,"10,133,091","11,996,708",13.29
2022,4,UT,"687,527","1,198,214",10.52
2022,4,VA,"2,845,048","3,574,431",12.66
2022,4,VT,"158,819","320,041",20.02
2022,4,WA,"3,286,471","3,255,357",10.14
2022,4,WI,"1,641,923","2,785,859",15.51
2022,4,WV,"733,179","863,542",13.22
2022,4,WY,"236,233","280,473",11.05
2022,3,AK,"183,641","293,314",22.89
2022,3,AL,"2,255,440","2,325,684",13.56
2022,3,AR,"1,531,273","1,460,625",11.06
2022,3,AZ,"2,180,205","3,004,630",12.66
2022,3,CA,"6,264,941","14,372,087",26.37
2022,3,CO,"1,619,538","2,471,893",13.53
2022,3,CT,"1,021,632","1,534,813",25.62
2022,3,DC,"199,047","303,722",14.09
2022,3,DE,"429,211","459,323",13.14
2022,3,FL,"9,507,716","10,026,972",13.47
2022,3,GA,"4,151,998","4,632,811",12.66
2022,3,HI,"219,374","444,914",40.19
2022,3,IA,"1,220,848","1,424,320",11.78
2022,3,ID,"810,474","830,311",10.02
2022,3,IL,"3,312,999","5,379,170",14.57
2022,3,IN,"2,674,032","3,060,618",13.94
2022,3,KS,"968,641","1,293,480",13.18
2022,3,KY,"2,008,525","2,039,510",12.05
2022,3,LA,"2,182,648","2,169,797",11.30
2022,3,MA,"1,626,335","2,913,609",25.29
2022,3,MD,"2,172,660","2,410,954",14.14
2022,3,ME,"493,691","718,234",22.97
2022,3,MI,"2,768,191","4,472,347",17.46
2022,3,MN,"2,019,231","2,517,900",13.49
2022,3,MO,"2,752,875","2,873,219",10.53
2022,3,MS,"1,350,688","1,339,106",12.44
2022,3,MT,"541,396","538,709",10.71
2022,3,NC,"4,370,828","4,867,371",11.79
2022,3,ND,"503,032","391,794",10.03
2022,3,NE,"919,419","875,045",10.18
2022,3,NH,"403,511","641,334",22.94
2022,3,NJ,"1,938,889","3,674,026",16.86
2022,3,NM,"530,740","919,426",13.22
2022,3,NV,"788,964","1,265,487",13.38
2022,3,NY,"4,116,519","7,364,678",20.75
2022,3,OH,"4,270,122","5,063,727",12.72
2022,3,OK,"1,748,809","1,834,799",11.08
2022,3,OR,"1,796,392","1,822,257",11.07
2022,3,PA,"4,571,005","5,506,619",14.59
2022,3,RI,"244,488","446,315",23.48
2022,3,SC,"2,154,027","2,473,571",13.38
2022,3,SD,"485,541","417,626",11.25
2022,3,TN,"3,286,482","3,045,267",11.37
2022,3,TX,"11,516,688","12,010,521",13.01
2022,3,UT,"781,599","1,201,615",10.45
2022,3,VA,"3,452,698","3,574,837",12.37
2022,3,VT,"188,089","319,797",19.61
2022,3,WA,"3,842,136","3,304,281",10.14
2022,3,WI,"1,856,233","2,779,903",15.32
2022,3,WV,"928,098","864,684",13.32
2022,3,WY,"277,031","280,797",10.67
2022,2,AK,"186,908","292,829",22.08
2022,2,AL,"2,734,680","2,302,954",13.01
2022,2,AR,"1,796,178","1,417,860",10.39
2022,2,AZ,"2,155,653","3,002,511",12.73
2022,2,CA,"5,666,630","13,400,384",25.34
2022,2,CO,"1,554,783","2,467,882",13.54
2022,2,CT,"1,105,947","1,534,163",26.49
2022,2,DC,"214,524","302,664",13.42
2022,2,DE,"492,813","458,608",12.21
2022,2,FL,"9,469,627","10,026,334",13.74
2022,2,GA,"4,802,636","4,605,401",11.67
2022,2,HI,"194,678","444,724",38.36
2022,2,IA,"1,329,453","1,420,731",11.39
2022,2,ID,"941,997","814,862",9.71
2022,2,IL,"3,851,257","5,373,078",13.83
2022,2,IN,"3,166,201","2,890,421",13.07
2022,2,KS,"1,125,287","1,288,970",12.54
2022,2,KY,"2,554,455","2,038,065",11.50
2022,2,LA,"2,658,502","2,081,838",10.73
2022,2,MA,"1,810,211","2,857,493",25.57
2022,2,MD,"2,533,577","2,408,665",14.04
2022,2,ME,"501,110","707,008",20.88
2022,2,MI,"2,877,332","4,474,649",17.24
2022,2,MN,"2,099,141","2,508,738",13.28
2022,2,MO,"3,496,776","2,870,981",9.51
2022,2,MS,"1,670,952","1,307,894",11.55
2022,2,MT,"579,661","537,426",10.38
2022,2,NC,"5,812,360","4,854,867",10.83
2022,2,ND,"574,133","390,982",9.66
2022,2,NE,"979,237","872,432",9.63
2022,2,NH,"437,791","640,607",22.11
2022,2,NJ,"2,128,745","3,655,821",15.70
2022,2,NM,"576,051","918,099",13.02
2022,2,NV,"809,461","1,259,646",13.17
2022,2,NY,"4,343,206","7,302,981",21.64
2022,2,OH,"4,800,497","5,062,094",12.52
2022,2,OK,"2,111,628","1,827,425",10.28
2022,2,OR,"1,913,317","1,816,694",11.00
2022,2,PA,"5,263,834","5,495,815",14.38
2022,2,RI,"243,779","453,055",25.70
2022,2,SC,"2,721,870","2,453,386",12.60
2022,2,SD,"520,877","416,052",11.20
2022,2,TN,"4,463,763","3,037,408",10.79
2022,2,TX,"13,162,486","12,145,008",12.48
2022,2,UT,"806,383","1,199,946",10.49
2022,2,VA,"4,617,310","3,568,093",11.93
2022,2,VT,"206,566","319,524",19.00
2022,2,WA,"3,880,366","3,232,350",10.04
2022,2,WI,"1,950,823","2,771,086",15.10
2022,2,WV,"1,139,286","865,514",11.90
2022,2,WY,"307,569","280,148",10.31
2022,1,AK,"227,515","293,054",22.17
2022,1,AL,"3,256,492","2,317,177",12.75
2022,1,AR,"1,765,721","1,437,852",10.50
2022,1,AZ,"2,524,225","2,998,814",12.39
2022,1,CA,"8,196,975","13,653,199",23.07
2022,1,CO,"1,746,439","2,465,378",13.52
2022,1,CT,"1,375,753","1,533,984",22.27
2022,1,DC,"258,144","301,010",13.22
2022,1,DE,"528,298","457,521",12.22
2022,1,FL,"9,751,395","9,953,987",13.45
2022,1,GA,"5,805,347","4,611,835",11.44
2022,1,HI,"242,011","444,669",37.62
2022,1,IA,"1,684,036","1,420,885",11.03
2022,1,ID,"1,105,061","811,814",9.85
2022,1,IL,"4,501,037","5,374,496",12.92
2022,1,IN,"3,478,577","2,973,379",13.08
2022,1,KS,"1,246,266","1,290,546",12.39
2022,1,KY,"2,857,735","2,036,961",11.99
2022,1,LA,"2,618,863","2,122,692",11.45
2022,1,MA,"1,886,402","2,862,257",25.27
2022,1,MD,"3,205,663","2,405,067",13.38
2022,1,ME,"547,680","739,138",18.27
2022,1,MI,"3,350,335","4,466,704",17.22
2022,1,MN,"2,418,705","2,509,170",12.84
2022,1,MO,"3,771,332","2,869,359",9.62
2022,1,MS,"1,681,394","1,321,597",11.27
2022,1,MT,"666,330","537,063",10.63
2022,1,NC,"6,241,217","4,703,413",10.52
2022,1,ND,"657,850","392,265",9.45
2022,1,NE,"1,135,722","872,012",9.29
2022,1,NH,"500,751","640,661",21.23
2022,1,NJ,"2,735,272","3,658,849",16.27
2022,1,NM,"624,304","916,767",12.90
2022,1,NV,"953,335","1,261,906",12.93
2022,1,NY,"4,674,761","7,328,444",21.05
2022,1,OH,"5,465,411","5,057,453",12.40
2022,1,OK,"2,286,833","1,828,918",10.04
2022,1,OR,"2,251,491","1,816,473",10.93
2022,1,PA,"6,165,951","5,497,013",14.09
2022,1,RI,"283,816","451,879",23.56
2022,1,SC,"3,088,567","2,429,218",12.30
2022,1,SD,"573,405","415,953",10.96
2022,1,TN,"4,089,688","3,037,616",11.40
2022,1,TX,"13,227,850","11,924,599",12.45
2022,1,UT,"916,700","1,198,059",10.21
2022,1,VA,"5,106,422","3,569,106",11.97
2022,1,VT,"238,503","319,490",19.17
2022,1,WA,"4,571,378","3,236,464",9.94
2022,1,WI,"2,292,338","2,782,569",14.95
2022,1,WV,"1,392,983","865,658",11.93
2022,1,WY,"331,794","279,957",10.27
2021,12,AK,"224,382","293,457",22.14
2021,12,AL,"2,385,839","2,328,108",9.66
2021,12,AR,"1,390,342","1,441,692",10.99
2021,12,AZ,"2,361,338","2,989,116",12.62
2021,12,CA,"7,382,767","14,570,888",23.38
2021,12,CO,"1,662,516","2,460,684",13.51
2021,12,CT,"1,176,492","1,534,438",20.93
2021,12,DC,"201,245","301,185",13.34
2021,12,DE,"426,625","456,536",12.57
2021,12,FL,"9,233,029","10,065,915",12.09
2021,12,GA,"4,425,871","4,596,869",12.07
2021,12,HI,"249,683","444,604",35.85
2021,12,IA,"1,315,482","1,424,561",11.52
2021,12,ID,"985,277","816,647",10.31
2021,12,IL,"3,735,336","5,374,211",13.40
2021,12,IN,"2,785,563","2,962,219",13.57
2021,12,KS,"992,082","1,294,042",12.75
2021,12,KY,"2,154,580","2,039,022",12.19
2021,12,LA,"2,042,489","2,139,244",11.56
2021,12,MA,"1,631,281","2,846,516",24.32
2021,12,MD,"2,412,350","2,402,830",14.07
2021,12,ME,"495,503","739,032",17.90
2021,12,MI,"3,027,518","4,469,269",17.26
2021,12,MN,"2,122,983","2,511,087",12.89
2021,12,MO,"2,822,802","2,874,448",10.54
2021,12,MS,"1,319,643","1,327,695",11.82
2021,12,MT,"558,783","535,992",11.12
2021,12,NC,"5,043,473","4,838,442",11.14
2021,12,ND,"563,255","393,030",9.36
2021,12,NE,"936,421","873,783",10.11
2021,12,NH,"450,495","639,583",21.02
2021,12,NJ,"2,242,440","3,671,474",15.97
2021,12,NM,"582,360","918,117",13.03
2021,12,NV,"966,458","1,260,811",12.18
2021,12,NY,"4,223,902","7,331,454",19.56
2021,12,OH,"4,477,891","5,053,433",12.81
2021,12,OK,"1,682,733","1,830,412",10.70
2021,12,OR,"2,234,452","1,815,417",11.20
2021,12,PA,"4,975,087","5,490,154",14.37
2021,12,RI,"232,556","443,806",25.17
2021,12,SC,"2,459,237","2,456,379",12.80
2021,12,SD,"482,726","415,827",11.50
2021,12,TN,"3,430,089","3,028,698",11.56
2021,12,TX,"10,235,028","11,769,117",12.56
2021,12,UT,"914,267","1,190,005",10.15
2021,12,VA,"4,186,480","3,572,225",11.71
2021,12,VT,"204,786","320,129",19.58
2021,12,WA,"4,254,516","3,240,757",10.09
2021,12,WI,"2,031,739","2,782,686",14.20
2021,12,WV,"1,065,044","864,346",11.82
2021,12,WY,"298,273","280,077",10.60
2021,11,AK,"197,201","293,669",22.56
2021,11,AL,"2,229,237","2,325,606",13.30
2021,11,AR,"1,208,298","1,458,338",11.68
2021,11,AZ,"2,032,861","2,979,875",12.31
2021,11,CA,"5,795,618","13,616,704",23.87
2021,11,CO,"1,386,601","2,457,436",13.77
2021,11,CT,"934,749","1,533,567",21.40
2021,11,DC,"176,696","300,698",14.07
2021,11,DE,"332,633","456,179",13.86
2021,11,FL,"8,626,884","9,908,037",12.49
2021,11,GA,"4,173,756","4,594,940",12.27
2021,11,HI,"236,806","444,516",34.74
2021,11,IA,"968,371","1,422,817",12.22
2021,11,ID,"754,085","814,478",10.19
2021,11,IL,"3,251,763","5,369,479",14.33
2021,11,IN,"2,427,671","2,958,445",14.27
2021,11,KS,"864,799","1,294,973",13.37
2021,11,KY,"1,910,994","2,038,200",12.49
2021,11,LA,"2,007,371","2,156,371",11.66
2021,11,MA,"1,442,963","2,882,731",23.33
2021,11,MD,"2,069,302","2,400,901",13.65
2021,11,ME,"365,253","710,410",18.19
2021,11,MI,"2,658,929","4,466,018",17.61
2021,11,MN,"1,712,560","2,509,617",13.54
2021,11,MO,"2,442,508","2,922,232",10.92
2021,11,MS,"1,212,223","1,332,894",12.23
2021,11,MT,"435,181","535,070",11.38
2021,11,NC,"4,168,049","4,712,982",11.44
2021,11,ND,"404,717","392,744",10.91
2021,11,NE,"722,178","873,431",10.83
2021,11,NH,"341,229","638,700",21.16
2021,11,NJ,"1,919,156","3,668,085",16.13
2021,11,NM,"468,785","916,391",13.52
2021,11,NV,"768,401","1,257,396",12.67
2021,11,NY,"3,577,613","7,260,574",20.09
2021,11,OH,"3,869,870","5,053,321",13.06
2021,11,OK,"1,455,178","1,829,120",11.65
2021,11,OR,"1,637,827","1,815,105",11.43
2021,11,PA,"4,234,895","5,486,282",14.13
2021,11,RI,"213,116","447,031",22.84
2021,11,SC,"2,112,820","2,426,729",13.78
2021,11,SD,"371,702","415,250",11.94
2021,11,TN,"2,869,667","3,029,533",11.61
2021,11,TX,"9,391,570","11,589,461",12.78
2021,11,UT,"756,354","1,187,503",10.21
2021,11,VA,"3,363,399","3,570,855",11.81
2021,11,VT,"171,576","320,415",20.13
2021,11,WA,"3,083,412","3,237,718",10.22
2021,11,WI,"1,692,854","2,768,338",14.70
2021,11,WV,"904,507","863,770",12.89
2021,11,WY,"236,781","279,487",10.93
2021,10,AK,"164,260","293,656",23.19
2021,10,AL,"2,229,731","2,321,566",13.70
2021,10,AR,"1,329,232","1,423,044",11.62
2021,10,AZ,"2,476,574","2,969,547",12.82
2021,10,CA,"6,193,682","13,923,515",22.02
2021,10,CO,"1,435,974","2,454,180",13.73
2021,10,CT,"839,865","1,533,246",22.93
2021,10,DC,"174,444","300,122",13.80
2021,10,DE,"329,430","455,643",13.64
2021,10,FL,"11,436,525","9,989,148",12.12
2021,10,GA,"4,161,519","4,583,356",12.86
2021,10,HI,"242,120","444,225",34.48
2021,10,IA,"1,003,986","1,420,643",12.50
2021,10,ID,"611,357","812,814",10.58
2021,10,IL,"3,163,843","5,365,192",13.98
2021,10,IN,"2,211,311","2,955,440",14.25
2021,10,KS,"926,285","1,292,993",13.19
2021,10,KY,"1,695,218","2,037,022",12.28
2021,10,LA,"2,311,688","2,106,188",11.69
2021,10,MA,"1,434,003","2,797,367",22.48
2021,10,MD,"1,685,300","2,399,931",14.50
2021,10,ME,"352,231","713,800",18.17
2021,10,MI,"2,556,471","4,463,953",17.97
2021,10,MN,"1,571,564","2,505,736",14.11
2021,10,MO,"2,274,635","2,813,422",11.20
2021,10,MS,"1,397,981","1,319,526",11.80
2021,10,MT,"346,688","533,881",11.71
2021,10,NC,"4,070,153","4,821,491",12.10
2021,10,ND,"304,826","392,342",11.63
2021,10,NE,"677,893","871,598",11.35
2021,10,NH,"314,497","638,788",21.06
2021,10,NJ,"1,868,039","3,667,656",16.18
2021,10,NM,"496,791","916,743",13.62
2021,10,NV,"837,655","1,253,988",12.58
2021,10,NY,"3,707,836","7,268,794",20.66
2021,10,OH,"3,605,381","5,047,921",13.28
2021,10,OK,"1,588,298","1,826,071",12.91
2021,10,OR,"1,428,370","1,811,468",11.77
2021,10,PA,"3,659,654","5,482,541",14.49
2021,10,RI,"230,722","453,176",22.39
2021,10,SC,"2,259,293","2,440,938",13.49
2021,10,SD,"331,460","414,430",12.67
2021,10,TN,"2,882,821","3,030,350",11.43
2021,10,TX,"12,235,322","11,713,063",12.54
2021,10,UT,"720,909","1,184,858",10.46
2021,10,VA,"2,960,912","3,565,902",12.37
2021,10,VT,"154,541","320,659",20.55
2021,10,WA,"2,642,218","3,228,753",10.39
2021,10,WI,"1,606,311","2,764,960",14.92
2021,10,WV,"661,771","862,410",13.66
2021,10,WY,"190,625","279,305",11.66
2021,9,AK,"147,332","293,480",23.18
2021,9,AL,"2,820,869","2,320,813",13.48
2021,9,AR,"1,858,880","1,441,633",11.80
2021,9,AZ,"3,928,237","2,961,159",12.74
2021,9,CA,"9,038,226","13,871,870",23.49
2021,9,CO,"1,803,411","2,450,634",13.82
2021,9,CT,"1,137,787","1,532,644",22.47
2021,9,DC,"209,626","299,660",13.02
2021,9,DE,"455,961","455,289",13.21
2021,9,FL,"12,925,193","9,979,813",12.34
2021,9,GA,"5,178,024","4,581,297",12.87
2021,9,HI,"239,278","444,027",34.57
2021,9,IA,"1,125,665","1,420,480",13.85
2021,9,ID,"584,534","810,713",10.40
2021,9,IL,"3,833,760","5,363,029",13.02
2021,9,IN,"2,802,915","2,953,531",13.56
2021,9,KS,"1,342,099","1,294,170",12.91
2021,9,KY,"2,125,228","2,034,883",11.78
2021,9,LA,"2,848,627","2,123,476",11.69
2021,9,MA,"1,882,690","2,836,148",23.44
2021,9,MD,"2,191,974","2,399,252",13.28
2021,9,ME,"437,356","735,683",17.98
2021,9,MI,"2,671,104","4,464,389",17.64
2021,9,MN,"1,671,035","2,504,585",14.30
2021,9,MO,"3,046,692","2,863,261",13.06
2021,9,MS,"1,848,543","1,326,448",11.44
2021,9,MT,"361,905","533,173",11.82
2021,9,NC,"5,253,371","4,816,782",11.83
2021,9,ND,"293,527","392,024",12.83
2021,9,NE,"869,062","872,374",11.69
2021,9,NH,"402,226","640,141",20.66
2021,9,NJ,"2,595,741","3,667,110",16.29
2021,9,NM,"618,833","916,141",14.53
2021,9,NV,"1,474,443","1,255,194",11.21
2021,9,NY,"4,932,438","7,286,584",20.50
2021,9,OH,"4,263,112","5,044,377",13.14
2021,9,OK,"2,347,832","1,825,272",12.03
2021,9,OR,"1,332,222","1,810,515",11.71
2021,9,PA,"4,464,630","5,482,710",14.06
2021,9,RI,"271,409","433,110",23.35
2021,9,SC,"2,763,777","2,445,022",13.40
2021,9,SD,"365,482","414,268",13.14
2021,9,TN,"3,934,247","3,028,789",11.16
2021,9,TX,"16,581,737","12,075,096",12.26
2021,9,UT,"921,722","1,180,561",10.90
2021,9,VA,"3,716,740","3,562,972",12.33
2021,9,VT,"159,874","320,499",19.54
2021,9,WA,"2,395,717","3,233,217",10.41
2021,9,WI,"1,697,739","2,772,573",14.99
2021,9,WV,"754,545","862,465",12.70
2021,9,WY,"183,930","279,157",12.01
2021,8,AK,"145,044","293,411",23.27
2021,8,AL,"3,397,277","2,319,247",13.38
2021,8,AR,"2,021,693","1,443,571",11.60
2021,8,AZ,"4,656,928","2,953,043",12.58
2021,8,CA,"10,279,149","13,878,138",23.39
2021,8,CO,"2,250,164","2,447,160",13.50
2021,8,CT,"1,370,410","1,531,619",20.80
2021,8,DC,"283,788","299,078",13.08
2021,8,DE,"546,462","454,737",12.14
2021,8,FL,"13,914,730","9,889,094",11.84
2021,8,GA,"6,416,275","4,577,516",13.23
2021,8,HI,"259,638","443,969",33.36
2021,8,IA,"1,452,965","1,420,015",14.58
2021,8,ID,"762,451","809,172",10.71
2021,8,IL,"5,600,976","5,359,656",12.85
2021,8,IN,"3,537,588","2,962,924",13.34
2021,8,KS,"1,667,824","1,293,677",13.10
2021,8,KY,"2,742,292","2,034,652",11.63
2021,8,LA,"3,403,769","2,134,234",11.45
2021,8,MA,"2,112,843","2,848,818",22.19
2021,8,MD,"2,883,335","2,397,865",12.89
2021,8,ME,"436,386","737,821",17.13
2021,8,MI,"4,030,111","4,459,192",17.87
2021,8,MN,"2,258,377","2,503,256",14.01
2021,8,MO,"3,833,225","2,867,646",13.16
2021,8,MS,"2,012,402","1,327,583",11.46
2021,8,MT,"471,128","532,711",11.61
2021,8,NC,"6,442,324","4,816,070",11.33
2021,8,ND,"384,182","391,867",11.99
2021,8,NE,"1,027,971","872,222",11.55
2021,8,NH,"474,486","639,612",19.58
2021,8,NJ,"3,746,761","3,662,524",16.75
2021,8,NM,"767,697","915,856",14.42
2021,8,NV,"1,923,758","1,251,741",10.98
2021,8,NY,"5,659,416","7,273,201",19.97
2021,8,OH,"5,654,162","5,042,102",13.03
2021,8,OK,"2,784,736","1,824,188",11.37
2021,8,OR,"1,650,689","1,808,948",11.57
2021,8,PA,"5,554,688","5,481,687",13.86
2021,8,RI,"366,511","452,802",20.35
2021,8,SC,"3,449,808","2,445,456",12.83
2021,8,SD,"457,469","414,120",12.80
2021,8,TN,"4,452,486","3,028,378",11.14
2021,8,TX,"18,079,317","12,096,865",11.94
2021,8,UT,"1,173,068","1,179,912",10.94
2021,8,VA,"4,528,894","3,559,882",12.71
2021,8,VT,"202,204","320,463",19.10
2021,8,WA,"2,750,151","3,240,724",10.29
2021,8,WI,"2,333,126","2,766,543",14.44
2021,8,WV,"963,809","862,321",12.21
2021,8,WY,"216,827","278,947",11.61
2021,7,AK,"144,287","293,003",23.39
2021,7,AL,"3,267,546","2,314,710",13.23
2021,7,AR,"1,931,768","1,443,964",11.55
2021,7,AZ,"4,829,935","2,948,811",12.64
2021,7,CA,"10,773,116","13,856,204",22.49
2021,7,CO,"2,232,665","2,443,659",13.39
2021,7,CT,"1,268,731","1,530,650",22.10
2021,7,DC,"280,174","298,534",12.87
2021,7,DE,"558,844","454,027",11.84
2021,7,FL,"13,370,392","10,018,834",11.78
2021,7,GA,"6,238,439","4,569,305",13.47
2021,7,HI,"253,780","443,666",33.48
2021,7,IA,"1,510,573","1,417,913",14.39
2021,7,ID,"950,232","807,119",10.39
2021,7,IL,"5,064,658","5,360,478",12.68
2021,7,IN,"3,310,941","2,947,151",13.34
2021,7,KS,"1,563,073","1,293,047",13.12
2021,7,KY,"2,638,466","2,033,380",11.59
2021,7,LA,"3,262,878","2,132,934",10.90
2021,7,MA,"1,997,105","2,848,102",22.88
2021,7,MD,"2,890,734","2,396,463",12.95
2021,7,ME,"429,974","703,732",16.37
2021,7,MI,"3,687,104","4,459,121",17.80
2021,7,MN,"2,278,636","2,498,328",14.06
2021,7,MO,"3,673,708","2,871,415",13.15
2021,7,MS,"1,920,796","1,324,353",11.48
2021,7,MT,"496,124","531,517",11.54
2021,7,NC,"6,132,810","4,806,232",11.38
2021,7,ND,"398,208","391,434",12.25
2021,7,NE,"1,086,821","869,489",11.54
2021,7,NH,"459,219","639,435",19.05
2021,7,NJ,"3,769,613","3,664,871",16.94
2021,7,NM,"768,870","916,001",14.39
2021,7,NV,"2,133,777","1,252,637",10.85
2021,7,NY,"5,512,322","7,267,882",19.64
2021,7,OH,"5,301,083","5,039,556",13.08
2021,7,OK,"2,674,025","1,821,804",11.19
2021,7,OR,"1,699,311","1,806,190",11.53
2021,7,PA,"5,470,867","5,476,667",13.70
2021,7,RI,"323,385","432,728",20.51
2021,7,SC,"3,340,105","2,438,430",12.60
2021,7,SD,"452,860","412,801",12.83
2021,7,TN,"4,255,777","3,027,774",11.17
2021,7,TX,"17,237,468","12,021,319",11.73
2021,7,UT,"1,385,679","1,177,650",10.93
2021,7,VA,"4,744,167","3,555,647",12.53
2021,7,VT,"182,240","320,035",18.97
2021,7,WA,"2,813,088","3,222,492",10.26
2021,7,WI,"2,315,694","2,770,700",14.54
2021,7,WV,"977,600","862,016",12.10
2021,7,WY,"234,910","278,528",11.69
2021,6,AK,"141,028","292,574",23.58
2021,6,AL,"2,769,622","2,311,845",13.40
2021,6,AR,"1,508,727","1,443,132",11.64
2021,6,AZ,"4,572,969","2,944,178",12.66
2021,6,CA,"7,549,115","14,054,174",23.13
2021,6,CO,"1,934,626","2,441,378",13.07
2021,6,CT,"1,222,937","1,530,257",20.80
2021,6,DC,"217,785","298,233",12.96
2021,6,DE,"430,563","453,524",12.40
2021,6,FL,"12,243,039","9,862,743",11.88
2021,6,GA,"5,338,247","4,566,150",13.52
2021,6,HI,"238,125","443,495",32.97
2021,6,IA,"1,327,644","1,415,702",13.99
2021,6,ID,"786,114","805,707",9.93
2021,6,IL,"4,693,572","5,362,589",12.83
2021,6,IN,"2,910,061","2,946,717",13.64
2021,6,KS,"1,376,983","1,290,784",13.33
2021,6,KY,"2,237,669","2,032,914",11.46
2021,6,LA,"2,785,682","2,141,870",11.35
2021,6,MA,"1,745,851","2,857,354",22.20
2021,6,MD,"2,426,140","2,395,605",13.07
2021,6,ME,"386,772","737,516",16.57
2021,6,MI,"3,429,747","4,459,365",17.85
2021,6,MN,"2,184,820","2,495,886",14.17
2021,6,MO,"3,162,301","2,860,730",13.22
2021,6,MS,"1,583,023","1,326,675",11.77
2021,6,MT,"394,251","530,699",11.50
2021,6,NC,"5,181,291","4,798,220",11.34
2021,6,ND,"348,108","391,139",12.23
2021,6,NE,"905,579","869,676",11.25
2021,6,NH,"422,830","639,255",19.27
2021,6,NJ,"3,175,176","3,657,707",16.38
2021,6,NM,"681,350","914,247",13.88
2021,6,NV,"1,791,616","1,249,796",11.22
2021,6,NY,"4,502,463","7,249,140",19.60
2021,6,OH,"4,634,214","5,039,828",13.31
2021,6,OK,"2,201,522","1,820,829",11.29
2021,6,OR,"1,601,081","1,804,097",11.51
2021,6,PA,"4,654,390","5,479,670",13.99
2021,6,RI,"294,818","453,981",19.74
2021,6,SC,"2,766,917","2,435,413",12.94
2021,6,SD,"405,241","412,734",12.91
2021,6,TN,"3,437,063","3,023,193",11.36
2021,6,TX,"14,379,217","11,997,731",12.04
2021,6,UT,"1,206,220","1,176,141",10.76
2021,6,VA,"3,925,044","3,552,175",12.41
2021,6,VT,"177,837","321,254",19.34
2021,6,WA,"2,717,304","3,212,182",10.15
2021,6,WI,"2,114,675","2,765,355",14.68
2021,6,WV,"814,285","862,130",12.21
2021,6,WY,"217,833","278,434",12.03
2021,5,AK,"148,418","291,959",23.02
2021,5,AL,"2,178,496","2,306,546",13.42
2021,5,AR,"1,137,042","1,449,488",11.34
2021,5,AZ,"3,115,253","2,940,933",13.04
2021,5,CA,"6,543,279","13,608,386",22.74
2021,5,CO,"1,489,617","2,438,564",12.53
2021,5,CT,"834,639","1,530,054",22.11
2021,5,DC,"179,799","297,799",13.36
2021,5,DE,"325,406","452,685",13.36
2021,5,FL,"10,863,186","9,924,059",11.76
2021,5,GA,"4,188,368","4,559,496",13.16
2021,5,HI,"229,252","443,216",32.99
2021,5,IA,"957,054","1,414,228",13.37
2021,5,ID,"590,836","803,782",10.32
2021,5,IL,"3,093,183","5,359,313",14.18
2021,5,IN,"2,166,844","2,943,018",14.12
2021,5,KS,"864,587","1,290,778",13.84
2021,5,KY,"1,701,521","2,030,736",11.84
2021,5,LA,"2,085,042","2,132,324",11.67
2021,5,MA,"1,333,828","2,838,078",22.69
2021,5,MD,"1,844,216","2,393,531",12.88
2021,5,ME,"342,110","707,332",16.61
2021,5,MI,"2,581,912","4,453,931",17.70
2021,5,MN,"1,579,998","2,491,287",13.63
2021,5,MO,"2,187,556","2,858,905",11.38
2021,5,MS,"1,191,251","1,324,931",12.25
2021,5,MT,"374,963","529,904",11.28
2021,5,NC,"4,024,058","4,703,852",11.65
2021,5,ND,"299,622","391,024",11.96
2021,5,NE,"652,901","867,231",11.26
2021,5,NH,"322,836","638,504",19.95
2021,5,NJ,"2,016,450","3,652,863",15.95
2021,5,NM,"487,188","913,674",13.17
2021,5,NV,"1,108,949","1,244,496",11.12
2021,5,NY,"3,391,473","7,242,436",19.93
2021,5,OH,"3,556,957","5,037,791",12.99
2021,5,OK,"1,504,354","1,817,861",10.88
2021,5,OR,"1,345,185","1,800,889",11.63
2021,5,PA,"3,625,920","5,472,151",13.85
2021,5,RI,"210,677","452,967",20.80
2021,5,SC,"2,202,301","2,408,601",12.89
2021,5,SD,"328,158","411,571",13.09
2021,5,TN,"2,589,169","3,010,213",11.43
2021,5,TX,"10,486,281","11,857,169",12.09
2021,5,UT,"741,227","1,173,928",10.03
2021,5,VA,"2,955,617","3,547,423",12.06
2021,5,VT,"150,312","318,886",19.57
2021,5,WA,"2,554,683","3,209,023",10.21
2021,5,WI,"1,573,752","2,759,025",15.29
2021,5,WV,"711,479","862,050",12.56
2021,5,WY,"193,091","278,141",11.41
2021,4,AK,"167,333","291,575",22.27
2021,4,AL,"1,965,685","2,301,897",13.61
2021,4,AR,"1,099,633","1,437,274",11.09
2021,4,AZ,"2,399,873","2,941,460",12.52
2021,4,CA,"5,324,169","13,827,156",23.37
2021,4,CO,"1,435,581","2,436,098",12.46
2021,4,CT,"839,085","1,529,440",23.76
2021,4,DC,"156,895","297,518",13.31
2021,4,DE,"348,847","452,605",12.69
2021,4,FL,"9,220,071","9,903,454",11.68
2021,4,GA,"3,660,734","4,549,721",12.13
2021,4,HI,"209,589","442,987",32.92
2021,4,IA,"950,086","1,414,025",12.32
2021,4,ID,"673,834","802,262",9.62
2021,4,IL,"2,777,249","5,360,241",13.98
2021,4,IN,"2,085,002","2,941,597",13.84
2021,4,KS,"802,691","1,286,552",13.66
2021,4,KY,"1,626,102","2,030,186",12.09
2021,4,LA,"1,813,051","2,118,563",11.02
2021,4,MA,"1,396,733","2,832,309",23.45
2021,4,MD,"1,736,436","2,393,622",12.96
2021,4,ME,"423,930","732,614",16.45
2021,4,MI,"2,394,610","4,453,453",17.58
2021,4,MN,"1,613,965","2,489,191",13.25
2021,4,MO,"2,168,283","2,853,872",11.08
2021,4,MS,"1,129,654","1,322,231",11.96
2021,4,MT,"424,378","529,505",11.06
2021,4,NC,"4,113,252","4,774,669",11.51
2021,4,ND,"352,383","390,486",10.82
2021,4,NE,"644,523","868,530",11.48
2021,4,NH,"331,630","636,689",19.81
2021,4,NJ,"1,775,585","3,649,943",16.50
2021,4,NM,"454,143","913,332",12.96
2021,4,NV,"821,145","1,245,179",12.16
2021,4,NY,"3,495,217","7,231,021",18.55
2021,4,OH,"3,421,189","5,038,679",13.11
2021,4,OK,"1,338,106","1,815,303",11.41
2021,4,OR,"1,468,010","1,801,212",11.37
2021,4,PA,"3,598,855","5,475,871",13.73
2021,4,RI,"203,287","447,154",23.54
2021,4,SC,"2,018,280","2,419,709",12.99
2021,4,SD,"368,775","410,948",11.93
2021,4,TN,"2,693,123","3,006,454",11.51
2021,4,TX,"9,225,575","11,822,660",12.08
2021,4,UT,"686,281","1,174,252",9.99
2021,4,VA,"2,438,398","3,542,697",12.66
2021,4,VT,"154,697","318,264",19.46
2021,4,WA,"2,980,927","3,212,049",10.14
2021,4,WI,"1,542,582","2,773,301",14.59
2021,4,WV,"693,615","864,230",12.42
2021,4,WY,"227,805","278,030",11.08
2021,3,AK,"199,326","291,198",22.00
2021,3,AL,"2,306,302","2,302,752",13.23
2021,3,AR,"1,667,485","1,472,602",10.39
2021,3,AZ,"2,150,053","2,941,752",12.15
2021,3,CA,"7,544,200","14,304,708",22.04
2021,3,CO,"1,621,180","2,433,165",12.26
2021,3,CT,"1,044,909","1,526,299",22.72
2021,3,DC,"196,065","296,649",12.88
2021,3,DE,"439,514","452,028",12.06
2021,3,FL,"9,383,738","9,982,338",11.53
2021,3,GA,"4,263,294","4,557,102",11.72
2021,3,HI,"221,165","442,966",33.07
2021,3,IA,"1,196,394","1,415,925",11.26
2021,3,ID,"761,200","800,228",9.96
2021,3,IL,"3,268,803","5,357,182",13.82
2021,3,IN,"2,574,493","2,942,081",13.04
2021,3,KS,"923,016","1,286,864",12.92
2021,3,KY,"2,063,748","2,029,668",10.98
2021,3,LA,"2,464,625","2,211,663",10.14
2021,3,MA,"1,592,501","2,849,917",23.08
2021,3,MD,"2,203,419","2,392,661",12.78
2021,3,ME,"456,615","734,410",16.41
2021,3,MI,"2,676,535","4,458,532",17.18
2021,3,MN,"1,950,246","2,490,647",12.97
2021,3,MO,"2,648,685","2,855,721",10.26
2021,3,MS,"1,505,619","1,349,398",11.36
2021,3,MT,"542,824","529,266",10.91
2021,3,NC,"4,605,515","4,767,929",11.28
2021,3,ND,"430,257","390,657",10.20
2021,3,NE,"901,064","868,309",10.03
2021,3,NH,"411,836","636,765",19.22
2021,3,NJ,"2,143,255","3,542,527",15.95
2021,3,NM,"536,724","912,517",12.61
2021,3,NV,"813,516","1,242,853",11.94
2021,3,NY,"4,114,995","7,234,947",18.04
2021,3,OH,"4,102,825","5,041,709",12.38
2021,3,OK,"1,618,438","1,816,790",8.85
2021,3,OR,"1,882,690","1,800,975",11.14
2021,3,PA,"4,615,722","5,479,265",13.22
2021,3,RI,"242,016","439,689",23.34
2021,3,SC,"2,282,381","2,421,466",12.96
2021,3,SD,"450,239","411,041",11.27
2021,3,TN,"3,522,222","3,006,251",10.63
2021,3,TX,"12,105,313","11,814,241",11.70
2021,3,UT,"764,221","1,169,431",9.98
2021,3,VA,"3,835,624","3,542,519",11.55
2021,3,VT,"188,035","317,897",18.71
2021,3,WA,"3,902,327","3,227,584",9.97
2021,3,WI,"1,800,945","2,763,000",14.32
2021,3,WV,"960,889","870,077",12.49
2021,3,WY,"276,980","278,147",10.76
2021,2,AK,"199,020","290,684",21.73
2021,2,AL,"2,888,982","2,254,253",12.88
2021,2,AR,"1,851,478","1,380,860",12.17
2021,2,AZ,"2,015,271","2,939,882",12.08
2021,2,CA,"6,320,652","13,391,664",22.50
2021,2,CO,"1,597,482","2,429,068",12.54
2021,2,CT,"1,144,797","1,526,990",22.75
2021,2,DC,"211,452","295,626",12.74
2021,2,DE,"478,674","451,167",11.95
2021,2,FL,"9,309,152","9,732,862",11.79
2021,2,GA,"4,995,961","4,473,453",11.57
2021,2,HI,"200,562","442,529",32.49
2021,2,IA,"1,377,250","1,412,016",11.60
2021,2,ID,"872,566","797,759",9.59
2021,2,IL,"4,158,579","5,356,871",12.19
2021,2,IN,"3,330,053","2,937,442",12.32
2021,2,KS,"1,247,126","1,271,850",12.21
2021,2,KY,"2,730,745","2,024,896",10.31
2021,2,LA,"2,524,466","2,008,527",9.97
2021,2,MA,"1,793,698","2,814,272",22.67
2021,2,MD,"2,699,717","2,390,324",12.47
2021,2,ME,"468,129","687,424",16.23
2021,2,MI,"2,993,796","4,447,235",16.95
2021,2,MN,"2,109,390","2,479,815",12.70
2021,2,MO,"3,797,998","2,851,392",9.28
2021,2,MS,"1,649,758","1,268,498",11.17
2021,2,MT,"577,920","527,857",10.66
2021,2,NC,"5,653,027","4,704,803",10.98
2021,2,ND,"571,101","389,863",9.47
2021,2,NE,"1,059,952","865,022",9.32
2021,2,NH,"428,780","636,021",19.27
2021,2,NJ,"2,225,321","3,639,231",16.36
2021,2,NM,"560,580","911,018",12.83
2021,2,NV,"781,847","1,238,610",11.82
2021,2,NY,"4,377,578","7,212,622",18.83
2021,2,OH,"5,062,776","5,032,909",11.64
2021,2,OK,"2,317,684","1,793,046",10.97
2021,2,OR,"1,940,373","1,797,275",10.99
2021,2,PA,"5,311,782","5,458,008",13.06
2021,2,RI,"255,386","452,507",24.09
2021,2,SC,"2,686,528","2,382,828",12.61
2021,2,SD,"527,388","409,613",12.29
2021,2,TN,"4,373,789","2,990,541",10.23
2021,2,TX,"11,722,645","11,336,403",12.69
2021,2,UT,"771,755","1,165,610",9.98
2021,2,VA,"4,729,665","3,517,951",11.24
2021,2,VT,"205,782","317,426",18.39
2021,2,WA,"3,940,536","3,194,492",9.81
2021,2,WI,"2,000,417","2,689,303",13.96
2021,2,WV,"1,196,803","861,930",11.10
2021,2,WY,"303,391","277,576",10.84
2021,1,AK,"206,280","290,728",21.42
2021,1,AL,"3,145,567","2,291,404",12.21
2021,1,AR,"1,913,441","1,399,326",9.48
2021,1,AZ,"2,591,049","2,936,109",11.69
2021,1,CA,"7,540,171","13,704,456",21.45
2021,1,CO,"1,775,189","2,425,270",12.07
2021,1,CT,"1,277,726","1,523,802",21.32
2021,1,DC,"240,081","294,941",12.21
2021,1,DE,"497,421","450,662",11.73
2021,1,FL,"9,886,525","9,749,050",11.47
2021,1,GA,"5,644,474","4,518,623",10.77
2021,1,HI,"245,086","442,229",30.67
2021,1,IA,"1,466,285","1,410,664",10.85
2021,1,ID,"968,357","796,377",10.02
2021,1,IL,"4,171,347","5,352,302",12.23
2021,1,IN,"3,329,529","2,935,001",12.18
2021,1,KS,"1,198,845","1,282,313",11.85
2021,1,KY,"2,807,809","2,025,322",10.46
2021,1,LA,"2,858,537","2,108,450",9.51
2021,1,MA,"1,941,772","2,832,085",22.30
2021,1,MD,"2,921,622","2,388,445",12.60
2021,1,ME,"468,008","724,682",16.49
2021,1,MI,"3,160,265","4,441,981",16.92
2021,1,MN,"2,192,482","2,477,409",12.56
2021,1,MO,"3,610,019","2,850,076",9.30
2021,1,MS,"1,799,046","1,308,678",10.65
2021,1,MT,"575,302","527,164",10.70
2021,1,NC,"6,227,361","4,733,597",10.39
2021,1,ND,"538,215","389,441",9.47
2021,1,NE,"1,008,003","864,051",9.31
2021,1,NH,"471,847","635,706",18.93
2021,1,NJ,"2,612,835","3,642,958",16.14
2021,1,NM,"665,038","909,920",12.44
2021,1,NV,"951,791","1,239,984",11.52
2021,1,NY,"4,661,629","7,215,891",18.31
2021,1,OH,"5,221,733","5,031,169",11.81
2021,1,OK,"2,232,960","1,804,997",8.83
2021,1,OR,"2,065,137","1,796,074",11.04
2021,1,PA,"5,778,686","5,463,396",13.07
2021,1,RI,"287,650","446,882",23.41
2021,1,SC,"3,044,351","2,399,440",11.65
2021,1,SD,"502,464","409,262",10.96
2021,1,TN,"4,399,991","2,989,532",10.31
2021,1,TX,"13,395,663","11,689,816",11.35
2021,1,UT,"908,711","1,163,516",9.98
2021,1,VA,"5,249,471","3,528,110",10.89
2021,1,VT,"222,604","317,381",18.39
2021,1,WA,"3,986,355","3,190,732",9.77
2021,1,WI,"2,154,213","2,768,034",14.03
2021,1,WV,"1,346,360","866,018",11.19
2021,1,WY,"317,051","277,335",10.44
2020,12,AK,"214,807","317,052",21.64
2020,12,AL,"2,949,694","2,294,363",11.32
2020,12,AR,"1,569,992","1,421,374",9.87
2020,12,AZ,"2,478,924","2,928,034",12.04
2020,12,CA,"8,623,579","14,338,358",20.42
2020,12,CO,"1,791,606","2,419,081",12.16
2020,12,CT,"1,210,742","1,518,294",20.65
2020,12,DC,"202,882","294,511",12.96
2020,12,DE,"427,140","449,821",12.38
2020,12,FL,"9,525,340","9,813,702",11.48
2020,12,GA,"5,389,241","4,526,251",10.98
2020,12,HI,"253,083","443,695",29.08
2020,12,IA,"1,426,626","1,410,559",10.80
2020,12,ID,"1,007,635","793,185",9.88
2020,12,IL,"4,065,810","5,363,394",12.52
2020,12,IN,"3,016,215","2,940,783",13.00
2020,12,KS,"1,135,342","1,286,076",12.27
2020,12,KY,"2,556,661","2,030,326",10.61
2020,12,LA,"2,348,598","2,118,274",9.75
2020,12,MA,"1,759,298","2,801,716",21.49
2020,12,MD,"2,731,341","2,389,453",12.72
2020,12,ME,"423,785","722,645",16.52
2020,12,MI,"3,207,580","4,447,243",16.33
2020,12,MN,"2,177,162","2,480,619",12.60
2020,12,MO,"3,270,996","2,857,426",9.63
2020,12,MS,"1,484,184","1,316,630",11.18
2020,12,MT,"561,117","526,286",10.76
2020,12,NC,"5,845,316","4,737,306",10.51
2020,12,ND,"514,159","388,057",9.35
2020,12,NE,"991,067","870,690",9.94
2020,12,NH,"444,220","635,561",18.73
2020,12,NJ,"2,459,931","3,635,876",15.96
2020,12,NM,"635,877","912,247",12.20
2020,12,NV,"998,364","1,235,272",11.17
2020,12,NY,"4,403,194","7,230,551",18.26
2020,12,OH,"4,962,510","5,036,373",12.01
2020,12,OK,"2,053,272","1,806,621",9.00
2020,12,OR,"2,159,077","1,796,316",10.95
2020,12,PA,"5,389,086","5,471,229",13.18
2020,12,RI,"263,011","431,444",22.59
2020,12,SC,"2,873,310","2,398,217",12.00
2020,12,SD,"476,873","410,297",11.32
2020,12,TN,"3,709,970","2,983,886",10.46
2020,12,TX,"11,785,893","11,633,892",11.59
2020,12,UT,"909,233","1,157,254",10.09
2020,12,VA,"5,107,313","3,530,039",11.17
2020,12,VT,"211,067","318,619",19.13
2020,12,WA,"4,113,732","3,199,271",9.88
2020,12,WI,"2,120,436","2,762,285",14.02
2020,12,WV,"1,211,185","866,141",11.41
2020,12,WY,"313,287","277,309",10.59
2020,11,AK,"195,193","316,940",22.26
2020,11,AL,"2,024,965","2,292,387",12.91
2020,11,AR,"1,147,265","1,424,707",10.59
2020,11,AZ,"2,188,339","2,918,251",11.55
2020,11,CA,"5,648,240","13,371,272",22.20
2020,11,CO,"1,482,488","2,412,728",12.38
2020,11,CT,"928,895","1,517,203",21.68
2020,11,DC,"167,862","293,930",13.35
2020,11,DE,"306,633","448,927",13.48
2020,11,FL,"9,735,803","9,881,416",11.71
2020,11,GA,"3,797,441","4,521,516",11.55
2020,11,HI,"255,953","443,323",28.78
2020,11,IA,"1,040,870","1,408,813",11.78
2020,11,ID,"804,699","790,445",9.63
2020,11,IL,"3,083,486","5,355,740",13.64
2020,11,IN,"2,251,995","2,934,017",13.57
2020,11,KS,"855,468","1,287,866",13.02
2020,11,KY,"1,730,743","2,028,469",11.52
2020,11,LA,"1,992,903","2,120,263",10.14
2020,11,MA,"1,394,040","2,801,537",22.04
2020,11,MD,"1,878,560","2,387,110",13.25
2020,11,ME,"350,893","680,237",16.48
2020,11,MI,"2,599,200","4,439,269",16.30
2020,11,MN,"1,742,025","2,472,130",12.66
2020,11,MO,"2,347,836","2,849,099",10.44
2020,11,MS,"1,148,983","1,316,883",11.91
2020,11,MT,"467,121","524,725",10.98
2020,11,NC,"3,855,198","4,730,902",11.51
2020,11,ND,"425,968","387,420",10.22
2020,11,NE,"751,893","867,550",10.52
2020,11,NH,"354,422","634,738",19.18
2020,11,NJ,"1,907,934","3,634,980",15.66
2020,11,NM,"511,254","909,680",12.85
2020,11,NV,"821,405","1,236,009",11.57
2020,11,NY,"3,628,921","7,210,605",18.95
2020,11,OH,"3,595,282","5,030,389",12.57
2020,11,OK,"1,457,753","1,805,021",10.42
2020,11,OR,"1,772,061","1,790,451",11.18
2020,11,PA,"3,979,809","5,463,869",13.55
2020,11,RI,"218,185","447,324",23.58
2020,11,SC,"2,007,516","2,395,367",12.94
2020,11,SD,"387,102","408,781",11.95
2020,11,TN,"2,644,657","2,981,295",11.14
2020,11,TX,"9,631,918","11,551,190",11.93
2020,11,UT,"759,101","1,152,736",10.18
2020,11,VA,"3,249,540","3,526,651",11.59
2020,11,VT,"169,870","317,829",19.76
2020,11,WA,"3,171,935","3,164,257",9.95
2020,11,WI,"1,768,327","2,745,366",14.29
2020,11,WV,"788,596","865,252",12.46
2020,11,WY,"234,392","276,658",11.05
2020,10,AK,"163,139","316,408",23.17
2020,10,AL,"2,115,935","2,294,774",13.08
2020,10,AR,"1,242,807","1,425,344",10.76
2020,10,AZ,"3,073,507","2,911,378",12.10
2020,10,CA,"9,184,571","13,840,040",20.78
2020,10,CO,"1,538,840","2,410,039",12.41
2020,10,CT,"835,162","1,519,020",22.93
2020,10,DC,"166,580","293,612",13.61
2020,10,DE,"320,926","448,789",13.91
2020,10,FL,"11,456,717","9,783,781",11.44
2020,10,GA,"3,970,345","4,517,512",12.09
2020,10,HI,"268,944","443,029",28.90
2020,10,IA,"938,680","1,407,279",12.45
2020,10,ID,"615,622","788,432",10.28
2020,10,IL,"3,015,228","5,347,482",13.99
2020,10,IN,"2,167,033","2,935,039",13.98
2020,10,KS,"952,750","1,285,284",13.08
2020,10,KY,"1,636,577","2,028,383",11.57
2020,10,LA,"2,292,649","2,126,011",10.48
2020,10,MA,"1,419,448","2,829,170",21.50
2020,10,MD,"1,653,641","2,385,182",13.82
2020,10,ME,"362,997","732,517",16.86
2020,10,MI,"2,514,759","4,438,796",16.79
2020,10,MN,"1,614,647","2,475,857",13.62
2020,10,MO,"2,289,397","2,850,491",11.03
2020,10,MS,"1,324,708","1,318,093",11.50
2020,10,MT,"364,270","524,808",11.55
2020,10,NC,"3,906,617","4,729,563",12.03
2020,10,ND,"358,938","387,716",10.66
2020,10,NE,"695,654","867,604",11.29
2020,10,NH,"322,505","635,512",19.32
2020,10,NJ,"1,779,021","3,636,439",15.91
2020,10,NM,"531,080","910,334",13.30
2020,10,NV,"1,028,164","1,233,025",11.36
2020,10,NY,"3,799,170","7,219,499",19.29
2020,10,OH,"3,485,848","5,033,899",13.00
2020,10,OK,"1,519,287","1,803,241",10.86
2020,10,OR,"1,405,643","1,790,969",11.41
2020,10,PA,"3,589,352","5,464,022",13.92
2020,10,RI,"220,808","445,400",22.43
2020,10,SC,"2,122,988","2,396,686",13.18
2020,10,SD,"344,202","409,049",12.47
2020,10,TN,"2,675,400","2,981,705",11.08
2020,10,TX,"11,842,657","11,610,335",11.85
2020,10,UT,"749,340","1,151,219",10.22
2020,10,VA,"2,417,739","3,523,023",12.41
2020,10,VT,"157,180","319,175",20.17
2020,10,WA,"2,605,836","3,189,126",10.03
2020,10,WI,"1,597,301","2,746,174",14.75
2020,10,WV,"658,953","864,778",13.00
2020,10,WY,"200,372","276,799",11.70
2020,9,AK,"145,067","316,319",23.18
2020,9,AL,"2,827,522","2,293,796",13.09
2020,9,AR,"1,718,588","1,421,046",10.85
2020,9,AZ,"4,011,169","2,901,900",12.38
2020,9,CA,"9,974,046","13,841,284",21.16
2020,9,CO,"1,752,446","2,405,704",13.07
2020,9,CT,"935,540","1,519,438",23.92
2020,9,DC,"220,628","292,733",12.55
2020,9,DE,"482,090","448,088",11.96
2020,9,FL,"13,101,141","9,773,791",11.65
2020,9,GA,"5,209,661","4,508,783",12.31
2020,9,HI,"250,445","442,685",29.98
2020,9,IA,"1,057,725","1,405,758",12.63
2020,9,ID,"589,496","786,818",10.02
2020,9,IL,"3,370,508","5,356,907",12.68
2020,9,IN,"2,591,446","2,933,143",13.38
2020,9,KS,"1,146,898","1,285,927",12.47
2020,9,KY,"2,088,375","2,025,480",11.06
2020,9,LA,"3,094,107","2,121,477",9.95
2020,9,MA,"1,765,086","2,817,839",21.45
2020,9,MD,"2,071,387","2,382,949",12.93
2020,9,ME,"385,280","731,000",17.22
2020,9,MI,"2,506,779","4,432,131",16.86
2020,9,MN,"1,607,971","2,471,973",14.18
2020,9,MO,"2,736,723","2,847,824",11.30
2020,9,MS,"1,835,053","1,314,996",10.72
2020,9,MT,"378,583","524,061",11.76
2020,9,NC,"4,865,379","4,723,500",12.00
2020,9,ND,"306,866","387,251",12.29
2020,9,NE,"795,697","867,970",11.84
2020,9,NH,"348,159","635,444",19.01
2020,9,NJ,"2,532,360","3,625,469",16.31
2020,9,NM,"612,945","907,030",14.11
2020,9,NV,"1,469,990","1,231,273",11.92
2020,9,NY,"4,786,680","7,220,966",19.01
2020,9,OH,"4,042,598","5,030,652",12.34
2020,9,OK,"1,935,133","1,801,361",11.05
2020,9,OR,"1,348,791","1,787,422",11.46
2020,9,PA,"4,306,376","5,459,841",13.59
2020,9,RI,"269,736","426,023",21.98
2020,9,SC,"2,675,558","2,392,412",13.19
2020,9,SD,"358,487","408,579",12.63
2020,9,TN,"3,943,429","2,979,563",10.58
2020,9,TX,"15,945,939","11,583,459",11.77
2020,9,UT,"907,777","1,146,509",10.71
2020,9,VA,"3,491,754","3,519,317",12.02
2020,9,VT,"157,563","318,601",19.87
2020,9,WA,"2,373,059","3,179,647",10.19
2020,9,WI,"1,549,875","2,746,967",14.86
2020,9,WV,"761,634","864,440",12.23
2020,9,WY,"184,351","276,726",11.83
2020,8,AK,"145,337","316,131",23.41
2020,8,AL,"3,510,973","2,291,180",12.66
2020,8,AR,"1,975,490","1,418,728",10.47
2020,8,AZ,"5,389,449","2,894,691",12.24
2020,8,CA,"10,320,595","13,645,186",20.69
2020,8,CO,"2,234,911","2,403,592",12.71
2020,8,CT,"1,395,614","1,518,318",22.38
2020,8,DC,"268,278","291,631",12.12
2020,8,DE,"558,380","447,576",12.01
2020,8,FL,"14,523,638","9,755,475",11.28
2020,8,GA,"6,507,073","4,501,245",13.07
2020,8,HI,"255,467","442,287",28.85
2020,8,IA,"1,406,709","1,403,768",14.16
2020,8,ID,"780,474","784,815",10.35
2020,8,IL,"5,164,826","5,337,861",12.56
2020,8,IN,"3,360,798","2,927,972",12.62
2020,8,KS,"1,547,495","1,291,731",13.01
2020,8,KY,"2,635,992","2,024,239",10.68
2020,8,LA,"3,455,191","2,121,356",9.60
2020,8,MA,"2,346,939","2,826,455",21.62
2020,8,MD,"2,883,451","2,381,765",12.47
2020,8,ME,"485,729","731,037",16.83
2020,8,MI,"3,654,821","4,423,299",16.50
2020,8,MN,"2,146,910","2,468,328",13.93
2020,8,MO,"3,508,539","2,846,817",12.72
2020,8,MS,"2,046,577","1,309,093",10.66
2020,8,MT,"445,287","523,184",11.66
2020,8,NC,"6,206,148","4,716,320",11.42
2020,8,ND,"371,606","386,985",11.84
2020,8,NE,"976,701","866,775",11.76
2020,8,NH,"500,678","634,997",18.26
2020,8,NJ,"3,737,378","3,618,680",16.46
2020,8,NM,"825,430","906,378",13.77
2020,8,NV,"2,065,473","1,230,159",10.75
2020,8,NY,"5,958,493","7,229,660",18.43
2020,8,OH,"5,299,604","5,023,995",12.27
2020,8,OK,"2,675,320","1,800,076",10.43
2020,8,OR,"1,569,928","1,788,639",11.34
2020,8,PA,"5,720,606","5,455,650",13.27
2020,8,RI,"383,370","451,797",22.13
2020,8,SC,"3,439,864","2,388,209",12.78
2020,8,SD,"448,090","408,453",12.64
2020,8,TN,"4,560,163","2,981,433",10.53
2020,8,TX,"18,839,830","11,592,571",11.50
2020,8,UT,"1,328,349","1,142,150",11.12
2020,8,VA,"4,895,505","3,515,544",12.27
2020,8,VT,"192,087","318,166",19.24
2020,8,WA,"2,591,627","3,164,874",10.08
2020,8,WI,"2,196,913","2,745,408",14.30
2020,8,WV,"971,538","863,443",11.73
2020,8,WY,"229,505","276,321",11.65
2020,7,AK,"144,690","315,960",23.62
2020,7,AL,"3,529,490","2,287,787",12.59
2020,7,AR,"1,972,378","1,416,432",10.74
2020,7,AZ,"5,228,606","2,888,854",12.57
2020,7,CA,"10,437,989","14,269,087",20.03
2020,7,CO,"2,226,733","2,399,956",12.69
2020,7,CT,"1,587,475","1,519,841",22.35
2020,7,DC,"304,213","291,118",11.81
2020,7,DE,"577,703","447,076",11.77
2020,7,FL,"14,481,021","9,743,151",11.37
2020,7,GA,"6,811,495","4,495,031",12.84
2020,7,HI,"244,876","442,075",28.86
2020,7,IA,"1,550,704","1,405,914",14.28
2020,7,ID,"793,148","783,290",10.76
2020,7,IL,"5,962,732","5,342,892",12.18
2020,7,IN,"3,707,580","2,929,677",12.51
2020,7,KS,"1,714,674","1,286,716",12.91
2020,7,KY,"2,951,243","2,022,589",10.54
2020,7,LA,"3,463,422","2,122,071",9.53
2020,7,MA,"2,277,615","2,845,149",21.26
2020,7,MD,"3,252,465","2,379,833",12.22
2020,7,ME,"454,024","730,840",16.85
2020,7,MI,"4,480,768","4,427,296",16.25
2020,7,MN,"2,421,501","2,469,176",13.60
2020,7,MO,"4,050,678","2,844,025",12.85
2020,7,MS,"2,019,426","1,313,370",10.78
2020,7,MT,"404,522","522,987",11.76
2020,7,NC,"6,738,065","4,704,674",11.12
2020,7,ND,"389,895","387,054",11.82
2020,7,NE,"1,164,762","867,687",11.51
2020,7,NH,"519,315","634,636",18.30
2020,7,NJ,"4,327,143","3,617,520",16.58
2020,7,NM,"841,487","906,077",13.63
2020,7,NV,"1,985,132","1,228,990",10.69
2020,7,NY,"6,104,682","7,237,828",18.75
2020,7,OH,"6,109,669","5,023,566",12.26
2020,7,OK,"2,868,896","1,801,985",10.24
2020,7,OR,"1,573,691","1,788,789",11.38
2020,7,PA,"6,094,140","5,456,566",13.32
2020,7,RI,"394,823","432,204",19.52
2020,7,SC,"3,614,445","2,385,070",12.59
2020,7,SD,"464,080","408,754",12.26
2020,7,TN,"4,467,965","2,980,363",10.72
2020,7,TX,"18,866,998","11,593,135",11.59
2020,7,UT,"1,234,653","1,143,755",10.88
2020,7,VA,"5,396,579","3,511,323",12.21
2020,7,VT,"213,243","318,098",19.06
2020,7,WA,"2,751,883","3,181,989",10.02
2020,7,WI,"2,616,597","2,749,504",14.15
2020,7,WV,"1,088,175","862,685",11.68
2020,7,WY,"230,657","276,555",11.81
2020,6,AK,"139,858","314,858",23.55
2020,6,AL,"2,867,165","2,283,381",12.84
2020,6,AR,"1,490,146","1,414,248",10.67
2020,6,AZ,"4,031,624","2,885,632",12.63
2020,6,CA,"8,031,151","13,903,947",19.71
2020,6,CO,"1,868,000","2,398,334",12.82
2020,6,CT,"1,172,120","1,522,432",22.02
2020,6,DC,"199,570","290,568",12.78
2020,6,DE,"412,523","445,832",13.07
2020,6,FL,"12,720,296","9,727,107",11.23
2020,6,GA,"5,341,792","4,487,986",12.88
2020,6,HI,"247,797","441,814",29.02
2020,6,IA,"1,284,155","1,402,723",13.03
2020,6,ID,"629,362","781,293",10.45
2020,6,IL,"4,603,849","5,337,593",12.90
2020,6,IN,"2,950,259","2,914,984",12.87
2020,6,KS,"1,491,734","1,282,185",12.91
2020,6,KY,"2,250,905","2,007,904",10.83
2020,6,LA,"2,887,190","2,118,755",9.68
2020,6,MA,"1,652,240","2,817,251",20.91
2020,6,MD,"2,356,242","2,376,509",12.83
2020,6,ME,"372,651","730,809",16.92
2020,6,MI,"3,364,659","4,422,664",16.61
2020,6,MN,"1,979,053","2,464,448",13.96
2020,6,MO,"3,272,401","2,827,120",13.00
2020,6,MS,"1,640,425","1,311,432",11.10
2020,6,MT,"364,477","521,863",11.68
2020,6,NC,"5,174,091","4,693,115",11.31
2020,6,ND,"336,591","386,464",12.01
2020,6,NE,"943,035","864,823",11.25
2020,6,NH,"395,365","633,873",18.97
2020,6,NJ,"2,885,376","3,619,015",15.82
2020,6,NM,"675,301","904,440",13.26
2020,6,NV,"1,500,075","1,226,950",11.15
2020,6,NY,"4,379,179","7,242,854",19.13
2020,6,OH,"4,604,773","5,009,368",12.23
2020,6,OK,"2,347,675","1,796,931",10.37
2020,6,OR,"1,353,229","1,785,070",11.39
2020,6,PA,"4,362,522","5,442,411",13.63
2020,6,RI,"269,676","447,620",19.28
2020,6,SC,"2,873,058","2,377,399",12.82
2020,6,SD,"391,777","407,695",12.11
2020,6,TN,"3,444,798","2,896,216",10.88
2020,6,TX,"15,309,392","11,565,409",11.76
2020,6,UT,"897,655","1,142,287",10.67
2020,6,VA,"4,098,633","3,505,979",12.31
2020,6,VT,"171,150","317,593",19.72
2020,6,WA,"2,504,661","3,164,916",10.08
2020,6,WI,"1,993,569","2,738,593",14.56
2020,6,WV,"804,268","861,860",11.97
2020,6,WY,"200,565","275,795",11.73
2020,5,AK,"150,647","314,265",22.87
2020,5,AL,"2,261,118","2,267,409",12.60
2020,5,AR,"1,142,122","1,407,701",10.50
2020,5,AZ,"3,474,632","2,883,607",12.86
2020,5,CA,"7,415,614","13,689,995",18.61
2020,5,CO,"1,539,187","2,395,258",11.93
2020,5,CT,"875,643","1,522,221",24.21
2020,5,DC,"182,488","289,030",12.77
2020,5,DE,"340,218","445,058",13.42
2020,5,FL,"10,832,797","9,704,977",9.60
2020,5,GA,"4,262,055","4,473,315",12.00
2020,5,HI,"228,231","441,255",30.93
2020,5,IA,"936,915","1,401,109",13.77
2020,5,ID,"596,571","779,417",9.85
2020,5,IL,"3,251,433","5,333,881",14.29
2020,5,IN,"2,242,530","2,912,117",12.90
2020,5,KS,"876,146","1,284,710",14.21
2020,5,KY,"1,799,749","2,009,645",11.12
2020,5,LA,"2,204,836","2,106,007",9.87
2020,5,MA,"1,427,536","2,816,886",22.16
2020,5,MD,"1,876,126","2,373,143",13.21
2020,5,ME,"359,957","700,810",16.83
2020,5,MI,"2,593,044","4,414,009",16.20
2020,5,MN,"1,572,022","2,458,845",13.45
2020,5,MO,"2,284,331","2,820,707",12.39
2020,5,MS,"1,213,130","1,302,386",11.75
2020,5,MT,"371,135","521,041",11.39
2020,5,NC,"4,014,933","4,678,717",11.61
2020,5,ND,"333,340","386,076",11.21
2020,5,NE,"657,464","861,987",11.48
2020,5,NH,"359,282","633,503",19.32
2020,5,NJ,"2,017,948","3,605,911",15.60
2020,5,NM,"569,249","904,158",12.04
2020,5,NV,"1,183,277","1,223,205",11.37
2020,5,NY,"3,563,753","7,246,712",18.55
2020,5,OH,"3,695,775","5,004,923",12.60
2020,5,OK,"1,620,985","1,791,501",10.04
2020,5,OR,"1,368,310","1,782,842",11.48
2020,5,PA,"3,811,926","5,436,451",14.01
2020,5,RI,"222,525","451,287",21.20
2020,5,SC,"2,138,895","2,366,937",13.03
2020,5,SD,"337,204","406,411",12.06
2020,5,TN,"2,644,334","2,884,990",10.88
2020,5,TX,"11,739,799","11,464,324",11.79
2020,5,UT,"766,251","1,136,638",10.32
2020,5,VA,"3,043,111","3,498,143",12.30
2020,5,VT,"156,874","315,892",19.78
2020,5,WA,"2,493,203","3,158,836",10.01
2020,5,WI,"1,646,079","2,734,419",14.77
2020,5,WV,"795,037","860,826",12.12
2020,5,WY,"191,182","275,413",11.44
2020,4,AK,"169,725","314,023",22.01
2020,4,AL,"1,945,668","2,271,839",12.78
2020,4,AR,"1,119,416","1,404,759",10.67
2020,4,AZ,"2,287,848","2,883,774",12.63
2020,4,CA,"5,558,151","13,784,664",20.43
2020,4,CO,"1,376,629","2,393,433",12.05
2020,4,CT,"939,583","1,526,532",23.79
2020,4,DC,"165,143","287,943",12.41
2020,4,DE,"344,515","444,433",12.85
2020,4,FL,"10,201,725","9,763,609",11.44
2020,4,GA,"3,600,453","4,466,261",11.57
2020,4,HI,"204,597","441,104",32.75
2020,4,IA,"1,027,573","1,403,331",12.16
2020,4,ID,"653,529","778,443",9.46
2020,4,IL,"2,896,520","5,326,883",13.96
2020,4,IN,"2,190,946","2,908,223",12.89
2020,4,KS,"833,919","1,275,449",13.28
2020,4,KY,"1,668,869","1,999,746",11.17
2020,4,LA,"2,009,925","2,104,941",9.43
2020,4,MA,"1,458,954","2,818,768",23.15
2020,4,MD,"1,805,284","2,370,460",13.20
2020,4,ME,"401,913","724,821",16.81
2020,4,MI,"2,535,980","4,416,222",16.00
2020,4,MN,"1,672,948","2,463,443",12.91
2020,4,MO,"2,230,378","2,818,207",10.62
2020,4,MS,"1,136,334","1,307,172",11.59
2020,4,MT,"457,120","521,441",10.98
2020,4,NC,"3,788,702","4,670,238",11.87
2020,4,ND,"409,926","386,230",10.15
2020,4,NE,"712,123","863,923",10.81
2020,4,NH,"351,720","630,796",19.36
2020,4,NJ,"1,943,757","3,602,868",15.90
2020,4,NM,"444,708","903,386",12.45
2020,4,NV,"814,784","1,219,786",11.73
2020,4,NY,"3,559,960","7,255,797",17.35
2020,4,OH,"3,608,285","5,001,927",12.63
2020,4,OK,"1,431,498","1,788,333",10.42
2020,4,OR,"1,477,683","1,784,132",11.09
2020,4,PA,"4,057,205","5,433,597",13.78
2020,4,RI,"208,438","440,118",23.37
2020,4,SC,"1,897,216","2,362,613",13.33
2020,4,SD,"395,859","406,695",11.49
2020,4,TN,"2,679,145","2,878,684",10.84
2020,4,TX,"9,844,398","11,474,456",12.04
2020,4,UT,"671,230","1,138,690",10.16
2020,4,VA,"2,789,625","3,493,907",12.67
2020,4,VT,"164,342","315,144",19.58
2020,4,WA,"2,967,716","3,192,128",9.80
2020,4,WI,"1,657,778","2,745,129",14.37
2020,4,WV,"756,055","859,915",11.89
2020,4,WY,"233,406","275,775",10.96
2020,3,AK,"192,946","313,772",22.06
2020,3,AL,"2,168,111","2,268,874",12.68
2020,3,AR,"1,379,961","1,405,597",10.13
2020,3,AZ,"1,963,532","2,885,045",12.01
2020,3,CA,"6,346,745","14,023,539",20.33
2020,3,CO,"1,476,916","2,391,629",12.01
2020,3,CT,"941,044","1,524,441",23.59
2020,3,DC,"166,769","287,492",13.03
2020,3,DE,"382,979","443,687",12.81
2020,3,FL,"9,185,071","9,681,530",11.31
2020,3,GA,"4,010,567","4,461,069",11.58
2020,3,HI,"208,597","441,249",33.08
2020,3,IA,"1,141,175","1,397,127",11.81
2020,3,ID,"747,603","776,272",9.59
2020,3,IL,"3,225,434","5,328,923",13.41
2020,3,IN,"2,517,486","2,904,565",12.48
2020,3,KS,"892,832","1,277,472",12.90
2020,3,KY,"1,942,860","1,998,011",10.80
2020,3,LA,"2,075,455","2,111,917",9.27
2020,3,MA,"1,496,116","2,812,083",22.73
2020,3,MD,"1,960,681","2,367,789",13.58
2020,3,ME,"424,192","727,550",16.56
2020,3,MI,"2,688,016","4,408,301",15.90
2020,3,MN,"1,859,203","2,451,433",12.57
2020,3,MO,"2,561,603","2,818,579",10.31
2020,3,MS,"1,268,399","1,310,710",11.46
2020,3,MT,"483,866","519,730",11.05
2020,3,NC,"4,086,358","4,662,477",11.55
2020,3,ND,"468,797","388,892",9.95
2020,3,NE,"843,514","860,390",10.33
2020,3,NH,"373,333","630,291",18.95
2020,3,NJ,"1,847,261","3,610,061",16.11
2020,3,NM,"467,401","903,145",12.36
2020,3,NV,"766,502","1,220,223",12.07
2020,3,NY,"3,799,343","7,260,872",17.20
2020,3,OH,"3,793,780","4,998,739",12.16
2020,3,OK,"1,557,605","1,786,619",9.99
2020,3,OR,"1,813,320","1,777,048",11.01
2020,3,PA,"4,008,742","5,434,176",13.77
2020,3,RI,"213,075","438,156",23.25
2020,3,SC,"2,106,487","2,360,367",13.04
2020,3,SD,"445,870","405,322",11.11
2020,3,TN,"3,141,259","2,876,963",10.83
2020,3,TX,"10,123,267","11,480,995",11.81
2020,3,UT,"717,794","1,137,207",10.03
2020,3,VA,"3,268,769","3,490,829",12.21
2020,3,VT,"176,938","314,839",19.66
2020,3,WA,"3,635,816","3,135,623",9.72
2020,3,WI,"1,778,451","2,725,805",14.19
2020,3,WV,"846,257","859,579",12.05
2020,3,WY,"266,846","275,115",10.63
2020,2,AK,"196,252","313,282",21.90
2020,2,AL,"2,466,571","2,261,500",12.32
2020,2,AR,"1,559,024","1,399,817",9.90
2020,2,AZ,"2,122,787","2,888,911",11.73
2020,2,CA,"5,521,113","13,303,050",21.67
2020,2,CO,"1,524,449","2,388,545",11.87
2020,2,CT,"993,955","1,522,778",23.97
2020,2,DC,"180,593","286,787",12.81
2020,2,DE,"408,333","443,152",12.45
2020,2,FL,"8,498,637","9,590,052",11.38
2020,2,GA,"4,467,861","4,445,537",11.24
2020,2,HI,"191,768","440,795",33.37
2020,2,IA,"1,263,823","1,396,294",11.37
2020,2,ID,"834,523","774,587",9.40
2020,2,IL,"3,634,409","5,326,528",13.01
2020,2,IN,"2,868,535","2,902,580",12.14
2020,2,KS,"1,016,241","1,273,502",12.44
2020,2,KY,"2,279,694","1,996,621",10.50
2020,2,LA,"2,198,788","2,086,709",9.07
2020,2,MA,"1,581,751","2,815,974",23.02
2020,2,MD,"2,279,695","2,365,592",13.35
2020,2,ME,"398,520","645,242",17.04
2020,2,MI,"2,754,775","4,407,729",15.77
2020,2,MN,"1,932,806","2,448,875",12.48
2020,2,MO,"3,053,813","2,815,119",9.69
2020,2,MS,"1,390,523","1,289,304",11.05
2020,2,MT,"502,938","519,084",11.03
2020,2,NC,"4,821,528","4,647,852",11.36
2020,2,ND,"521,036","388,860",9.25
2020,2,NE,"922,129","858,853",9.81
2020,2,NH,"378,993","629,795",19.69
2020,2,NJ,"1,964,068","3,609,468",15.70
2020,2,NM,"528,812","901,915",12.39
2020,2,NV,"791,661","1,215,984",11.98
2020,2,NY,"3,924,953","7,257,234",17.46
2020,2,OH,"4,605,236","4,993,916",11.82
2020,2,OK,"1,808,556","1,782,709",9.45
2020,2,OR,"1,796,853","1,774,323",10.93
2020,2,PA,"4,738,790","5,430,078",13.72
2020,2,RI,"225,375","436,452",22.64
2020,2,SC,"2,440,024","2,350,844",12.51
2020,2,SD,"477,706","404,963",11.05
2020,2,TN,"3,616,666","2,871,966",10.63
2020,2,TX,"11,022,836","11,380,770",11.72
2020,2,UT,"762,588","1,135,417",10.05
2020,2,VA,"3,714,713","3,484,488",12.07
2020,2,VT,"186,976","314,366",19.47
2020,2,WA,"3,602,750","3,133,383",9.54
2020,2,WI,"1,805,277","2,729,668",14.17
2020,2,WV,"1,054,629","858,947",11.27
2020,2,WY,"288,549","274,999",10.52
2020,1,AK,"231,387","313,464",22.33
2020,1,AL,"2,663,829","2,261,584",12.31
2020,1,AR,"1,663,017","1,402,144",9.84
2020,1,AZ,"2,457,001","2,885,980",11.55
2020,1,CA,"7,872,769","14,006,188",19.91
2020,1,CO,"1,670,298","2,385,933",11.73
2020,1,CT,"1,166,067","1,522,823",22.40
2020,1,DC,"227,583","286,238",12.38
2020,1,DE,"429,694","442,864",12.05
2020,1,FL,"9,036,684","9,556,250",11.34
2020,1,GA,"4,852,298","4,444,607",11.05
2020,1,HI,"239,356","440,713",31.69
2020,1,IA,"1,492,529","1,397,865",11.21
2020,1,ID,"918,090","773,701",9.86
2020,1,IL,"3,896,304","5,317,211",12.84
2020,1,IN,"3,013,533","2,900,016",12.22
2020,1,KS,"1,128,945","1,273,312",12.10
2020,1,KY,"2,393,430","1,995,488",10.68
2020,1,LA,"2,417,684","2,097,321",9.24
2020,1,MA,"1,766,155","2,807,771",22.88
2020,1,MD,"2,557,504","2,363,987",13.41
2020,1,ME,"485,323","753,197",16.82
2020,1,MI,"2,962,531","4,406,160",15.58
2020,1,MN,"2,209,425","2,451,847",12.23
2020,1,MO,"3,343,678","2,811,493",9.82
2020,1,MS,"1,487,092","1,287,716",11.27
2020,1,MT,"579,529","519,330",10.89
2020,1,NC,"5,339,239","4,646,430",10.90
2020,1,ND,"609,428","389,049",8.98
2020,1,NE,"1,060,906","859,766",9.41
2020,1,NH,"442,381","629,666",19.88
2020,1,NJ,"2,274,680","3,606,761",15.40
2020,1,NM,"638,535","901,835",12.00
2020,1,NV,"896,779","1,217,920",11.93
2020,1,NY,"4,348,817","7,257,340",17.58
2020,1,OH,"4,749,410","4,991,712",11.96
2020,1,OK,"1,956,493","1,783,052",9.18
2020,1,OR,"1,989,426","1,775,537",10.77
2020,1,PA,"5,248,539","5,429,377",13.65
2020,1,RI,"258,999","451,043",24.23
2020,1,SC,"2,636,656","2,350,110",12.50
2020,1,SD,"542,774","405,309",10.61
2020,1,TN,"3,557,125","2,868,703",10.88
2020,1,TX,"11,461,891","11,253,310",11.46
2020,1,UT,"842,822","1,133,742",9.98
2020,1,VA,"4,615,565","3,482,885",11.63
2020,1,VT,"199,712","315,055",19.35
2020,1,WA,"4,046,581","3,154,786",9.55
2020,1,WI,"2,116,133","2,739,708",13.79
2020,1,WV,"1,141,172","859,463",10.89
2020,1,WY,"306,417","274,890",10.42
2019,12,AK,"196,549","289,714",22.94
2019,12,AL,"2,581,195","2,249,368",11.19
2019,12,AR,"1,526,857","1,402,550",9.20
2019,12,AZ,"2,401,781","2,887,291",11.61
2019,12,CA,"7,825,593","14,064,486",19.15
2019,12,CO,"1,674,546","2,387,534",11.52
2019,12,CT,"1,311,640","1,515,286",20.30
2019,12,DC,"195,044","285,498",12.38
2019,12,DE,"436,174","442,249",12.16
2019,12,FL,"8,707,171","9,713,315",11.62
2019,12,GA,"4,662,879","4,438,466",9.54
2019,12,HI,"240,363","439,412",30.99
2019,12,IA,"1,350,530","1,400,096",11.13
2019,12,ID,"920,146","772,889",9.79
2019,12,IL,"3,793,811","5,335,516",12.79
2019,12,IN,"2,950,199","2,901,889",12.10
2019,12,KS,"1,080,364","1,277,891",12.04
2019,12,KY,"2,333,212","1,998,426",10.85
2019,12,LA,"2,235,549","2,100,816",9.14
2019,12,MA,"1,696,378","2,814,325",22.39
2019,12,MD,"2,558,943","2,362,008",12.85
2019,12,ME,"438,657","723,699",17.95
2019,12,MI,"2,969,998","4,404,394",15.69
2019,12,MN,"2,120,620","2,455,419",12.24
2019,12,MO,"3,132,421","2,822,742",9.85
2019,12,MS,"1,437,931","1,296,996",11.27
2019,12,MT,"541,716","519,578",11.03
2019,12,NC,"5,223,038","4,650,356",10.88
2019,12,ND,"566,314","386,784",9.18
2019,12,NE,"971,825","859,275",9.91
2019,12,NH,"435,187","628,548",19.71
2019,12,NJ,"2,289,137","3,607,161",15.22
2019,12,NM,"606,501","899,109",11.99
2019,12,NV,"932,105","1,217,000",11.99
2019,12,NY,"4,266,229","7,265,649",17.33
2019,12,OH,"4,678,575","4,995,176",11.80
2019,12,OK,"1,895,123","1,784,202",9.11
2019,12,OR,"2,102,935","1,775,020",10.81
2019,12,PA,"5,006,323","5,434,327",13.98
2019,12,RI,"254,381","426,769",21.82
2019,12,SC,"2,563,561","2,347,463",13.90
2019,12,SD,"492,570","405,374",11.01
2019,12,TN,"3,563,243","2,924,800",10.82
2019,12,TX,"10,976,835","11,406,049",11.71
2019,12,UT,"858,022","1,127,058",10.07
2019,12,VA,"4,468,257","3,480,381",11.73
2019,12,VT,"202,328","316,111",19.23
2019,12,WA,"3,908,738","3,142,264",9.57
2019,12,WI,"2,022,047","2,734,929",13.72
2019,12,WV,"1,174,170","858,678",10.55
2019,12,WY,"300,368","276,040",10.76
2019,11,AK,"167,062","289,831",23.03
2019,11,AL,"2,290,529","2,257,117",12.47
2019,11,AR,"1,257,377","1,401,342",9.65
2019,11,AZ,"1,936,486","2,878,045",12.01
2019,11,CA,"5,656,444","13,356,584",20.11
2019,11,CO,"1,460,220","2,384,355",11.72
2019,11,CT,"848,388","1,513,745",21.64
2019,11,DC,"168,211","285,101",13.77
2019,11,DE,"337,152","441,497",13.15
2019,11,FL,"9,159,083","9,704,505",12.09
2019,11,GA,"4,048,131","4,436,588",11.13
2019,11,HI,"235,873","439,092",30.98
2019,11,IA,"1,029,985","1,397,425",11.77
2019,11,ID,"767,388","771,255",9.49
2019,11,IL,"3,427,813","5,322,138",13.51
2019,11,IN,"2,500,889","2,896,332",12.70
2019,11,KS,"916,299","1,278,048",12.91
2019,11,KY,"1,972,461","1,997,486",11.11
2019,11,LA,"2,063,441","2,101,624",9.76
2019,11,MA,"1,406,209","2,811,059",21.78
2019,11,MD,"2,040,205","2,359,653",12.78
2019,11,ME,"389,628","699,787",17.55
2019,11,MI,"2,674,900","4,399,921",15.73
2019,11,MN,"1,765,948","2,452,206",12.27
2019,11,MO,"2,633,345","2,816,210",10.15
2019,11,MS,"1,278,402","1,298,167",11.48
2019,11,MT,"461,291","518,667",11.18
2019,11,NC,"4,219,181","4,647,034",11.43
2019,11,ND,"469,596","386,811",9.80
2019,11,NE,"759,320","858,089",10.59
2019,11,NH,"338,792","627,633",20.22
2019,11,NJ,"1,871,555","3,614,851",15.27
2019,11,NM,"489,088","897,415",12.15
2019,11,NV,"746,896","1,210,722",12.40
2019,11,NY,"3,527,544","7,251,043",18.01
2019,11,OH,"3,967,509","4,989,190",12.21
2019,11,OK,"1,624,508","1,783,460",9.84
2019,11,OR,"1,721,897","1,773,000",11.00
2019,11,PA,"3,952,155","5,429,959",14.09
2019,11,RI,"209,733","447,809",21.92
2019,11,SC,"2,105,996","2,344,877",13.27
2019,11,SD,"408,575","404,959",11.28
2019,11,TN,"2,930,080","2,924,322",11.07
2019,11,TX,"9,793,117","11,331,758",11.99
2019,11,UT,"693,367","1,125,634",10.22
2019,11,VA,"3,490,816","3,479,596",12.12
2019,11,VT,"172,881","316,507",19.82
2019,11,WA,"3,071,579","3,132,786",9.65
2019,11,WI,"1,812,991","2,721,988",14.03
2019,11,WV,"934,966","857,572",11.69
2019,11,WY,"247,625","275,726",10.93
2019,10,AK,"154,043","290,894",23.43
2019,10,AL,"2,410,160","2,257,942",12.86
2019,10,AR,"1,504,786","1,401,021",9.71
2019,10,AZ,"2,361,998","2,867,230",12.77
2019,10,CA,"7,198,629","14,265,420",14.90
2019,10,CO,"1,451,156","2,381,183",11.91
2019,10,CT,"797,966","1,513,319",21.67
2019,10,DC,"182,912","283,573",13.47
2019,10,DE,"321,095","441,226",13.89
2019,10,FL,"11,503,366","9,560,926",11.66
2019,10,GA,"4,413,296","4,432,708",11.32
2019,10,HI,"254,058","438,981",30.78
2019,10,IA,"1,027,697","1,401,557",12.02
2019,10,ID,"663,954","770,709",9.68
2019,10,IL,"3,035,750","5,315,884",13.86
2019,10,IN,"2,233,922","2,893,106",12.87
2019,10,KS,"926,777","1,275,443",13.08
2019,10,KY,"1,729,577","1,995,387",11.08
2019,10,LA,"2,706,920","2,108,485",10.15
2019,10,MA,"1,335,579","2,789,284",21.25
2019,10,MD,"1,627,822","2,357,782",14.05
2019,10,ME,"347,421","724,667",18.34
2019,10,MI,"2,307,155","4,401,160",16.25
2019,10,MN,"1,603,709","2,463,561",13.17
2019,10,MO,"2,405,926","2,814,440",10.68
2019,10,MS,"1,612,547","1,294,995",11.16
2019,10,MT,"379,110","519,498",11.45
2019,10,NC,"4,238,459","4,642,493",11.90
2019,10,ND,"383,229","387,689",10.44
2019,10,NE,"724,161","861,672",10.99
2019,10,NH,"302,223","627,397",20.43
2019,10,NJ,"1,805,196","3,600,258",15.50
2019,10,NM,"481,260","897,954",12.91
2019,10,NV,"788,726","1,205,899",12.47
2019,10,NY,"3,495,083","7,241,758",18.58
2019,10,OH,"3,442,825","4,984,046",12.06
2019,10,OK,"1,626,731","1,782,236",11.09
2019,10,OR,"1,457,752","1,776,735",11.25
2019,10,PA,"3,575,470","5,427,103",14.22
2019,10,RI,"205,491","451,064",21.81
2019,10,SC,"2,326,680","2,343,704",13.26
2019,10,SD,"354,724","406,195",12.24
2019,10,TN,"3,334,172","2,925,506",10.53
2019,10,TX,"13,807,144","11,461,778",11.81
2019,10,UT,"711,360","1,122,697",10.26
2019,10,VA,"2,949,157","3,476,071",12.39
2019,10,VT,"145,722","317,116",20.21
2019,10,WA,"2,877,578","3,197,425",9.78
2019,10,WI,"1,554,373","2,730,025",14.78
2019,10,WV,"693,182","856,486",12.17
2019,10,WY,"219,179","276,322",11.42
2019,9,AK,"135,921","290,084",23.94
2019,9,AL,"3,335,754","2,254,070",12.61
2019,9,AR,"1,903,045","1,400,873",10.04
2019,9,AZ,"3,697,216","2,856,489",12.32
2019,9,CA,"8,434,940","13,586,517",20.65
2019,9,CO,"1,695,193","2,376,739",12.80
2019,9,CT,"851,113","1,511,927",21.53
2019,9,DC,"228,783","282,994",12.79
2019,9,DE,"425,666","440,537",12.69
2019,9,FL,"12,976,524","9,600,439",11.82
2019,9,GA,"6,039,130","4,426,033",11.98
2019,9,HI,"256,036","438,750",31.17
2019,9,IA,"1,070,678","1,391,783",13.42
2019,9,ID,"560,347","767,644",9.86
2019,9,IL,"3,848,741","5,317,603",12.69
2019,9,IN,"2,820,105","2,888,767",12.53
2019,9,KS,"1,393,542","1,276,615",12.82
2019,9,KY,"2,363,859","1,993,614",10.71
2019,9,LA,"3,369,794","2,102,385",9.94
2019,9,MA,"1,551,280","2,797,251",22.03
2019,9,MD,"2,152,295","2,356,062",12.82
2019,9,ME,"360,010","697,969",18.12
2019,9,MI,"2,489,208","4,385,300",16.28
2019,9,MN,"1,615,848","2,446,044",13.80
2019,9,MO,"3,180,397","2,812,461",11.48
2019,9,MS,"1,990,638","1,300,469",10.90
2019,9,MT,"339,439","516,658",11.80
2019,9,NC,"5,524,055","4,637,941",11.63
2019,9,ND,"295,889","386,279",12.34
2019,9,NE,"775,743","856,479",12.24
2019,9,NH,"324,961","628,328",20.24
2019,9,NJ,"2,501,006","3,606,683",15.45
2019,9,NM,"636,097","895,893",12.78
2019,9,NV,"1,290,608","1,210,349",12.12
2019,9,NY,"4,360,142","7,237,146",18.72
2019,9,OH,"4,331,736","4,978,173",12.08
2019,9,OK,"2,434,009","1,781,238",10.73
2019,9,OR,"1,265,311","1,767,063",11.30
2019,9,PA,"4,327,017","5,404,743",14.05
2019,9,RI,"243,031","446,765",22.64
2019,9,SC,"2,967,464","2,340,323",13.11
2019,9,SD,"339,472","404,258",12.86
2019,9,TN,"4,168,659","2,923,675",10.59
2019,9,TX,"17,124,247","11,399,076",11.81
2019,9,UT,"829,541","1,120,459",10.73
2019,9,VA,"3,743,621","3,472,538",12.14
2019,9,VT,"148,648","317,066",17.09
2019,9,WA,"2,221,914","3,104,397",10.00
2019,9,WI,"1,661,445","2,725,223",14.58
2019,9,WV,"793,295","855,986",11.80
2019,9,WY,"173,320","274,923",12.03
2019,8,AK,"136,704","289,971",23.48
2019,8,AL,"3,457,055","2,255,057",12.81
2019,8,AR,"2,006,614","1,394,337",10.07
2019,8,AZ,"4,814,938","2,848,912",12.41
2019,8,CA,"10,038,113","13,813,298",19.78
2019,8,CO,"2,132,159","2,373,710",12.56
2019,8,CT,"1,249,773","1,511,517",21.28
2019,8,DC,"266,944","282,656",12.39
2019,8,DE,"542,811","440,039",12.11
2019,8,FL,"13,178,972","9,655,994",11.71
2019,8,GA,"6,451,122","4,422,150",12.74
2019,8,HI,"267,127","438,540",31.16
2019,8,IA,"1,317,113","1,390,432",14.31
2019,8,ID,"740,293","765,894",10.16
2019,8,IL,"4,546,825","5,311,077",12.71
2019,8,IN,"3,260,997","2,882,227",12.52
2019,8,KS,"1,499,423","1,279,643",13.00
2019,8,KY,"2,666,117","1,993,944",10.72
2019,8,LA,"3,384,416","2,099,949",9.85
2019,8,MA,"2,051,779","2,860,186",21.62
2019,8,MD,"2,697,570","2,354,066",12.45
2019,8,ME,"412,857","723,734",17.92
2019,8,MI,"3,259,842","4,379,850",16.45
2019,8,MN,"1,899,610","2,459,917",13.70
2019,8,MO,"3,552,097","2,814,486",13.00
2019,8,MS,"1,990,375","1,296,615",11.14
2019,8,MT,"403,373","515,752",11.66
2019,8,NC,"5,963,295","4,633,660",11.54
2019,8,ND,"330,798","386,421",11.95
2019,8,NE,"935,686","854,778",11.75
2019,8,NH,"440,553","628,676",19.45
2019,8,NJ,"3,397,641","3,600,238",15.78
2019,8,NM,"781,055","896,559",12.81
2019,8,NV,"1,832,547","1,208,318",11.76
2019,8,NY,"5,589,501","7,236,699",18.38
2019,8,OH,"5,074,139","4,974,517",12.67
2019,8,OK,"2,728,908","1,780,423",10.69
2019,8,OR,"1,471,665","1,764,317",11.22
2019,8,PA,"5,257,764","5,420,908",13.85
2019,8,RI,"334,608","449,953",21.75
2019,8,SC,"3,333,077","2,338,504",12.79
2019,8,SD,"391,160","404,237",12.68
2019,8,TN,"4,279,273","2,926,670",10.85
2019,8,TX,"18,477,631","11,415,487",11.76
2019,8,UT,"1,141,289","1,118,816",10.97
2019,8,VA,"4,358,126","3,470,196",12.44
2019,8,VT,"182,824","317,377",16.71
2019,8,WA,"2,500,943","3,107,371",9.90
2019,8,WI,"1,908,505","2,717,895",14.38
2019,8,WV,"946,576","854,537",11.68
2019,8,WY,"200,474","274,825",11.90
2019,7,AK,"139,283","289,784",23.88
2019,7,AL,"3,410,345","2,253,450",12.83
2019,7,AR,"1,842,703","1,398,482",10.17
2019,7,AZ,"4,712,043","2,842,460",12.63
2019,7,CA,"8,914,869","13,885,934",19.88
2019,7,CO,"2,018,285","2,370,657",12.58
2019,7,CT,"1,500,661","1,511,210",21.05
2019,7,DC,"300,013","282,669",12.17
2019,7,DE,"533,674","439,308",12.08
2019,7,FL,"13,366,716","9,508,980",11.70
2019,7,GA,"6,438,594","4,416,408",12.88
2019,7,HI,"262,716","438,451",31.42
2019,7,IA,"1,492,198","1,393,647",14.18
2019,7,ID,"738,072","764,726",10.56
2019,7,IL,"5,605,394","5,310,486",12.14
2019,7,IN,"3,523,734","2,884,508",12.48
2019,7,KS,"1,586,352","1,278,943",12.90
2019,7,KY,"2,787,792","1,990,515",10.75
2019,7,LA,"3,399,057","2,107,844",10.00
2019,7,MA,"2,067,579","2,817,715",20.93
2019,7,MD,"3,007,076","2,353,041",12.52
2019,7,ME,"395,607","724,335",17.90
2019,7,MI,"3,958,184","4,382,269",16.36
2019,7,MN,"2,112,495","2,449,117",13.84
2019,7,MO,"3,725,098","2,813,164",13.00
2019,7,MS,"1,956,721","1,295,347",11.24
2019,7,MT,"367,577","516,277",11.74
2019,7,NC,"6,297,466","4,626,972",11.35
2019,7,ND,"349,355","386,352",12.22
2019,7,NE,"1,043,805","857,055",11.16
2019,7,NH,"463,236","633,444",19.38
2019,7,NJ,"3,984,991","3,607,609",16.09
2019,7,NM,"758,305","894,904",12.75
2019,7,NV,"1,795,784","1,206,696",11.83
2019,7,NY,"5,490,228","7,231,102",18.64
2019,7,OH,"5,804,001","4,976,597",12.55
2019,7,OK,"2,692,936","1,779,367",10.56
2019,7,OR,"1,409,848","1,766,770",11.23
2019,7,PA,"5,450,154","5,419,567",13.84
2019,7,RI,"351,428","439,722",18.63
2019,7,SC,"3,416,907","2,337,198",12.93
2019,7,SD,"413,987","404,719",12.23
2019,7,TN,"4,271,283","2,924,565",11.01
2019,7,TX,"17,095,742","11,364,111",11.71
2019,7,UT,"1,151,693","1,115,540",10.95
2019,7,VA,"5,068,867","3,466,707",12.16
2019,7,VT,"185,407","317,045",17.21
2019,7,WA,"2,483,604","3,141,314",9.86
2019,7,WI,"2,356,304","2,721,205",14.05
2019,7,WV,"1,030,179","854,822",11.63
2019,7,WY,"220,543","274,936",11.83
2019,6,AK,"129,703","289,437",23.41
2019,6,AL,"2,946,169","2,250,283",12.66
2019,6,AR,"1,494,545","1,396,395",10.34
2019,6,AZ,"3,623,379","2,838,308",12.73
2019,6,CA,"6,512,496","13,710,484",20.77
2019,6,CO,"1,534,327","2,367,464",12.70
2019,6,CT,"943,780","1,509,735",23.09
2019,6,DC,"210,125","282,017",12.10
2019,6,DE,"398,857","438,541",12.36
2019,6,FL,"12,392,304","9,554,727",11.76
2019,6,GA,"5,345,506","4,409,565",12.82
2019,6,HI,"235,217","438,104",32.45
2019,6,IA,"1,063,706","1,389,850",14.11
2019,6,ID,"589,804","762,213",10.27
2019,6,IL,"3,692,806","5,310,008",13.42
2019,6,IN,"2,574,818","2,888,081",12.88
2019,6,KS,"1,260,801","1,277,266",13.34
2019,6,KY,"2,115,500","1,989,281",11.24
2019,6,LA,"2,935,051","2,079,026",9.93
2019,6,MA,"1,407,969","2,795,845",21.33
2019,6,MD,"2,231,668","2,350,355",13.25
2019,6,ME,"330,851","694,205",18.18
2019,6,MI,"2,534,927","4,375,481",15.99
2019,6,MN,"1,673,099","2,441,956",13.70
2019,6,MO,"2,909,901","2,809,280",13.10
2019,6,MS,"1,695,873","1,292,433",11.32
2019,6,MT,"331,711","515,015",11.78
2019,6,NC,"5,132,282","4,624,944",11.43
2019,6,ND,"296,438","385,705",12.36
2019,6,NE,"752,770","853,387",12.34
2019,6,NH,"323,434","627,770",20.30
2019,6,NJ,"2,638,155","3,592,363",15.94
2019,6,NM,"571,526","894,038",12.97
2019,6,NV,"1,352,548","1,203,721",11.77
2019,6,NY,"3,875,682","7,230,549",18.53
2019,6,OH,"3,995,415","4,971,703",12.93
2019,6,OK,"2,095,980","1,775,864",10.58
2019,6,OR,"1,267,605","1,760,338",11.31
2019,6,PA,"3,916,100","5,415,356",14.10
2019,6,RI,"225,241","450,231",20.28
2019,6,SC,"2,836,747","2,331,641",13.03
2019,6,SD,"344,814","403,310",12.75
2019,6,TN,"3,553,897","2,914,113",11.09
2019,6,TX,"14,262,684","11,327,570",11.80
2019,6,UT,"782,024","1,114,679",10.53
2019,6,VA,"3,831,230","3,461,070",12.56
2019,6,VT,"147,663","317,214",17.54
2019,6,WA,"2,258,606","3,112,767",10.04
2019,6,WI,"1,587,871","2,720,062",14.87
2019,6,WV,"755,218","855,810",11.79
2019,6,WY,"197,345","274,482",11.82
2019,5,AK,"144,515","289,298",22.61
2019,5,AL,"2,462,526","2,248,206",12.81
2019,5,AR,"1,112,014","1,396,531",10.18
2019,5,AZ,"2,371,094","2,837,008",13.13
2019,5,CA,"6,569,366","14,012,723",18.82
2019,5,CO,"1,378,533","2,364,610",11.92
2019,5,CT,"814,093","1,509,647",23.34
2019,5,DC,"181,246","281,400",13.88
2019,5,DE,"309,148","438,171",13.86
2019,5,FL,"10,651,641","9,542,896",11.50
2019,5,GA,"4,682,606","4,403,756",12.09
2019,5,HI,"213,996","438,112",33.44
2019,5,IA,"935,948","1,392,436",13.51
2019,5,ID,"543,698","761,331",10.34
2019,5,IL,"2,883,980","5,306,559",14.32
2019,5,IN,"2,130,490","2,882,909",13.29
2019,5,KS,"888,340","1,275,652",13.62
2019,5,KY,"1,793,539","1,988,563",11.27
2019,5,LA,"2,103,472","2,098,721",10.54
2019,5,MA,"1,294,836","2,788,776",22.28
2019,5,MD,"1,829,479","2,350,106",13.48
2019,5,ME,"363,554","721,875",18.15
2019,5,MI,"2,223,071","4,380,241",15.65
2019,5,MN,"1,509,403","2,444,184",13.62
2019,5,MO,"2,260,014","2,810,299",12.48
2019,5,MS,"1,249,829","1,292,280",11.87
2019,5,MT,"349,764","515,351",11.41
2019,5,NC,"4,494,656","4,610,067",11.40
2019,5,ND,"309,355","385,983",11.31
2019,5,NE,"627,889","856,151",11.58
2019,5,NH,"303,471","626,822",20.69
2019,5,NJ,"1,860,295","3,594,206",16.78
2019,5,NM,"450,591","894,036",12.06
2019,5,NV,"824,489","1,203,830",12.29
2019,5,NY,"3,401,871","7,232,086",17.35
2019,5,OH,"3,295,591","4,977,992",13.13
2019,5,OK,"1,537,188","1,774,917",10.51
2019,5,OR,"1,263,779","1,760,481",11.29
2019,5,PA,"3,385,766","5,421,520",14.25
2019,5,RI,"210,528","444,593",20.93
2019,5,SC,"2,483,041","2,327,382",12.57
2019,5,SD,"334,344","403,255",12.14
2019,5,TN,"2,695,395","2,913,758",11.04
2019,5,TX,"10,893,882","11,330,227",12.01
2019,5,UT,"633,708","1,114,009",10.30
2019,5,VA,"3,153,353","3,458,781",12.46
2019,5,VT,"143,761","316,323",17.41
2019,5,WA,"2,419,526","3,135,106",9.93
2019,5,WI,"1,507,351","2,720,656",14.88
2019,5,WV,"662,023","857,063",12.11
2019,5,WY,"189,026","274,727",11.51
2019,4,AK,"150,175","288,549",23.01
2019,4,AL,"1,930,123","2,244,993",13.26
2019,4,AR,"1,149,820","1,394,999",10.01
2019,4,AZ,"2,109,982","2,840,397",12.82
2019,4,CA,"5,196,991","13,606,940",17.97
2019,4,CO,"1,312,050","2,362,696",12.02
2019,4,CT,"821,814","1,509,456",23.34
2019,4,DC,"155,616","281,090",14.30
2019,4,DE,"321,194","437,971",13.12
2019,4,FL,"8,789,224","9,599,252",11.65
2019,4,GA,"3,570,015","4,398,054",11.84
2019,4,HI,"192,977","438,010",34.45
2019,4,IA,"886,791","1,389,767",12.66
2019,4,ID,"593,751","759,087",9.90
2019,4,IL,"2,753,652","5,314,346",14.32
2019,4,IN,"2,063,043","2,882,228",13.25
2019,4,KS,"767,211","1,271,078",13.40
2019,4,KY,"1,609,370","1,987,556",11.03
2019,4,LA,"1,813,783","2,091,342",9.91
2019,4,MA,"1,343,886","2,794,298",22.67
2019,4,MD,"1,580,738","2,348,872",14.24
2019,4,ME,"368,667","695,791",17.92
2019,4,MI,"2,253,842","4,369,671",15.34
2019,4,MN,"1,584,589","2,437,181",13.13
2019,4,MO,"2,090,129","2,808,024",10.87
2019,4,MS,"1,114,343","1,290,764",11.94
2019,4,MT,"412,090","514,390",11.00
2019,4,NC,"3,642,737","4,602,713",12.18
2019,4,ND,"355,294","382,261",10.54
2019,4,NE,"649,921","853,006",11.28
2019,4,NH,"325,595","623,664",20.62
2019,4,NJ,"1,623,727","3,591,427",16.40
2019,4,NM,"423,604","893,531",12.14
2019,4,NV,"769,624","1,201,120",12.38
2019,4,NY,"3,395,273","7,227,932",17.54
2019,4,OH,"3,262,673","4,981,340",12.70
2019,4,OK,"1,279,692","1,773,209",11.28
2019,4,OR,"1,363,312","1,757,286",11.07
2019,4,PA,"3,651,273","5,419,497",14.19
2019,4,RI,"195,333","434,089",22.35
2019,4,SC,"1,882,716","2,321,538",13.30
2019,4,SD,"382,235","402,316",11.51
2019,4,TN,"2,691,096","2,907,090",11.07
2019,4,TX,"8,754,026","11,352,760",12.00
2019,4,UT,"616,610","1,111,202",10.13
2019,4,VA,"2,746,416","3,455,941",12.44
2019,4,VT,"155,023","315,429",17.22
2019,4,WA,"2,843,182","3,108,831",9.83
2019,4,WI,"1,557,189","2,713,835",14.37
2019,4,WV,"671,078","859,255",12.49
2019,4,WY,"210,327","274,341",11.15
2019,3,AK,"176,229","288,139",22.59
2019,3,AL,"2,268,115","2,243,425",12.58
2019,3,AR,"1,541,746","1,393,352",9.59
2019,3,AZ,"2,007,735","2,849,347",12.22
2019,3,CA,"6,718,993","13,897,363",19.26
2019,3,CO,"1,555,023","2,360,731",12.07
2019,3,CT,"1,043,867","1,508,589",22.50
2019,3,DC,"212,468","280,372",13.66
2019,3,DE,"429,414","437,325",12.38
2019,3,FL,"8,696,650","9,513,319",11.60
2019,3,GA,"4,085,392","4,391,586",11.65
2019,3,HI,"196,038","437,862",33.94
2019,3,IA,"1,380,672","1,390,487",11.06
2019,3,ID,"789,002","758,100",9.63
2019,3,IL,"3,652,912","5,311,932",12.99
2019,3,IN,"2,836,533","2,882,717",12.53
2019,3,KS,"982,195","1,271,616",12.88
2019,3,KY,"2,247,283","1,987,622",10.40
2019,3,LA,"2,092,137","2,084,344",9.58
2019,3,MA,"1,621,271","2,820,739",22.67
2019,3,MD,"2,362,903","2,347,651",13.44
2019,3,ME,"439,635","717,991",18.06
2019,3,MI,"2,818,506","4,377,578",15.12
2019,3,MN,"2,041,872","2,436,625",12.66
2019,3,MO,"2,912,703","2,809,797",9.82
2019,3,MS,"1,294,368","1,289,510",11.44
2019,3,MT,"581,794","514,191",10.56
2019,3,NC,"4,520,474","4,596,755",11.27
2019,3,ND,"530,259","382,529",9.46
2019,3,NE,"999,123","852,325",9.71
2019,3,NH,"387,075","625,141",20.13
2019,3,NJ,"2,094,764","3,587,480",15.94
2019,3,NM,"494,719","893,466",12.51
2019,3,NV,"747,681","1,197,848",12.23
2019,3,NY,"4,054,538","7,229,578",16.85
2019,3,OH,"4,569,217","4,982,367",12.34
2019,3,OK,"1,815,968","1,772,271",9.74
2019,3,OR,"1,892,553","1,755,945",10.70
2019,3,PA,"4,883,154","5,414,733",13.64
2019,3,RI,"234,977","448,588",23.12
2019,3,SC,"2,118,613","2,317,562",12.98
2019,3,SD,"513,017","402,223",10.62
2019,3,TN,"3,328,242","2,904,893",10.89
2019,3,TX,"10,607,233","11,364,383",11.60
2019,3,UT,"705,338","1,109,968",10.05
2019,3,VA,"3,837,152","3,454,148",11.78
2019,3,VT,"180,038","314,807",17.08
2019,3,WA,"3,868,506","3,119,915",9.56
2019,3,WI,"1,883,830","2,706,864",13.85
2019,3,WV,"1,073,440","860,448",11.10
2019,3,WY,"280,052","274,286",10.78
2019,2,AK,"184,388","287,607",21.90
2019,2,AL,"2,321,720","2,239,922",12.62
2019,2,AR,"1,646,815","1,390,974",9.32
2019,2,AZ,"2,214,631","2,847,401",12.10
2019,2,CA,"6,249,311","12,436,105",19.79
2019,2,CO,"1,496,746","2,357,488",12.05
2019,2,CT,"1,050,963","1,508,830",22.76
2019,2,DC,"215,914","279,980",13.02
2019,2,DE,"466,208","436,748",11.96
2019,2,FL,"8,594,452","9,428,944",11.62
2019,2,GA,"4,289,725","4,383,442",11.09
2019,2,HI,"175,437","437,495",33.53
2019,2,IA,"1,410,586","1,387,135",11.18
2019,2,ID,"855,484","756,369",9.49
2019,2,IL,"3,650,600","5,311,172",12.67
2019,2,IN,"2,988,367","2,881,979",12.28
2019,2,KS,"1,114,225","1,269,533",12.65
2019,2,KY,"2,235,488","1,986,439",10.47
2019,2,LA,"2,296,251","2,084,891",9.45
2019,2,MA,"1,666,998","2,745,659",22.40
2019,2,MD,"2,472,610","2,346,397",13.40
2019,2,ME,"465,456","689,754",17.61
2019,2,MI,"2,792,810","4,371,637",14.97
2019,2,MN,"2,069,825","2,430,452",12.29
2019,2,MO,"3,277,868","2,809,050",9.42
2019,2,MS,"1,442,194","1,286,584",11.08
2019,2,MT,"566,920","513,366",10.50
2019,2,NC,"4,779,182","4,592,680",11.50
2019,2,ND,"613,705","381,709",8.98
2019,2,NE,"1,005,444","851,769",9.46
2019,2,NH,"398,464","624,912",20.17
2019,2,NJ,"2,084,187","3,577,795",16.22
2019,2,NM,"520,193","893,072",12.56
2019,2,NV,"868,560","1,197,988",11.79
2019,2,NY,"4,192,625","7,220,988",17.65
2019,2,OH,"4,559,702","4,981,884",12.10
2019,2,OK,"1,873,265","1,770,036",9.58
2019,2,OR,"1,999,111","1,752,763",10.83
2019,2,PA,"5,302,908","5,410,924",13.59
2019,2,RI,"238,444","448,200",24.14
2019,2,SC,"2,295,511","2,311,875",12.94
2019,2,SD,"549,237","401,421",10.45
2019,2,TN,"3,857,811","2,897,722",10.78
2019,2,TX,"10,978,517","11,310,225",11.60
2019,2,UT,"758,040","1,107,806",10.05
2019,2,VA,"4,066,311","3,451,231",11.55
2019,2,VT,"196,395","314,600",16.71
2019,2,WA,"3,938,176","3,084,943",9.50
2019,2,WI,"1,939,489","2,709,609",13.67
2019,2,WV,"1,097,145","860,377",10.10
2019,2,WY,"283,592","273,859",10.57
2019,1,AK,"213,637","288,195",21.79
2019,1,AL,"3,001,957","2,239,273",11.76
2019,1,AR,"1,745,996","1,391,567",9.30
2019,1,AZ,"2,468,768","2,845,292",12.12
2019,1,CA,"8,208,243","13,849,652",18.31
2019,1,CO,"1,696,508","2,354,778",11.91
2019,1,CT,"1,259,492","1,508,332",21.50
2019,1,DC,"229,644","279,972",13.01
2019,1,DE,"482,738","436,404",12.14
2019,1,FL,"9,165,447","9,406,839",11.65
2019,1,GA,"5,305,095","4,379,490",11.01
2019,1,HI,"229,937","437,420",32.08
2019,1,IA,"1,528,919","1,391,123",11.00
2019,1,ID,"934,905","755,882",9.81
2019,1,IL,"4,327,977","5,307,549",12.38
2019,1,IN,"3,366,138","2,879,625",12.14
2019,1,KS,"1,215,133","1,267,731",10.33
2019,1,KY,"2,718,879","1,984,832",10.34
2019,1,LA,"2,586,152","2,086,165",9.12
2019,1,MA,"1,870,806","2,790,040",21.96
2019,1,MD,"2,972,386","2,344,416",13.07
2019,1,ME,"481,465","716,619",17.27
2019,1,MI,"3,213,281","4,384,135",14.91
2019,1,MN,"2,291,134","2,436,628",12.55
2019,1,MO,"3,611,528","2,802,407",9.58
2019,1,MS,"1,654,637","1,286,839",10.89
2019,1,MT,"573,317","513,880",10.59
2019,1,NC,"5,817,968","4,584,651",10.86
2019,1,ND,"625,198","381,924",9.11
2019,1,NE,"1,062,219","853,417",9.51
2019,1,NH,"463,838","624,756",19.93
2019,1,NJ,"2,461,901","3,581,944",15.71
2019,1,NM,"658,622","891,063",12.18
2019,1,NV,"918,069","1,196,453",11.76
2019,1,NY,"4,492,287","7,220,272",17.30
2019,1,OH,"5,244,713","4,978,218",12.18
2019,1,OK,"2,201,663","1,768,641",8.88
2019,1,OR,"2,070,414","1,755,681",10.67
2019,1,PA,"5,688,099","5,407,801",12.55
2019,1,RI,"279,818","442,806",22.68
2019,1,SC,"2,829,646","2,308,747",12.10
2019,1,SD,"532,897","402,313",10.55
2019,1,TN,"3,900,034","2,891,876",10.88
2019,1,TX,"12,710,284","11,336,197",11.44
2019,1,UT,"858,532","1,105,869",9.93
2019,1,VA,"4,952,858","3,449,453",11.48
2019,1,VT,"220,856","314,583",16.78
2019,1,WA,"4,120,074","3,127,172",9.41
2019,1,WI,"2,203,965","2,721,162",13.56
2019,1,WV,"1,321,948","860,961",9.84
2019,1,WY,"327,528","274,088",10.53
2018,12,AK,"198,753","287,523",22.18
2018,12,AL,"2,811,827","2,236,957",11.55
2018,12,AR,"1,601,062","1,392,049",9.04
2018,12,AZ,"2,363,763","2,839,352",12.20
2018,12,CA,"7,060,609","13,652,972",19.45
2018,12,CO,"1,665,053","2,345,470",11.98
2018,12,CT,"1,181,236","1,507,684",20.84
2018,12,DC,"214,000","279,010",13.15
2018,12,DE,"428,370","435,101",12.18
2018,12,FL,"8,991,131","9,566,777",11.57
2018,12,GA,"4,977,481","4,381,394",9.36
2018,12,HI,"217,027","436,806",34.37
2018,12,IA,"1,391,546","1,389,707",10.65
2018,12,ID,"949,432","751,593",9.78
2018,12,IL,"3,868,045","5,304,880",12.53
2018,12,IN,"3,080,855","2,879,243",11.99
2018,12,KS,"1,110,219","1,268,323",12.17
2018,12,KY,"2,460,832","1,988,641",10.51
2018,12,LA,"2,411,580","2,088,516",9.28
2018,12,MA,"1,760,053","2,799,096",21.46
2018,12,MD,"2,562,688","2,341,515",13.09
2018,12,ME,"455,502","717,463",16.64
2018,12,MI,"3,040,146","4,375,719",14.98
2018,12,MN,"2,098,417","2,426,956",12.59
2018,12,MO,"3,298,893","2,800,160",9.79
2018,12,MS,"1,518,979","1,292,967",11.01
2018,12,MT,"539,907","512,434",10.72
2018,12,NC,"5,371,866","4,583,644",10.63
2018,12,ND,"537,756","383,366",9.45
2018,12,NE,"989,787","853,080",9.71
2018,12,NH,"431,880","624,380",19.82
2018,12,NJ,"2,268,065","3,581,326",15.39
2018,12,NM,"617,545","894,380",12.04
2018,12,NV,"919,860","1,202,157",11.71
2018,12,NY,"4,322,759","7,220,166",17.33
2018,12,OH,"4,781,772","4,975,585",12.21
2018,12,OK,"1,999,607","1,772,881",9.08
2018,12,OR,"2,089,081","1,753,714",10.71
2018,12,PA,"5,111,463","5,401,982",13.59
2018,12,RI,"250,870","435,532",22.51
2018,12,SC,"2,677,382","2,305,108",11.81
2018,12,SD,"489,147","401,747",11.06
2018,12,TN,"3,800,717","2,887,422",10.77
2018,12,TX,"11,268,228","11,170,064",11.00
2018,12,UT,"834,790","1,102,130",9.90
2018,12,VA,"4,618,825","3,448,028",10.97
2018,12,VT,"199,979","315,080",18.10
2018,12,WA,"3,831,693","3,076,101",9.43
2018,12,WI,"2,001,235","2,705,230",13.60
2018,12,WV,"1,208,508","859,778",10.42
2018,12,WY,"300,528","273,326",10.77
2018,11,AK,"173,457","288,047",21.66
2018,11,AL,"2,334,693","2,235,429",12.07
2018,11,AR,"1,204,863","1,392,112",9.67
2018,11,AZ,"1,887,544","2,830,801",12.58
2018,11,CA,"5,947,315","13,413,353",19.51
2018,11,CO,"1,448,119","2,341,402",12.18
2018,11,CT,"991,777","1,505,852",21.17
2018,11,DC,"188,164","277,376",13.84
2018,11,DE,"339,653","434,653",13.01
2018,11,FL,"9,234,019","9,532,854",11.75
2018,11,GA,"4,107,912","4,377,131",10.90
2018,11,HI,"226,541","436,631",33.83
2018,11,IA,"1,067,615","1,389,975",11.67
2018,11,ID,"749,292","750,497",9.53
2018,11,IL,"3,426,916","5,297,102",13.46
2018,11,IN,"2,556,323","2,874,372",12.65
2018,11,KS,"976,511","1,269,408",13.20
2018,11,KY,"2,005,113","1,988,580",10.90
2018,11,LA,"2,071,377","2,089,114",9.36
2018,11,MA,"1,506,813","2,787,564",21.25
2018,11,MD,"2,105,537","2,339,731",13.10
2018,11,ME,"382,906","692,709",16.73
2018,11,MI,"2,644,379","4,379,063",14.99
2018,11,MN,"1,784,040","2,428,362",12.83
2018,11,MO,"2,744,275","2,799,370",10.33
2018,11,MS,"1,245,013","1,292,934",11.46
2018,11,MT,"428,304","512,083",10.85
2018,11,NC,"4,360,717","4,576,032",11.13
2018,11,ND,"477,569","383,408",9.82
2018,11,NE,"763,785","853,708",10.49
2018,11,NH,"353,245","622,692",20.12
2018,11,NJ,"1,914,299","3,579,880",14.99
2018,11,NM,"484,208","893,632",12.27
2018,11,NV,"754,141","1,199,698",12.11
2018,11,NY,"3,717,902","7,210,578",18.17
2018,11,OH,"4,115,421","4,973,739",12.57
2018,11,OK,"1,550,130","1,771,012",9.99
2018,11,OR,"1,637,339","1,753,992",10.97
2018,11,PA,"4,054,681","5,401,157",13.96
2018,11,RI,"231,757","447,934",21.75
2018,11,SC,"2,178,240","2,307,864",12.40
2018,11,SD,"402,504","401,843",11.24
2018,11,TN,"2,902,211","2,889,042",11.13
2018,11,TX,"9,676,256","11,137,493",11.60
2018,11,UT,"705,343","1,100,158",9.95
2018,11,VA,"3,500,191","3,444,237",11.60
2018,11,VT,"173,249","315,684",18.27
2018,11,WA,"3,054,857","3,091,054",9.52
2018,11,WI,"1,838,379","2,712,238",13.86
2018,11,WV,"917,070","858,829",11.13
2018,11,WY,"248,272","273,450",10.98
2018,10,AK,"152,200","288,556",22.35
2018,10,AL,"2,372,492","2,235,087",12.33
2018,10,AR,"1,422,667","1,393,370",9.37
2018,10,AZ,"2,240,682","2,818,839",13.17
2018,10,CA,"7,265,396","13,734,651",15.66
2018,10,CO,"1,404,372","2,338,379",12.30
2018,10,CT,"844,376","1,504,599",21.87
2018,10,DC,"192,834","276,499",13.60
2018,10,DE,"345,642","434,324",13.80
2018,10,FL,"11,447,728","9,395,350",11.61
2018,10,GA,"4,390,890","4,374,171",11.05
2018,10,HI,"243,415","436,654",32.44
2018,10,IA,"949,285","1,388,641",12.32
2018,10,ID,"565,790","749,012",10.27
2018,10,IL,"3,128,195","5,295,509",13.49
2018,10,IN,"2,351,327","2,870,897",12.69
2018,10,KS,"891,183","1,265,699",13.56
2018,10,KY,"1,855,455","1,986,220",10.94
2018,10,LA,"2,646,353","2,090,900",9.36
2018,10,MA,"1,425,190","2,780,447",21.25
2018,10,MD,"1,808,397","2,337,029",14.18
2018,10,ME,"357,208","721,586",17.11
2018,10,MI,"2,360,236","4,373,967",15.30
2018,10,MN,"1,568,675","2,429,030",13.45
2018,10,MO,"2,431,322","2,797,073",11.01
2018,10,MS,"1,538,150","1,294,019",11.10
2018,10,MT,"354,526","511,664",11.24
2018,10,NC,"4,257,168","4,570,595",11.75
2018,10,ND,"358,297","383,197",10.73
2018,10,NE,"649,719","852,895",11.10
2018,10,NH,"322,168","624,299",20.26
2018,10,NJ,"1,969,255","3,575,540",14.91
2018,10,NM,"469,892","892,126",12.90
2018,10,NV,"829,250","1,197,339",12.14
2018,10,NY,"3,920,784","7,202,477",19.29
2018,10,OH,"3,772,125","4,968,487",12.71
2018,10,OK,"1,620,055","1,769,747",11.10
2018,10,OR,"1,287,901","1,752,028",11.26
2018,10,PA,"3,797,300","5,397,150",14.14
2018,10,RI,"221,057","441,887",21.47
2018,10,SC,"2,362,764","2,301,540",12.48
2018,10,SD,"338,147","401,658",12.29
2018,10,TN,"3,191,273","2,889,163",10.76
2018,10,TX,"12,088,302","11,247,799",11.50
2018,10,UT,"679,673","1,097,407",10.20
2018,10,VA,"3,169,097","3,440,256",11.84
2018,10,VT,"151,496","316,162",18.47
2018,10,WA,"2,534,706","3,098,005",9.72
2018,10,WI,"1,544,068","2,704,828",14.48
2018,10,WV,"780,740","858,040",11.28
2018,10,WY,"179,763","273,206",11.00
2018,9,AK,"139,657","287,822",22.59
2018,9,AL,"3,147,040","2,233,191",12.38
2018,9,AR,"1,775,471","1,391,218",10.07
2018,9,AZ,"3,838,689","2,809,462",12.83
2018,9,CA,"6,996,981","13,374,598",19.31
2018,9,CO,"1,658,108","2,333,572",12.53
2018,9,CT,"1,048,273","1,502,562",22.04
2018,9,DC,"240,595","275,959",12.56
2018,9,DE,"457,556","433,851",12.29
2018,9,FL,"12,619,251","9,465,719",11.47
2018,9,GA,"5,822,943","4,368,410",12.18
2018,9,HI,"244,067","436,100",32.28
2018,9,IA,"1,069,247","1,385,311",12.83
2018,9,ID,"523,444","746,758",10.26
2018,9,IL,"3,925,315","5,284,187",12.43
2018,9,IN,"2,828,741","2,866,467",12.63
2018,9,KS,"1,212,156","1,268,110",13.09
2018,9,KY,"2,233,464","1,981,655",10.87
2018,9,LA,"3,212,566","2,088,124",9.54
2018,9,MA,"1,828,111","2,783,457",22.12
2018,9,MD,"2,248,973","2,334,820",13.28
2018,9,ME,"397,809","693,715",16.87
2018,9,MI,"2,788,139","4,361,876",15.31
2018,9,MN,"1,663,018","2,421,829",14.34
2018,9,MO,"3,031,149","2,795,307",11.27
2018,9,MS,"1,908,177","1,292,219",10.72
2018,9,MT,"332,939","510,280",11.55
2018,9,NC,"5,350,937","4,562,100",11.39
2018,9,ND,"293,088","382,641",12.09
2018,9,NE,"752,403","850,006",12.19
2018,9,NH,"387,598","622,527",19.90
2018,9,NJ,"2,735,607","3,575,031",15.47
2018,9,NM,"579,582","889,880",12.98
2018,9,NV,"1,387,385","1,197,065",11.70
2018,9,NY,"5,146,433","7,198,372",19.28
2018,9,OH,"4,536,709","4,960,110",11.63
2018,9,OK,"2,024,425","1,768,093",10.94
2018,9,OR,"1,196,693","1,742,747",11.33
2018,9,PA,"4,854,043","5,390,319",13.77
2018,9,RI,"279,810","448,438",22.32
2018,9,SC,"2,885,783","2,295,586",12.45
2018,9,SD,"335,925","400,848",12.81
2018,9,TN,"4,046,767","2,885,941",10.63
2018,9,TX,"15,340,244","11,143,744",11.39
2018,9,UT,"843,939","1,094,835",10.45
2018,9,VA,"3,780,443","3,437,276",12.01
2018,9,VT,"165,159","315,932",18.00
2018,9,WA,"2,150,264","3,069,952",10.11
2018,9,WI,"1,673,364","2,703,771",14.48
2018,9,WV,"808,661","857,127",11.26
2018,9,WY,"162,872","272,548",12.17
2018,8,AK,"137,924","288,257",22.51
2018,8,AL,"3,336,538","2,234,413",12.32
2018,8,AR,"1,949,348","1,391,939",10.01
2018,8,AZ,"4,575,150","2,801,862",12.83
2018,8,CA,"12,226,964","13,854,710",19.85
2018,8,CO,"1,994,352","2,330,942",12.43
2018,8,CT,"1,401,470","1,504,240",21.27
2018,8,DC,"265,653","275,431",12.56
2018,8,DE,"516,914","433,746",12.21
2018,8,FL,"13,032,743","9,438,317",11.33
2018,8,GA,"6,073,790","4,366,111",12.60
2018,8,HI,"254,770","436,104",32.39
2018,8,IA,"1,412,342","1,388,287",14.18
2018,8,ID,"710,514","745,635",10.48
2018,8,IL,"5,203,481","5,294,573",12.52
2018,8,IN,"3,341,134","2,860,957",12.53
2018,8,KS,"1,506,333","1,268,798",13.95
2018,8,KY,"2,650,014","1,982,806",10.60
2018,8,LA,"3,423,172","2,090,389",9.92
2018,8,MA,"2,228,128","2,777,334",20.80
2018,8,MD,"2,744,212","2,334,644",13.05
2018,8,ME,"451,744","721,482",16.91
2018,8,MI,"3,602,338","4,370,356",15.40
2018,8,MN,"2,112,490","2,427,132",13.78
2018,8,MO,"3,636,889","2,797,683",12.92
2018,8,MS,"2,012,726","1,294,053",10.84
2018,8,MT,"414,725","510,575",11.29
2018,8,NC,"6,008,615","4,563,047",11.29
2018,8,ND,"359,669","383,309",11.80
2018,8,NE,"919,748","852,989",11.98
2018,8,NH,"454,846","625,903",19.32
2018,8,NJ,"3,814,166","3,575,948",15.25
2018,8,NM,"740,275","891,332",13.48
2018,8,NV,"1,889,708","1,197,502",11.40
2018,8,NY,"5,642,510","7,195,098",19.02
2018,8,OH,"5,243,754","4,962,744",12.90
2018,8,OK,"2,533,425","1,768,019",10.87
2018,8,OR,"1,503,870","1,750,277",11.12
2018,8,PA,"5,189,041","5,395,388",13.95
2018,8,RI,"378,365","444,229",18.70
2018,8,SC,"3,232,807","2,299,265",10.36
2018,8,SD,"412,912","401,438",12.62
2018,8,TN,"4,275,487","2,900,395",10.85
2018,8,TX,"18,089,039","11,227,623",11.27
2018,8,UT,"1,117,710","1,093,639",10.85
2018,8,VA,"4,485,672","3,437,024",12.27
2018,8,VT,"193,066","316,555",17.96
2018,8,WA,"2,505,839","3,097,854",9.93
2018,8,WI,"2,163,828","2,703,673",13.99
2018,8,WV,"924,303","857,418",11.40
2018,8,WY,"202,245","272,777",11.75
2018,7,AK,"139,603","287,756",23.24
2018,7,AL,"3,439,698","2,228,355",12.19
2018,7,AR,"2,046,823","1,388,997",10.00
2018,7,AZ,"4,700,111","2,798,266",12.86
2018,7,CA,"9,647,799","13,631,103",19.59
2018,7,CO,"2,042,863","2,326,436",12.64
2018,7,CT,"1,462,358","1,503,574",20.88
2018,7,DC,"262,975","274,517",12.00
2018,7,DE,"518,520","432,722",11.93
2018,7,FL,"13,123,423","9,409,576",11.43
2018,7,GA,"6,297,009","4,351,549",12.36
2018,7,HI,"240,195","435,901",33.45
2018,7,IA,"1,420,616","1,385,784",14.09
2018,7,ID,"788,950","743,654",10.41
2018,7,IL,"5,218,654","5,282,121",11.96
2018,7,IN,"3,443,825","2,862,122",12.30
2018,7,KS,"1,668,611","1,273,440",13.88
2018,7,KY,"2,727,578","1,980,757",10.47
2018,7,LA,"3,480,634","2,086,974",9.95
2018,7,MA,"2,074,197","2,836,762",20.57
2018,7,MD,"2,773,058","2,332,121",13.44
2018,7,ME,"386,304","690,777",17.17
2018,7,MI,"3,959,374","4,366,068",15.89
2018,7,MN,"2,125,347","2,422,289",13.98
2018,7,MO,"3,868,560","2,796,532",13.32
2018,7,MS,"2,049,747","1,290,530",10.81
2018,7,MT,"388,586","509,547",11.49
2018,7,NC,"6,152,893","4,549,824",11.23
2018,7,ND,"356,063","382,871",11.72
2018,7,NE,"1,048,553","850,205",11.82
2018,7,NH,"466,679","623,618",18.92
2018,7,NJ,"3,678,795","3,573,858",15.45
2018,7,NM,"781,015","887,930",13.30
2018,7,NV,"1,978,764","1,091,588",11.32
2018,7,NY,"5,419,405","7,189,130",19.37
2018,7,OH,"5,473,554","4,960,225",12.91
2018,7,OK,"2,794,387","1,764,363",10.39
2018,7,OR,"1,523,265","1,747,046",11.41
2018,7,PA,"5,179,101","5,386,487",14.01
2018,7,RI,"360,966","448,137",18.23
2018,7,SC,"3,333,859","2,291,094",12.99
2018,7,SD,"410,539","400,536",12.39
2018,7,TN,"4,470,898","2,895,246",10.70
2018,7,TX,"17,815,670","11,159,849",11.09
2018,7,UT,"1,251,807","1,090,942",10.80
2018,7,VA,"4,526,825","3,430,885",12.26
2018,7,VT,"190,321","315,656",17.89
2018,7,WA,"2,573,966","3,082,741",9.82
2018,7,WI,"2,279,578","2,703,504",13.93
2018,7,WV,"980,491","857,077",11.31
2018,7,WY,"223,514","272,524",11.97
2018,6,AK,"134,878","289,445",22.31
2018,6,AL,"3,101,898","2,229,405",12.32
2018,6,AR,"1,729,316","1,388,382",10.01
2018,6,AZ,"3,862,695","2,796,488",13.10
2018,6,CA,"6,840,488","13,636,492",19.81
2018,6,CO,"1,783,312","2,324,243",12.26
2018,6,CT,"973,525","1,503,147",21.61
2018,6,DC,"221,775","273,730",12.06
2018,6,DE,"374,313","432,126",13.10
2018,6,FL,"11,592,337","9,423,386",11.44
2018,6,GA,"5,685,031","4,352,844",12.34
2018,6,HI,"218,916","436,063",32.75
2018,6,IA,"1,325,594","1,384,937",13.44
2018,6,ID,"585,404","742,112",10.52
2018,6,IL,"4,431,455","5,276,923",12.75
2018,6,IN,"2,977,648","2,859,948",12.26
2018,6,KS,"1,560,473","1,267,562",13.68
2018,6,KY,"2,361,063","1,978,854",10.68
2018,6,LA,"3,143,184","2,086,401",9.64
2018,6,MA,"1,519,744","2,772,113",20.93
2018,6,MD,"2,196,101","2,330,877",13.83
2018,6,ME,"344,427","718,571",17.20
2018,6,MI,"2,987,495","4,369,530",15.98
2018,6,MN,"1,937,022","2,421,297",13.88
2018,6,MO,"3,494,648","2,793,047",13.42
2018,6,MS,"1,808,665","1,290,974",11.39
2018,6,MT,"319,075","508,965",11.58
2018,6,NC,"5,585,821","4,549,249",11.05
2018,6,ND,"320,619","382,466",11.92
2018,6,NE,"921,303","848,522",11.23
2018,6,NH,"334,056","623,100",19.66
2018,6,NJ,"2,656,032","3,564,260",15.50
2018,6,NM,"658,887","889,367",13.29
2018,6,NV,"1,519,228","1,195,567",11.65
2018,6,NY,"4,036,629","7,190,674",19.28
2018,6,OH,"4,580,013","4,958,506",12.84
2018,6,OK,"2,452,389","1,764,767",10.79
2018,6,OR,"1,261,354","1,773,581",11.19
2018,6,PA,"4,072,893","5,387,721",14.25
2018,6,RI,"232,535","423,960",18.64
2018,6,SC,"3,045,082","2,289,931",12.93
2018,6,SD,"370,843","400,278",12.36
2018,6,TN,"3,840,479","2,887,748",10.81
2018,6,TX,"16,326,572","11,172,393",11.20
2018,6,UT,"922,194","1,089,548",10.48
2018,6,VA,"3,989,333","3,429,127",12.33
2018,6,VT,"146,646","316,655",18.53
2018,6,WA,"2,300,380","3,077,952",9.93
2018,6,WI,"1,823,825","2,703,114",13.88
2018,6,WV,"819,668","857,053",11.45
2018,6,WY,"185,880","272,316",12.23
2018,5,AK,"148,066","288,849",21.98
2018,5,AL,"2,399,398","2,227,104",12.41
2018,5,AR,"1,212,950","1,386,596",9.91
2018,5,AZ,"2,886,031","2,795,722",13.24
2018,5,CA,"6,622,833","13,862,081",18.85
2018,5,CO,"1,429,901","2,322,333",11.94
2018,5,CT,"835,891","1,504,169",21.54
2018,5,DC,"167,339","273,488",13.73
2018,5,DE,"312,873","431,608",13.63
2018,5,FL,"9,430,399","9,408,171",11.46
2018,5,GA,"4,251,182","4,347,019",11.70
2018,5,HI,"210,249","436,585",32.02
2018,5,IA,"978,128","1,383,972",12.83
2018,5,ID,"544,580","740,924",10.50
2018,5,IL,"3,466,372","5,288,732",13.39
2018,5,IN,"2,440,926","2,858,167",12.52
2018,5,KS,"1,157,830","1,268,692",13.73
2018,5,KY,"2,021,293","1,976,690",10.76
2018,5,LA,"2,204,633","2,083,299",9.80
2018,5,MA,"1,336,582","2,811,120",21.57
2018,5,MD,"1,865,433","2,329,127",13.33
2018,5,ME,"325,250","719,091",17.19
2018,5,MI,"2,534,347","4,368,124",15.82
2018,5,MN,"1,635,901","2,418,258",13.55
2018,5,MO,"2,665,372","2,791,934",12.64
2018,5,MS,"1,247,473","1,289,746",11.94
2018,5,MT,"353,795","508,529",11.21
2018,5,NC,"4,375,275","4,540,016",11.24
2018,5,ND,"320,805","382,272",11.15
2018,5,NE,"690,233","849,578",11.32
2018,5,NH,"303,866","622,567",19.80
2018,5,NJ,"1,985,527","3,566,503",15.82
2018,5,NM,"501,051","888,761",12.04
2018,5,NV,"1,046,990","1,188,417",12.03
2018,5,NY,"3,472,369","7,185,083",18.51
2018,5,OH,"3,783,857","4,961,090",13.00
2018,5,OK,"1,870,132","1,763,506",10.16
2018,5,OR,"1,300,572","1,771,899",11.25
2018,5,PA,"3,633,254","5,391,468",14.34
2018,5,RI,"211,117","448,202",20.02
2018,5,SC,"2,282,600","2,286,044",12.86
2018,5,SD,"334,521","399,562",12.08
2018,5,TN,"2,830,378","2,881,909",10.89
2018,5,TX,"11,342,962","11,146,949",11.36
2018,5,UT,"634,574","1,089,050",10.60
2018,5,VA,"3,143,794","3,425,429",12.22
2018,5,VT,"143,523","315,310",18.38
2018,5,WA,"2,356,880","3,071,350",9.85
2018,5,WI,"1,649,138","2,697,079",14.80
2018,5,WV,"768,701","857,985",11.66
2018,5,WY,"181,085","272,048",11.91
2018,4,AK,"155,644","286,518",21.44
2018,4,AL,"1,910,165","2,225,620",12.70
2018,4,AR,"1,134,680","1,385,043",10.02
2018,4,AZ,"2,258,986","2,796,757",13.02
2018,4,CA,"5,534,662","13,369,121",16.03
2018,4,CO,"1,297,995","2,319,112",12.05
2018,4,CT,"916,163","1,503,021",21.44
2018,4,DC,"175,586","273,286",13.72
2018,4,DE,"379,590","431,089",12.77
2018,4,FL,"8,568,412","9,398,974",11.48
2018,4,GA,"3,501,465","4,341,636",11.28
2018,4,HI,"218,878","436,463",31.21
2018,4,IA,"1,068,663","1,383,610",11.80
2018,4,ID,"598,199","739,559",10.07
2018,4,IL,"3,043,617","5,288,264",13.27
2018,4,IN,"2,305,813","2,858,342",12.54
2018,4,KS,"830,531","1,262,450",13.80
2018,4,KY,"1,796,117","1,974,936",10.75
2018,4,LA,"1,795,458","2,081,219",10.10
2018,4,MA,"1,405,887","2,749,626",22.25
2018,4,MD,"1,869,978","2,328,851",13.36
2018,4,ME,"381,767","716,620",16.94
2018,4,MI,"2,476,292","4,344,253",15.54
2018,4,MN,"1,661,809","2,414,122",12.64
2018,4,MO,"2,403,777","2,787,749",10.60
2018,4,MS,"1,111,951","1,288,086",12.04
2018,4,MT,"424,182","507,837",10.82
2018,4,NC,"3,698,323","4,534,341",11.70
2018,4,ND,"413,030","381,957",9.94
2018,4,NE,"732,989","847,796",10.44
2018,4,NH,"337,648","620,419",19.85
2018,4,NJ,"1,803,245","3,584,420",15.52
2018,4,NM,"413,578","888,982",12.49
2018,4,NV,"793,023","1,185,781",12.32
2018,4,NY,"3,580,684","7,180,251",17.98
2018,4,OH,"3,739,007","4,964,378",12.86
2018,4,OK,"1,385,821","1,761,232",11.13
2018,4,OR,"1,496,522","1,741,430",10.92
2018,4,PA,"4,163,698","5,390,112",13.93
2018,4,RI,"217,440","446,894",20.47
2018,4,SC,"1,840,598","2,281,255",13.26
2018,4,SD,"399,128","398,911",11.21
2018,4,TN,"2,883,942","2,878,144",10.84
2018,4,TX,"8,892,012","11,122,835",11.39
2018,4,UT,"597,019","1,086,347",10.35
2018,4,VA,"3,132,203","3,424,379",11.79
2018,4,VT,"159,314","313,985",17.95
2018,4,WA,"2,865,847","3,061,123",9.89
2018,4,WI,"1,629,112","2,698,014",14.24
2018,4,WV,"834,841","861,075",11.35
2018,4,WY,"218,599","271,952",11.22
2018,3,AK,"188,118","286,103",21.32
2018,3,AL,"2,120,648","2,223,343",12.56
2018,3,AR,"1,324,186","1,384,722",10.49
2018,3,AZ,"1,981,481","2,805,839",12.32
2018,3,CA,"7,610,104","13,815,446",18.44
2018,3,CO,"1,456,726","2,316,891",11.75
2018,3,CT,"1,026,125","1,502,603",21.04
2018,3,DC,"206,283","272,986",12.19
2018,3,DE,"422,437","430,522",12.30
2018,3,FL,"8,309,218","9,452,326",11.62
2018,3,GA,"3,902,725","4,333,117",11.41
2018,3,HI,"217,465","436,229",32.05
2018,3,IA,"1,225,540","1,384,442",11.60
2018,3,ID,"752,308","738,975",9.94
2018,3,IL,"3,400,536","5,293,320",12.93
2018,3,IN,"2,642,492","2,856,259",12.37
2018,3,KS,"937,406","1,260,903",13.57
2018,3,KY,"2,086,985","1,973,895",10.68
2018,3,LA,"1,886,877","2,081,807",10.09
2018,3,MA,"1,548,926","2,757,989",22.45
2018,3,MD,"2,443,169","2,328,243",12.97
2018,3,ME,"418,597","718,718",16.91
2018,3,MI,"2,700,629","4,357,511",15.43
2018,3,MN,"1,907,370","2,415,033",12.48
2018,3,MO,"2,679,342","2,786,754",10.72
2018,3,MS,"1,185,293","1,286,623",11.91
2018,3,MT,"517,213","508,023",10.65
2018,3,NC,"4,466,909","4,529,401",11.01
2018,3,ND,"486,800","382,087",9.56
2018,3,NE,"859,595","846,780",10.16
2018,3,NH,"376,105","621,202",19.97
2018,3,NJ,"2,127,889","3,530,624",15.35
2018,3,NM,"461,444","887,890",12.63
2018,3,NV,"749,394","1,183,258",12.60
2018,3,NY,"3,940,105","7,177,115",17.52
2018,3,OH,"4,257,235","4,965,189",12.74
2018,3,OK,"1,497,027","1,758,827",10.93
2018,3,OR,"1,797,434","1,741,231",10.80
2018,3,PA,"4,703,799","5,385,812",13.79
2018,3,RI,"232,551","426,979",20.21
2018,3,SC,"2,058,275","2,277,670",13.00
2018,3,SD,"465,758","398,888",10.84
2018,3,TN,"2,934,350","2,873,661",11.18
2018,3,TX,"9,378,999","11,139,488",11.35
2018,3,UT,"659,366","1,085,111",10.31
2018,3,VA,"3,794,910","3,422,530",11.67
2018,3,VT,"172,353","313,845",17.63
2018,3,WA,"3,570,291","3,075,452",9.83
2018,3,WI,"1,775,285","2,687,820",13.95
2018,3,WV,"1,092,950","861,568",11.30
2018,3,WY,"261,737","271,958",10.98
2018,2,AK,"193,971","285,653",20.97
2018,2,AL,"2,350,600","2,220,416",12.20
2018,2,AR,"1,737,679","1,381,578",9.82
2018,2,AZ,"1,892,927","2,805,056",12.13
2018,2,CA,"5,986,970","13,131,047",19.10
2018,2,CO,"1,452,241","2,314,314",11.79
2018,2,CT,"964,188","1,501,142",21.58
2018,2,DC,"198,222","272,136",13.38
2018,2,DE,"423,884","429,960",12.51
2018,2,FL,"8,706,920","9,371,215",11.89
2018,2,GA,"4,247,753","4,325,497",10.93
2018,2,HI,"194,326","435,878",31.52
2018,2,IA,"1,294,209","1,381,924",11.21
2018,2,ID,"776,469","737,406",10.04
2018,2,IL,"3,618,819","5,282,702",12.48
2018,2,IN,"2,905,294","2,856,048",11.79
2018,2,KS,"986,074","1,259,788",13.07
2018,2,KY,"2,267,474","1,974,050",10.53
2018,2,LA,"2,506,438","2,073,909",9.21
2018,2,MA,"1,625,090","2,776,955",22.19
2018,2,MD,"2,288,111","2,327,386",13.41
2018,2,ME,"447,107","690,282",16.76
2018,2,MI,"2,639,823","4,355,874",15.48
2018,2,MN,"1,995,133","2,409,068",12.31
2018,2,MO,"3,169,219","2,782,752",10.04
2018,2,MS,"1,594,486","1,284,202",11.14
2018,2,MT,"517,294","507,197",10.50
2018,2,NC,"4,684,006","4,522,175",11.25
2018,2,ND,"576,387","381,737",9.08
2018,2,NE,"962,662","846,645",9.51
2018,2,NH,"372,070","620,787",19.85
2018,2,NJ,"2,004,093","3,555,481",15.80
2018,2,NM,"506,018","887,090",12.19
2018,2,NV,"741,467","1,181,754",12.49
2018,2,NY,"4,105,430","7,171,867",18.19
2018,2,OH,"4,379,087","4,961,846",12.52
2018,2,OK,"1,844,953","1,757,728",9.92
2018,2,OR,"1,780,792","1,737,789",10.78
2018,2,PA,"4,819,390","5,381,389",13.80
2018,2,RI,"234,080","446,187",21.66
2018,2,SC,"2,248,947","2,272,709",13.03
2018,2,SD,"505,761","398,048",10.73
2018,2,TN,"4,068,833","2,864,624",10.38
2018,2,TX,"11,633,360","11,071,113",10.87
2018,2,UT,"670,441","1,083,319",10.31
2018,2,VA,"3,823,352","3,419,165",11.41
2018,2,VT,"182,325","313,147",18.08
2018,2,WA,"3,515,677","3,053,229",9.67
2018,2,WI,"1,843,424","2,690,004",13.82
2018,2,WV,"1,000,045","861,145",11.25
2018,2,WY,"268,294","271,503",10.79
2018,1,AK,"212,633","285,751",21.52
2018,1,AL,"3,755,384","2,224,324",11.51
2018,1,AR,"2,120,161","1,384,303",9.38
2018,1,AZ,"2,172,239","2,801,765",12.18
2018,1,CA,"7,359,866","13,618,213",19.10
2018,1,CO,"1,653,911","2,310,595",11.62
2018,1,CT,"1,415,991","1,501,815",19.98
2018,1,DC,"258,815","270,939",12.30
2018,1,DE,"550,423","429,680",11.79
2018,1,FL,"10,472,467","9,213,568",11.60
2018,1,GA,"6,430,926","4,329,363",10.76
2018,1,HI,"224,850","435,777",31.15
2018,1,IA,"1,637,564","1,382,437",10.54
2018,1,ID,"883,198","736,644",10.27
2018,1,IL,"4,494,512","5,286,539",12.74
2018,1,IN,"3,700,287","2,857,381",11.35
2018,1,KS,"1,349,865","1,259,317",12.28
2018,1,KY,"3,247,335","1,975,390",9.92
2018,1,LA,"3,283,268","2,079,995",8.98
2018,1,MA,"2,025,953","2,778,451",22.73
2018,1,MD,"3,232,818","2,325,842",12.95
2018,1,ME,"523,379","717,177",16.09
2018,1,MI,"3,398,225","4,363,970",15.15
2018,1,MN,"2,347,919","2,410,478",12.19
2018,1,MO,"4,039,944","2,781,047",9.44
2018,1,MS,"2,089,868","1,287,007",10.24
2018,1,MT,"607,138","507,187",10.50
2018,1,NC,"7,309,925","4,524,579",10.10
2018,1,ND,"633,087","381,794",8.92
2018,1,NE,"1,121,232","846,484",9.20
2018,1,NH,"500,852","620,549",19.29
2018,1,NJ,"2,573,717","3,553,643",15.49
2018,1,NM,"612,947","886,686",11.91
2018,1,NV,"840,532","1,183,781",12.38
2018,1,NY,"4,848,237","7,170,030",17.75
2018,1,OH,"5,789,180","4,966,286",12.04
2018,1,OK,"2,544,458","1,759,572",8.85
2018,1,OR,"2,055,761","1,737,136",10.58
2018,1,PA,"6,317,793","5,376,140",13.52
2018,1,RI,"273,621","445,693",22.24
2018,1,SC,"3,706,081","2,274,335",12.48
2018,1,SD,"553,176","398,003",10.68
2018,1,TN,"5,136,624","2,862,500",10.07
2018,1,TX,"15,416,270","11,046,027",10.63
2018,1,UT,"797,650","1,081,426",10.27
2018,1,VA,"5,997,961","3,420,559",10.88
2018,1,VT,"238,614","313,633",17.40
2018,1,WA,"4,078,575","3,067,600",9.64
2018,1,WI,"2,223,497","2,698,537",13.57
2018,1,WV,"1,543,477","861,369",10.92
2018,1,WY,"315,567","271,534",10.76
2017,12,AK,"211,092","286,400",21.36
2017,12,AL,"2,765,355","2,217,194",11.77
2017,12,AR,"1,387,616","1,383,858",9.70
2017,12,AZ,"2,188,381","2,795,979",12.18
2017,12,CA,"6,887,469","13,731,258",18.62
2017,12,CO,"1,633,065","2,305,731",11.80
2017,12,CT,"1,238,514","1,500,414",19.61
2017,12,DC,"189,058","269,947",13.28
2017,12,DE,"423,622","428,368",12.91
2017,12,FL,"8,703,364","9,428,094",11.57
2017,12,GA,"4,744,940","4,319,333",10.69
2017,12,HI,"215,774","435,307",30.76
2017,12,IA,"1,324,796","1,382,803",11.21
2017,12,ID,"958,568","735,240",10.03
2017,12,IL,"4,047,004","5,283,851",12.58
2017,12,IN,"3,233,535","2,850,320",11.59
2017,12,KS,"1,103,819","1,262,837",12.64
2017,12,KY,"2,503,295","1,979,484",10.60
2017,12,LA,"2,297,519","2,076,202",9.14
2017,12,MA,"1,810,238","2,749,877",20.05
2017,12,MD,"2,680,849","2,323,159",13.23
2017,12,ME,"421,713","713,090",15.67
2017,12,MI,"3,150,300","4,360,578",15.09
2017,12,MN,"2,127,817","2,412,743",12.33
2017,12,MO,"3,208,279","2,782,619",10.22
2017,12,MS,"1,411,467","1,286,026",10.75
2017,12,MT,"538,673","506,712",10.78
2017,12,NC,"5,413,951","4,517,076",10.13
2017,12,ND,"565,688","382,081",9.33
2017,12,NE,"937,658","847,323",10.26
2017,12,NH,"443,550","620,178",19.41
2017,12,NJ,"2,368,250","3,547,192",15.55
2017,12,NM,"550,250","884,656",12.40
2017,12,NV,"892,059","1,275,899",12.34
2017,12,NY,"4,222,102","7,167,741",16.99
2017,12,OH,"5,150,351","4,950,929",12.24
2017,12,OK,"1,851,958","1,758,305",9.48
2017,12,OR,"2,236,491","1,734,913",10.52
2017,12,PA,"5,124,193","5,374,314",13.99
2017,12,RI,"294,278","422,524",18.01
2017,12,SC,"2,597,595","2,264,249",12.34
2017,12,SD,"471,290","398,946",11.32
2017,12,TN,"3,455,177","2,857,262",10.66
2017,12,TX,"10,619,140","10,832,439",10.89
2017,12,UT,"825,942","1,074,894",10.29
2017,12,VA,"4,581,079","3,414,160",10.76
2017,12,VT,"204,817","313,901",17.36
2017,12,WA,"4,133,467","3,051,887",9.64
2017,12,WI,"2,094,735","2,691,267",13.87
2017,12,WV,"1,264,043","860,158",11.29
2017,12,WY,"300,432","271,856",11.13
2017,11,AK,"185,616","286,674",21.64
2017,11,AL,"2,072,319","2,220,193",12.48
2017,11,AR,"1,132,498","1,384,028",10.34
2017,11,AZ,"1,920,334","2,784,395",12.20
2017,11,CA,"6,418,381","13,565,835",18.71
2017,11,CO,"1,341,846","2,302,263",12.11
2017,11,CT,"915,537","1,498,387",20.67
2017,11,DC,"173,266","269,477",14.00
2017,11,DE,"314,131","427,768",13.72
2017,11,FL,"8,651,867","9,394,157",11.76
2017,11,GA,"3,758,059","4,316,738",11.09
2017,11,HI,"217,776","434,353",30.58
2017,11,IA,"1,011,209","1,380,350",11.73
2017,11,ID,"704,878","733,847",10.00
2017,11,IL,"3,315,702","5,274,484",13.67
2017,11,IN,"2,347,854","2,842,821",12.71
2017,11,KS,"846,631","1,263,419",13.42
2017,11,KY,"1,810,876","1,977,371",11.19
2017,11,LA,"2,057,085","2,076,567",9.51
2017,11,MA,"1,412,966","2,780,013",20.44
2017,11,MD,"1,933,172","2,320,864",13.32
2017,11,ME,"387,047","713,127",15.72
2017,11,MI,"2,515,713","4,349,455",15.16
2017,11,MN,"1,733,187","2,411,131",12.73
2017,11,MO,"2,291,517","2,778,326",10.81
2017,11,MS,"1,185,308","1,287,027",11.33
2017,11,MT,"423,105","505,947",10.90
2017,11,NC,"4,076,916","4,512,579",10.75
2017,11,ND,"462,773","381,362",9.60
2017,11,NE,"704,690","846,963",10.49
2017,11,NH,"340,644","618,749",19.87
2017,11,NJ,"1,846,794","3,556,186",15.30
2017,11,NM,"432,903","883,327",12.48
2017,11,NV,"704,716","1,265,658",12.88
2017,11,NY,"3,603,216","7,158,852",17.80
2017,11,OH,"3,803,936","4,951,406",12.71
2017,11,OK,"1,355,396","1,756,250",10.90
2017,11,OR,"1,677,842","1,732,586",10.62
2017,11,PA,"3,737,710","5,370,536",14.40
2017,11,RI,"224,124","445,561",20.50
2017,11,SC,"2,040,285","2,262,511",12.86
2017,11,SD,"380,811","398,299",11.67
2017,11,TN,"2,690,809","2,859,159",10.96
2017,11,TX,"9,133,562","10,849,463",11.23
2017,11,UT,"647,397","1,071,490",10.48
2017,11,VA,"3,140,170","3,409,557",11.47
2017,11,VT,"159,865","313,958",17.90
2017,11,WA,"3,217,788","3,049,378",9.76
2017,11,WI,"1,764,968","2,691,371",14.14
2017,11,WV,"862,150","858,940",11.68
2017,11,WY,"233,224","270,708",11.13
2017,10,AK,"158,474","287,381",21.78
2017,10,AL,"2,276,202","2,220,220",12.66
2017,10,AR,"1,376,703","1,383,985",10.17
2017,10,AZ,"2,548,611","2,772,254",12.78
2017,10,CA,"6,555,951","13,803,131",15.70
2017,10,CO,"1,364,209","2,299,437",12.07
2017,10,CT,"839,860","1,496,909",21.29
2017,10,DC,"169,973","268,280",13.44
2017,10,DE,"318,366","427,314",14.20
2017,10,FL,"10,741,597","9,260,198",11.85
2017,10,GA,"4,201,749","4,313,277",11.52
2017,10,HI,"233,808","433,657",29.30
2017,10,IA,"972,497","1,380,900",11.77
2017,10,ID,"598,521","732,665",10.26
2017,10,IL,"2,913,040","5,271,290",13.12
2017,10,IN,"2,168,066","2,838,956",12.75
2017,10,KS,"898,064","1,259,022",13.38
2017,10,KY,"1,667,588","1,975,068",11.17
2017,10,LA,"2,597,957","2,077,266",9.93
2017,10,MA,"1,374,116","2,738,673",20.45
2017,10,MD,"1,665,820","2,317,486",14.37
2017,10,ME,"323,515","713,500",16.05
2017,10,MI,"2,422,313","4,356,761",15.12
2017,10,MN,"1,502,612","2,413,814",13.36
2017,10,MO,"2,249,398","2,775,978",11.15
2017,10,MS,"1,464,231","1,287,424",11.10
2017,10,MT,"360,552","505,789",11.23
2017,10,NC,"3,947,250","4,506,786",11.45
2017,10,ND,"320,596","381,433",10.94
2017,10,NE,"646,472","847,413",10.89
2017,10,NH,"310,728","619,398",19.87
2017,10,NJ,"1,904,828","3,544,220",14.66
2017,10,NM,"449,208","883,107",12.96
2017,10,NV,"799,171","1,265,365",12.79
2017,10,NY,"3,704,700","7,152,187",18.74
2017,10,OH,"3,380,887","4,945,681",12.81
2017,10,OK,"1,615,563","1,756,202",11.17
2017,10,OR,"1,336,606","1,732,863",10.89
2017,10,PA,"3,640,717","5,363,140",14.60
2017,10,RI,"203,443","423,128",19.55
2017,10,SC,"2,232,570","2,261,684",13.01
2017,10,SD,"311,355","398,496",12.48
2017,10,TN,"2,895,257","2,859,341",10.61
2017,10,TX,"12,300,938","10,902,252",11.09
2017,10,UT,"646,070","1,068,811",10.51
2017,10,VA,"3,065,055","3,405,724",11.79
2017,10,VT,"145,096","314,540",17.97
2017,10,WA,"2,628,083","3,069,648",9.76
2017,10,WI,"1,443,887","2,685,082",14.71
2017,10,WV,"709,006","858,242",11.97
2017,10,WY,"209,767","270,796",11.56
2017,9,AK,"143,337","286,811",21.28
2017,9,AL,"2,640,002","2,210,177",12.97
2017,9,AR,"1,578,056","1,383,000",10.79
2017,9,AZ,"3,457,060","2,743,984",12.98
2017,9,CA,"9,072,330","13,331,986",19.33
2017,9,CO,"1,585,259","2,292,418",12.71
2017,9,CT,"931,874","1,495,983",21.26
2017,9,DC,"202,431","268,685",13.08
2017,9,DE,"406,902","427,267",13.36
2017,9,FL,"11,797,835","9,302,649",11.85
2017,9,GA,"4,881,784","4,310,944",12.56
2017,9,HI,"230,668","433,185",29.03
2017,9,IA,"984,840","1,375,981",13.32
2017,9,ID,"565,054","730,406",9.99
2017,9,IL,"3,802,661","5,265,838",13.09
2017,9,IN,"2,497,877","2,838,042",12.63
2017,9,KS,"1,241,886","1,261,041",13.55
2017,9,KY,"1,919,984","1,975,425",11.19
2017,9,LA,"2,939,633","2,078,941",10.09
2017,9,MA,"1,542,900","2,752,160",20.83
2017,9,MD,"1,950,987","2,317,034",13.90
2017,9,ME,"371,774","713,907",16.01
2017,9,MI,"2,534,222","4,344,569",15.38
2017,9,MN,"1,639,270","2,404,959",13.59
2017,9,MO,"2,737,174","2,775,988",11.73
2017,9,MS,"1,687,337","1,285,692",10.97
2017,9,MT,"344,126","504,057",11.55
2017,9,NC,"4,583,535","4,500,701",11.54
2017,9,ND,"290,498","380,512",12.02
2017,9,NE,"723,093","843,576",12.55
2017,9,NH,"326,979","619,917",19.64
2017,9,NJ,"2,420,219","3,551,187",15.30
2017,9,NM,"569,898","881,277",13.13
2017,9,NV,"1,212,415","1,267,985",12.02
2017,9,NY,"4,213,790","7,150,851",18.80
2017,9,OH,"3,779,410","4,910,587",12.95
2017,9,OK,"1,955,893","1,754,148",11.06
2017,9,OR,"1,346,718","1,728,135",10.90
2017,9,PA,"3,902,876","5,356,910",14.45
2017,9,RI,"259,744","441,084",17.92
2017,9,SC,"2,494,026","2,257,333",13.45
2017,9,SD,"319,383","397,361",12.87
2017,9,TN,"3,401,121","2,859,651",10.61
2017,9,TX,"14,378,611","10,821,001",11.12
2017,9,UT,"796,686","1,063,408",10.83
2017,9,VA,"3,136,378","3,402,134",12.03
2017,9,VT,"152,992","314,746",17.92
2017,9,WA,"2,312,686","3,032,740",10.15
2017,9,WI,"1,689,870","2,687,520",14.82
2017,9,WV,"655,308","857,452",11.92
2017,9,WY,"169,388","270,053",12.20
2017,8,AK,"143,358","287,018",21.43
2017,8,AL,"3,252,867","2,220,714",12.71
2017,8,AR,"1,890,327","1,382,927",10.68
2017,8,AZ,"4,288,246","2,761,507",12.65
2017,8,CA,"10,300,405","13,794,119",19.16
2017,8,CO,"1,866,335","2,290,812",12.46
2017,8,CT,"1,168,755","1,495,654",20.53
2017,8,DC,"243,019","268,746",12.62
2017,8,DE,"473,737","427,028",13.04
2017,8,FL,"13,277,001","9,303,297",11.53
2017,8,GA,"6,015,127","4,309,822",12.85
2017,8,HI,"244,653","432,887",28.76
2017,8,IA,"1,199,549","1,378,047",14.43
2017,8,ID,"728,695","729,269",10.56
2017,8,IL,"4,217,635","5,262,212",12.83
2017,8,IN,"3,019,632","2,830,817",12.33
2017,8,KS,"1,376,742","1,260,677",13.67
2017,8,KY,"2,436,236","1,973,984",10.82
2017,8,LA,"3,268,625","2,073,319",10.06
2017,8,MA,"1,920,607","2,722,543",19.66
2017,8,MD,"2,408,419","2,315,947",13.90
2017,8,ME,"374,813","713,670",15.96
2017,8,MI,"3,037,486","4,342,361",15.63
2017,8,MN,"1,768,180","2,410,495",13.75
2017,8,MO,"3,138,145","2,775,377",13.22
2017,8,MS,"1,959,631","1,290,018",10.86
2017,8,MT,"424,538","504,316",11.30
2017,8,NC,"5,774,477","4,499,910",11.18
2017,8,ND,"323,514","380,727",12.07
2017,8,NE,"874,979","845,547",12.11
2017,8,NH,"402,896","619,404",19.17
2017,8,NJ,"3,070,313","3,537,148",15.81
2017,8,NM,"692,504","885,076",13.30
2017,8,NV,"1,707,382","1,267,031",11.75
2017,8,NY,"5,037,600","7,145,902",18.56
2017,8,OH,"4,708,315","4,932,167",12.87
2017,8,OK,"2,435,209","1,754,989",10.72
2017,8,OR,"1,594,874","1,729,656",10.87
2017,8,PA,"4,749,230","5,359,300",14.32
2017,8,RI,"311,567","444,825",17.81
2017,8,SC,"3,172,167","2,260,541",13.26
2017,8,SD,"366,640","398,168",12.53
2017,8,TN,"4,188,456","2,862,971",10.64
2017,8,TX,"17,184,478","10,882,647",10.95
2017,8,UT,"1,133,841","1,065,364",11.52
2017,8,VA,"4,208,876","3,402,289",12.18
2017,8,VT,"172,376","314,849",17.74
2017,8,WA,"2,599,301","3,059,103",9.87
2017,8,WI,"1,784,015","2,680,202",14.64
2017,8,WV,"881,717","857,611",11.67
2017,8,WY,"189,674","270,525",12.04
2017,7,AK,"143,326","285,972",21.90
2017,7,AL,"3,394,759","2,218,066",12.46
2017,7,AR,"1,789,796","1,381,810",10.74
2017,7,AZ,"4,630,404","2,755,598",12.69
2017,7,CA,"10,013,382","13,293,365",18.52
2017,7,CO,"2,021,081","2,287,538",12.46
2017,7,CT,"1,270,209","1,494,313",20.20
2017,7,DC,"288,216","268,012",12.23
2017,7,DE,"501,898","426,352",12.62
2017,7,FL,"13,153,134","9,292,513",11.60
2017,7,GA,"6,188,706","4,302,857",12.69
2017,7,HI,"237,548","432,566",29.25
2017,7,IA,"1,436,507","1,374,666",14.36
2017,7,ID,"815,456","727,531",10.51
2017,7,IL,"5,085,450","5,257,810",12.29
2017,7,IN,"3,327,818","2,828,785",12.18
2017,7,KS,"1,666,522","1,267,433",13.65
2017,7,KY,"2,686,826","1,969,452",10.82
2017,7,LA,"3,274,830","2,077,926",10.22
2017,7,MA,"1,990,587","2,768,949",19.72
2017,7,MD,"2,858,082","2,313,799",13.56
2017,7,ME,"377,825","712,985",15.93
2017,7,MI,"3,481,680","4,341,385",15.63
2017,7,MN,"2,062,462","2,403,607",13.89
2017,7,MO,"3,883,934","2,762,939",13.45
2017,7,MS,"1,904,986","1,288,240",10.98
2017,7,MT,"412,873","503,057",11.41
2017,7,NC,"6,181,255","4,493,681",11.02
2017,7,ND,"360,088","380,045",11.57
2017,7,NE,"1,061,925","843,891",11.98
2017,7,NH,"409,469","618,904",18.95
2017,7,NJ,"3,515,183","3,542,319",15.98
2017,7,NM,"772,217","879,983",13.50
2017,7,NV,"2,003,468","1,265,047",11.63
2017,7,NY,"5,209,856","7,141,402",18.79
2017,7,OH,"5,211,800","4,932,901",12.84
2017,7,OK,"2,733,808","1,753,414",10.41
2017,7,OR,"1,516,622","1,726,855",10.87
2017,7,PA,"5,031,633","5,347,976",14.23
2017,7,RI,"320,104","444,830",17.20
2017,7,SC,"3,338,699","2,256,611",13.04
2017,7,SD,"416,323","396,711",12.55
2017,7,TN,"4,084,119","2,854,267",10.88
2017,7,TX,"16,887,299","10,804,116",10.87
2017,7,UT,"1,182,737","1,062,449",11.81
2017,7,VA,"4,757,111","3,403,213",12.18
2017,7,VT,"173,303","313,859",17.76
2017,7,WA,"2,555,073","3,031,964",9.90
2017,7,WI,"2,109,989","2,685,438",14.34
2017,7,WV,"946,883","857,025",11.60
2017,7,WY,"223,219","270,626",12.11
2017,6,AK,"138,510","286,130",21.78
2017,6,AL,"2,699,712","2,217,051",12.74
2017,6,AR,"1,452,342","1,381,581",10.81
2017,6,AZ,"4,110,405","2,754,759",12.60
2017,6,CA,"7,898,139","13,768,799",19.12
2017,6,CO,"1,659,508","2,284,976",12.76
2017,6,CT,"984,962","1,495,564",20.44
2017,6,DC,"221,876","267,538",12.59
2017,6,DE,"370,915","426,171",13.30
2017,6,FL,"11,423,436","9,282,976",11.73
2017,6,GA,"5,039,280","4,298,651",12.66
2017,6,HI,"213,869","432,402",30.45
2017,6,IA,"1,215,842","1,374,634",13.68
2017,6,ID,"591,609","726,137",11.33
2017,6,IL,"4,211,557","5,257,676",13.14
2017,6,IN,"2,750,360","2,829,305",12.37
2017,6,KS,"1,303,199","1,260,402",13.62
2017,6,KY,"2,118,508","1,971,280",10.87
2017,6,LA,"2,665,786","2,077,758",10.44
2017,6,MA,"1,603,532","2,790,718",19.62
2017,6,MD,"2,288,493","2,311,963",14.19
2017,6,ME,"359,540","713,515",16.05
2017,6,MI,"2,903,923","4,342,398",15.79
2017,6,MN,"1,756,589","2,404,838",13.83
2017,6,MO,"2,990,595","2,769,236",13.54
2017,6,MS,"1,537,231","1,286,437",11.30
2017,6,MT,"334,965","502,841",11.53
2017,6,NC,"5,049,591","4,487,533",10.92
2017,6,ND,"291,742","379,473",12.19
2017,6,NE,"818,636","844,002",12.04
2017,6,NH,"342,998","618,630",19.30
2017,6,NJ,"2,699,308","3,537,112",15.92
2017,6,NM,"626,956","879,836",13.35
2017,6,NV,"1,529,308","1,264,574",11.63
2017,6,NY,"4,049,598","7,143,784",18.74
2017,6,OH,"4,225,286","4,934,486",12.93
2017,6,OK,"2,161,193","1,752,227",10.67
2017,6,OR,"1,323,479","1,726,613",10.90
2017,6,PA,"3,972,368","5,354,887",14.43
2017,6,RI,"248,752","445,530",16.67
2017,6,SC,"2,720,110","2,254,841",13.34
2017,6,SD,"341,828","396,722",12.64
2017,6,TN,"3,323,923","2,854,264",10.97
2017,6,TX,"14,106,725","10,845,046",11.03
2017,6,UT,"905,683","1,062,115",11.38
2017,6,VA,"3,728,016","3,399,654",11.96
2017,6,VT,"154,353","315,765",18.03
2017,6,WA,"2,354,062","3,040,339",9.95
2017,6,WI,"1,772,045","2,686,165",14.73
2017,6,WV,"767,121","857,228",11.70
2017,6,WY,"185,405","269,944",12.16
2017,5,AK,"144,619","285,302",21.73
2017,5,AL,"2,241,512","2,213,920",12.68
2017,5,AR,"1,097,782","1,379,597",10.57
2017,5,AZ,"2,735,377","2,752,978",12.98
2017,5,CA,"6,618,544","13,568,099",18.06
2017,5,CO,"1,365,884","2,283,872",11.90
2017,5,CT,"798,324","1,495,797",20.94
2017,5,DC,"153,763","266,246",13.54
2017,5,DE,"292,736","425,522",14.68
2017,5,FL,"10,422,701","9,272,302",11.36
2017,5,GA,"4,084,189","4,292,870",11.82
2017,5,HI,"215,862","432,564",29.07
2017,5,IA,"882,412","1,374,503",12.85
2017,5,ID,"561,993","725,042",10.12
2017,5,IL,"2,878,184","5,262,675",14.09
2017,5,IN,"2,112,596","2,827,673",12.75
2017,5,KS,"899,225","1,260,658",13.83
2017,5,KY,"1,743,077","1,967,783",10.97
2017,5,LA,"2,136,247","2,074,948",10.11
2017,5,MA,"1,342,939","2,764,360",19.76
2017,5,MD,"1,695,596","2,310,479",14.52
2017,5,ME,"340,958","713,802",15.94
2017,5,MI,"2,331,161","4,348,987",15.79
2017,5,MN,"1,494,649","2,401,950",13.28
2017,5,MO,"2,160,021","2,767,968",12.77
2017,5,MS,"1,214,154","1,284,923",11.60
2017,5,MT,"349,775","502,401",11.14
2017,5,NC,"4,050,169","4,480,678",11.13
2017,5,ND,"291,453","379,354",11.27
2017,5,NE,"619,348","842,243",11.24
2017,5,NH,"299,718","618,221",19.55
2017,5,NJ,"1,876,000","3,535,985",16.19
2017,5,NM,"452,090","878,264",12.76
2017,5,NV,"973,618","1,262,378",12.13
2017,5,NY,"3,303,746","7,140,915",18.53
2017,5,OH,"3,304,986","4,937,081",12.84
2017,5,OK,"1,493,147","1,749,020",10.89
2017,5,OR,"1,384,237","1,725,063",10.79
2017,5,PA,"3,337,412","5,350,387",14.57
2017,5,RI,"211,146","440,987",16.91
2017,5,SC,"2,198,517","2,249,921",13.24
2017,5,SD,"303,288","396,367",12.37
2017,5,TN,"2,624,345","2,843,662",10.91
2017,5,TX,"10,703,466","10,855,798",11.05
2017,5,UT,"633,018","1,061,799",10.96
2017,5,VA,"2,903,294","3,395,489",11.95
2017,5,VT,"141,545","313,918",18.12
2017,5,WA,"2,523,213","3,039,780",9.79
2017,5,WI,"1,487,532","2,675,398",15.05
2017,5,WV,"658,661","858,642",12.03
2017,5,WY,"192,931","270,910",11.68
2017,4,AK,"165,417","284,600",21.19
2017,4,AL,"2,025,007","2,205,085",12.64
2017,4,AR,"1,066,495","1,376,250",10.46
2017,4,AZ,"2,117,527","2,755,016",12.41
2017,4,CA,"5,516,193","13,221,528",14.12
2017,4,CO,"1,262,133","2,281,348",11.96
2017,4,CT,"951,493","1,495,112",20.10
2017,4,DC,"165,475","266,106",13.09
2017,4,DE,"328,938","425,098",13.53
2017,4,FL,"8,756,145","9,256,499",11.53
2017,4,GA,"3,650,593","4,284,369",11.59
2017,4,HI,"198,096","432,335",30.34
2017,4,IA,"918,074","1,371,869",12.01
2017,4,ID,"601,967","723,689",9.72
2017,4,IL,"2,671,672","5,266,977",13.59
2017,4,IN,"1,977,778","2,830,418",12.90
2017,4,KS,"764,380","1,258,559",13.63
2017,4,KY,"1,579,233","1,966,867",10.96
2017,4,LA,"1,939,709","2,070,074",9.58
2017,4,MA,"1,370,345","2,776,719",20.99
2017,4,MD,"1,669,886","2,309,536",14.30
2017,4,ME,"370,464","708,485",15.95
2017,4,MI,"2,206,142","4,332,675",15.36
2017,4,MN,"1,518,253","2,395,160",13.03
2017,4,MO,"2,018,059","2,770,135",11.25
2017,4,MS,"1,144,552","1,281,260",11.54
2017,4,MT,"376,974","501,393",10.83
2017,4,NC,"3,370,780","4,471,464",11.26
2017,4,ND,"345,019","379,259",10.30
2017,4,NE,"638,615","835,646",10.73
2017,4,NH,"362,209","616,027",18.96
2017,4,NJ,"1,676,919","3,513,722",15.70
2017,4,NM,"404,755","878,639",12.57
2017,4,NV,"730,599","1,256,548",12.30
2017,4,NY,"3,451,933","7,136,878",17.30
2017,4,OH,"3,233,372","4,935,951",12.79
2017,4,OK,"1,267,366","1,747,013",12.00
2017,4,OR,"1,464,170","1,720,676",10.68
2017,4,PA,"3,646,690","5,351,396",14.30
2017,4,RI,"209,445","432,056",19.59
2017,4,SC,"1,833,222","2,241,768",13.40
2017,4,SD,"332,447","394,658",11.83
2017,4,TN,"2,627,739","2,838,157",10.74
2017,4,TX,"9,013,567","10,717,328",11.09
2017,4,UT,"609,006","1,058,724",10.67
2017,4,VA,"2,788,268","3,391,952",11.55
2017,4,VT,"153,318","312,457",17.73
2017,4,WA,"2,841,025","3,018,640",9.75
2017,4,WI,"1,501,819","2,676,158",14.48
2017,4,WV,"683,461","859,445",11.87
2017,4,WY,"207,763","270,442",11.53
2017,3,AK,"197,024","284,470",21.31
2017,3,AL,"2,107,494","2,211,290",12.75
2017,3,AR,"1,212,138","1,379,079",9.90
2017,3,AZ,"2,037,071","2,766,845",11.67
2017,3,CA,"6,600,805","13,971,006",19.18
2017,3,CO,"1,420,599","2,279,598",11.94
2017,3,CT,"1,018,578","1,490,737",20.06
2017,3,DC,"185,640","265,972",13.04
2017,3,DE,"389,731","424,847",13.78
2017,3,FL,"8,036,805","9,253,180",11.48
2017,3,GA,"3,781,200","4,283,419",11.81
2017,3,HI,"214,547","432,326",29.05
2017,3,IA,"1,110,932","1,374,431",11.37
2017,3,ID,"703,400","723,653",9.84
2017,3,IL,"3,238,050","5,257,382",14.02
2017,3,IN,"2,481,551","2,832,251",12.29
2017,3,KS,"860,418","1,251,910",13.34
2017,3,KY,"1,949,690","1,968,533",10.67
2017,3,LA,"1,929,271","2,073,383",9.68
2017,3,MA,"1,638,335","2,813,099",19.53
2017,3,MD,"2,234,324","2,309,054",14.13
2017,3,ME,"442,123","711,186",15.97
2017,3,MI,"2,687,342","4,341,091",15.32
2017,3,MN,"1,830,893","2,399,584",12.47
2017,3,MO,"2,413,817","2,766,731",10.75
2017,3,MS,"1,157,280","1,283,162",11.42
2017,3,MT,"452,653","501,900",10.59
2017,3,NC,"4,307,102","4,471,491",10.85
2017,3,ND,"477,434","379,477",9.46
2017,3,NE,"762,542","838,318",10.50
2017,3,NH,"367,990","617,565",18.92
2017,3,NJ,"2,123,426","3,531,941",15.53
2017,3,NM,"446,974","879,357",12.74
2017,3,NV,"767,566","1,257,846",12.16
2017,3,NY,"3,952,987","7,141,476",17.02
2017,3,OH,"4,117,803","4,947,638",12.59
2017,3,OK,"1,493,237","1,746,840",10.66
2017,3,OR,"1,775,936","1,721,629",10.47
2017,3,PA,"4,598,716","5,356,536",13.96
2017,3,RI,"249,692","423,717",17.97
2017,3,SC,"2,057,300","2,243,322",12.86
2017,3,SD,"406,696","395,084",11.22
2017,3,TN,"2,864,845","2,841,803",10.70
2017,3,TX,"8,964,729","10,795,636",11.12
2017,3,UT,"638,251","1,058,082",10.66
2017,3,VA,"3,532,149","3,392,032",11.53
2017,3,VT,"182,172","312,328",17.40
2017,3,WA,"3,634,845","3,043,129",9.35
2017,3,WI,"1,733,186","2,674,243",14.18
2017,3,WV,"1,063,569","861,234",11.52
2017,3,WY,"244,665","270,773",10.87
2017,2,AK,"194,606","283,845",20.33
2017,2,AL,"2,039,943","2,203,859",12.84
2017,2,AR,"1,312,425","1,372,144",9.85
2017,2,AZ,"1,840,494","2,764,819",11.59
2017,2,CA,"6,276,043","13,031,666",19.00
2017,2,CO,"1,369,011","2,277,053",11.96
2017,2,CT,"1,036,845","1,494,061",19.90
2017,2,DC,"180,365","265,178",12.84
2017,2,DE,"382,955","423,645",13.29
2017,2,FL,"7,673,355","9,231,073",11.54
2017,2,GA,"3,687,382","4,266,399",11.64
2017,2,HI,"185,401","431,959",29.40
2017,2,IA,"1,143,277","1,370,053",10.88
2017,2,ID,"795,682","721,992",9.59
2017,2,IL,"3,187,245","5,259,181",12.51
2017,2,IN,"2,407,052","2,829,928",12.12
2017,2,KS,"827,058","1,252,751",12.99
2017,2,KY,"1,923,007","1,963,665",10.81
2017,2,LA,"1,921,923","2,061,879",9.77
2017,2,MA,"1,551,229","2,776,383",20.33
2017,2,MD,"2,093,856","2,305,450",14.33
2017,2,ME,"390,674","656,817",16.15
2017,2,MI,"2,495,562","4,335,901",15.33
2017,2,MN,"1,828,545","2,390,871",12.71
2017,2,MO,"2,521,232","2,766,025",10.30
2017,2,MS,"1,226,131","1,276,783",11.09
2017,2,MT,"529,292","500,820",10.48
2017,2,NC,"3,989,006","4,457,789",10.99
2017,2,ND,"489,739","378,767",9.37
2017,2,NE,"795,481","834,502",9.93
2017,2,NH,"377,738","615,099",18.85
2017,2,NJ,"1,912,480","3,515,002",15.65
2017,2,NM,"497,319","878,153",12.84
2017,2,NV,"697,353","1,254,514",11.89
2017,2,NY,"3,880,712","7,125,011",17.48
2017,2,OH,"3,878,061","4,929,831",12.43
2017,2,OK,"1,385,195","1,741,816",11.17
2017,2,OR,"1,863,332","1,716,737",10.48
2017,2,PA,"4,516,400","5,348,348",14.18
2017,2,RI,"230,837","442,445",19.79
2017,2,SC,"1,920,819","2,233,320",13.12
2017,2,SD,"445,666","394,442",10.77
2017,2,TN,"3,213,414","2,824,377",10.60
2017,2,TX,"9,005,668","10,671,415",11.16
2017,2,UT,"652,950","1,056,259",10.64
2017,2,VA,"3,421,520","3,385,487",11.15
2017,2,VT,"173,412","311,969",17.53
2017,2,WA,"3,765,725","3,010,951",9.33
2017,2,WI,"1,704,201","2,665,466",13.98
2017,2,WV,"858,094","861,180",11.59
2017,2,WY,"272,529","270,173",10.74
2017,1,AK,"234,972","283,752",20.29
2017,1,AL,"2,665,874","2,205,307",12.04
2017,1,AR,"1,730,600","1,373,597",9.22
2017,1,AZ,"2,377,309","2,764,123",11.25
2017,1,CA,"7,965,864","13,498,726",18.37
2017,1,CO,"1,726,070","2,275,217",11.61
2017,1,CT,"1,224,568","1,493,996",19.27
2017,1,DC,"221,568","265,192",12.37
2017,1,DE,"458,667","423,482",12.75
2017,1,FL,"8,825,382","9,223,524",11.40
2017,1,GA,"4,738,440","4,265,029",10.93
2017,1,HI,"221,678","431,882",28.32
2017,1,IA,"1,521,936","1,368,891",10.53
2017,1,ID,"1,102,078","721,329",9.19
2017,1,IL,"4,149,193","5,252,615",11.55
2017,1,IN,"3,227,441","2,829,760",11.60
2017,1,KS,"1,225,475","1,251,955",11.98
2017,1,KY,"2,544,263","1,963,093",10.46
2017,1,LA,"2,503,374","2,065,096",7.87
2017,1,MA,"1,780,005","2,760,362",19.76
2017,1,MD,"2,604,691","2,303,479",14.22
2017,1,ME,"478,090","709,414",16.20
2017,1,MI,"3,211,529","4,335,660",15.15
2017,1,MN,"2,311,343","2,388,848",12.01
2017,1,MO,"3,438,909","2,762,116",9.67
2017,1,MS,"1,551,710","1,277,918",10.45
2017,1,MT,"677,062","500,480",10.48
2017,1,NC,"5,389,930","4,456,742",10.32
2017,1,ND,"629,764","378,710",8.89
2017,1,NE,"1,084,549","834,081",9.24
2017,1,NH,"456,576","618,172",18.42
2017,1,NJ,"2,348,159","3,521,036",15.78
2017,1,NM,"602,133","878,730",11.97
2017,1,NV,"919,135","1,254,353",11.54
2017,1,NY,"4,450,519","7,127,955",17.30
2017,1,OH,"5,001,332","4,928,971",11.81
2017,1,OK,"2,089,634","1,742,173",9.19
2017,1,OR,"2,545,624","1,714,876",10.34
2017,1,PA,"5,466,552","5,346,550",13.69
2017,1,RI,"265,135","438,796",18.93
2017,1,SC,"2,619,663","2,232,576",12.35
2017,1,SD,"557,164","393,476",10.40
2017,1,TN,"3,923,323","2,817,372",10.51
2017,1,TX,"11,943,948","10,736,711",10.74
2017,1,UT,"839,204","1,056,072",10.66
2017,1,VA,"4,720,524","3,380,652",10.41
2017,1,VT,"210,175","311,742",17.07
2017,1,WA,"4,717,633","3,004,502",9.28
2017,1,WI,"2,146,908","2,677,745",13.64
2017,1,WV,"1,223,450","860,374",11.32
2017,1,WY,"343,374","270,097",10.54
2016,12,AK,"224,356","283,886",20.17
2016,12,AL,"2,579,367","2,209,160",11.96
2016,12,AR,"1,413,122","1,373,016",9.48
2016,12,AZ,"2,252,767","2,752,474",11.23
2016,12,CA,"7,308,559","13,711,312",18.16
2016,12,CO,"1,697,328","2,274,084",11.88
2016,12,CT,"1,097,034","1,493,301",19.03
2016,12,DC,"192,677","263,487",11.88
2016,12,DE,"394,127","421,328",12.90
2016,12,FL,"8,639,796","9,212,506",10.92
2016,12,GA,"4,548,770","4,265,004",10.43
2016,12,HI,"232,568","432,069",27.69
2016,12,IA,"1,467,837","1,367,698",10.37
2016,12,ID,"1,021,463","720,834",9.44
2016,12,IL,"4,132,308","5,251,480",11.95
2016,12,IN,"3,197,178","2,836,013",11.75
2016,12,KS,"1,147,443","1,256,210",12.23
2016,12,KY,"2,409,640","1,961,899",10.56
2016,12,LA,"2,156,305","2,066,103",9.37
2016,12,MA,"1,696,415","2,739,000",18.81
2016,12,MD,"2,534,441","2,300,273",14.00
2016,12,ME,"445,043","710,915",15.63
2016,12,MI,"3,129,401","4,334,717",15.16
2016,12,MN,"2,199,283","2,392,239",11.91
2016,12,MO,"3,286,364","2,760,097",9.91
2016,12,MS,"1,365,410","1,282,431",10.61
2016,12,MT,"538,588","500,703",10.54
2016,12,NC,"5,256,392","4,450,656",10.20
2016,12,ND,"588,996","380,039",9.14
2016,12,NE,"1,005,701","838,578",9.70
2016,12,NH,"379,699","616,143",18.61
2016,12,NJ,"2,286,930","3,524,399",15.29
2016,12,NM,"578,551","879,273",12.08
2016,12,NV,"932,335","1,152,560",11.25
2016,12,NY,"4,122,240","7,127,651",17.17
2016,12,OH,"5,008,675","4,926,265",12.28
2016,12,OK,"1,968,237","1,743,587",9.37
2016,12,OR,"2,296,598","1,716,702",10.62
2016,12,PA,"4,972,195","5,349,262",13.66
2016,12,RI,"246,758","422,925",18.35
2016,12,SC,"2,507,470","2,223,750",12.21
2016,12,SD,"498,612","394,929",10.74
2016,12,TN,"3,398,412","2,806,994",10.74
2016,12,TX,"10,539,081","10,567,938",10.85
2016,12,UT,"842,590","1,050,207",10.65
2016,12,VA,"4,373,633","3,380,931",10.67
2016,12,VT,"197,373","311,853",17.26
2016,12,WA,"4,268,523","3,017,400",9.27
2016,12,WI,"2,147,171","2,674,587",13.41
2016,12,WV,"1,235,371","860,112",11.22
2016,12,WY,"321,726","270,473",10.68
2016,11,AK,"182,013","284,019",20.93
2016,11,AL,"1,962,161","2,205,997",12.24
2016,11,AR,"1,091,239","1,371,364",10.11
2016,11,AZ,"1,919,103","2,740,740",11.60
2016,11,CA,"6,187,829","13,239,239",17.93
2016,11,CO,"1,335,718","2,271,616",12.27
2016,11,CT,"866,007","1,491,423",19.76
2016,11,DC,"140,559","261,681",13.08
2016,11,DE,"297,720","420,643",13.83
2016,11,FL,"8,290,876","9,356,236",11.08
2016,11,GA,"3,580,507","4,258,276",11.00
2016,11,HI,"209,054","431,935",28.48
2016,11,IA,"905,080","1,363,499",11.63
2016,11,ID,"653,606","719,483",10.02
2016,11,IL,"2,983,269","5,242,039",13.14
2016,11,IN,"2,146,573","2,825,806",12.83
2016,11,KS,"801,119","1,254,169",13.29
2016,11,KY,"1,638,739","1,960,016",11.23
2016,11,LA,"2,036,937","2,064,287",9.38
2016,11,MA,"1,349,927","2,755,691",19.14
2016,11,MD,"1,786,784","2,296,315",14.31
2016,11,ME,"328,958","683,385",16.21
2016,11,MI,"2,384,048","4,322,536",15.37
2016,11,MN,"1,589,166","2,386,597",13.07
2016,11,MO,"2,083,155","2,755,123",11.14
2016,11,MS,"1,180,116","1,281,414",10.96
2016,11,MT,"382,394","499,584",10.95
2016,11,NC,"3,785,046","4,442,469",11.11
2016,11,ND,"381,909","379,479",10.26
2016,11,NE,"616,811","837,405",10.70
2016,11,NH,"317,257","614,019",19.05
2016,11,NJ,"1,815,508","3,519,892",15.26
2016,11,NM,"437,182","878,301",11.98
2016,11,NV,"726,092","1,147,600",11.79
2016,11,NY,"3,513,423","7,118,471",17.73
2016,11,OH,"3,470,671","4,920,403",12.42
2016,11,OK,"1,291,782","1,740,041",9.54
2016,11,OR,"1,474,200","1,713,597",10.76
2016,11,PA,"3,685,928","5,344,541",14.14
2016,11,RI,"214,157","442,851",18.14
2016,11,SC,"1,943,335","2,220,293",12.75
2016,11,SD,"337,333","393,919",11.74
2016,11,TN,"2,528,619","2,811,968",11.05
2016,11,TX,"9,207,047","10,528,626",11.10
2016,11,UT,"644,722","1,049,057",10.67
2016,11,VA,"2,975,495","3,375,283",11.45
2016,11,VT,"159,085","312,118",17.88
2016,11,WA,"2,795,249","2,998,580",9.60
2016,11,WI,"1,606,681","2,664,599",14.07
2016,11,WV,"787,295","858,643",11.73
2016,11,WY,"216,610","270,150",11.26
2016,10,AK,"164,385","284,260",20.73
2016,10,AL,"2,266,054","2,206,324",12.51
2016,10,AR,"1,408,347","1,372,050",9.88
2016,10,AZ,"2,596,003","2,730,517",12.10
2016,10,CA,"7,101,407","13,467,834",13.93
2016,10,CO,"1,334,588","2,268,539",12.10
2016,10,CT,"820,990","1,489,430",19.95
2016,10,DC,"173,623","261,266",12.93
2016,10,DE,"312,168","420,452",15.44
2016,10,FL,"10,385,184","9,125,868",10.98
2016,10,GA,"4,088,303","4,257,051",11.14
2016,10,HI,"229,354","431,605",27.54
2016,10,IA,"902,692","1,361,765",11.86
2016,10,ID,"549,854","717,983",10.24
2016,10,IL,"2,971,293","5,241,940",13.03
2016,10,IN,"2,110,567","2,827,675",12.69
2016,10,KS,"886,642","1,252,705",13.25
2016,10,KY,"1,686,014","1,961,261",11.06
2016,10,LA,"2,694,875","2,064,810",9.52
2016,10,MA,"1,378,121","2,724,471",18.82
2016,10,MD,"1,595,287","2,293,762",15.17
2016,10,ME,"328,499","685,754",16.26
2016,10,MI,"2,373,324","4,324,530",15.67
2016,10,MN,"1,507,517","2,385,566",13.11
2016,10,MO,"2,206,066","2,754,446",10.76
2016,10,MS,"1,526,105","1,281,735",10.58
2016,10,MT,"340,600","498,925",11.21
2016,10,NC,"3,616,024","4,440,423",11.63
2016,10,ND,"333,032","379,069",10.80
2016,10,NE,"648,541","837,132",10.73
2016,10,NH,"317,059","615,438",18.86
2016,10,NJ,"1,883,352","3,510,077",15.26
2016,10,NM,"466,458","877,902",12.57
2016,10,NV,"712,551","1,144,320",12.04
2016,10,NY,"3,716,537","7,116,500",18.26
2016,10,OH,"3,244,312","4,916,309",12.52
2016,10,OK,"1,622,177","1,740,657",11.18
2016,10,OR,"1,338,265","1,711,939",10.98
2016,10,PA,"3,537,506","5,342,022",14.32
2016,10,RI,"218,703","440,966",18.87
2016,10,SC,"2,017,447","2,218,446",12.64
2016,10,SD,"305,195","393,606",12.17
2016,10,TN,"2,995,981","2,827,260",10.71
2016,10,TX,"12,149,443","10,593,131",11.02
2016,10,UT,"632,364","1,046,321",10.63
2016,10,VA,"2,820,211","3,371,342",11.17
2016,10,VT,"146,600","312,638",17.82
2016,10,WA,"2,507,661","2,997,908",9.52
2016,10,WI,"1,494,885","2,664,907",14.40
2016,10,WV,"657,131","858,257",11.90
2016,10,WY,"188,670","269,805",11.50
2016,9,AK,"140,982","284,400",20.52
2016,9,AL,"3,172,902","2,205,958",12.22
2016,9,AR,"1,746,238","1,372,227",10.46
2016,9,AZ,"3,215,901","2,725,524",12.71
2016,9,CA,"8,463,247","13,468,827",18.22
2016,9,CO,"1,571,149","2,265,991",12.84
2016,9,CT,"1,199,801","1,487,694",18.98
2016,9,DC,"285,019","260,650",11.72
2016,9,DE,"467,737","420,526",13.05
2016,9,FL,"12,299,047","9,180,661",11.14
2016,9,GA,"5,689,385","4,253,440",11.99
2016,9,HI,"231,429","431,518",27.84
2016,9,IA,"1,080,889","1,360,567",12.43
2016,9,ID,"503,109","717,403",10.24
2016,9,IL,"3,945,174","5,234,756",12.53
2016,9,IN,"2,804,373","2,825,344",12.26
2016,9,KS,"1,270,234","1,254,366",13.05
2016,9,KY,"2,342,158","1,960,211",10.69
2016,9,LA,"3,256,757","2,066,689",9.74
2016,9,MA,"1,877,042","2,757,138",19.69
2016,9,MD,"2,275,485","2,292,159",14.02
2016,9,ME,"391,239","709,464",16.26
2016,9,MI,"2,828,033","4,319,629",15.71
2016,9,MN,"1,610,194","2,385,907",13.69
2016,9,MO,"3,018,728","2,754,966",11.62
2016,9,MS,"1,929,728","1,281,891",10.10
2016,9,MT,"330,509","498,703",11.51
2016,9,NC,"5,279,898","4,437,007",11.31
2016,9,ND,"286,605","379,033",11.78
2016,9,NE,"740,494","837,666",12.33
2016,9,NH,"408,855","615,502",18.28
2016,9,NJ,"2,722,798","3,525,814",16.14
2016,9,NM,"566,728","877,518",12.85
2016,9,NV,"1,191,084","1,147,641",11.17
2016,9,NY,"5,108,569","7,114,888",18.36
2016,9,OH,"4,484,567","4,913,375",12.13
2016,9,OK,"2,114,425","1,740,538",11.27
2016,9,OR,"1,228,460","1,711,088",10.96
2016,9,PA,"4,829,301","5,338,959",13.96
2016,9,RI,"273,648","439,235",20.47
2016,9,SC,"2,761,856","2,218,245",12.98
2016,9,SD,"324,663","393,791",12.54
2016,9,TN,"4,199,727","2,819,624",10.64
2016,9,TX,"15,412,977","10,556,814",11.11
2016,9,UT,"761,643","1,044,631",11.20
2016,9,VA,"3,734,928","3,369,844",11.64
2016,9,VT,"163,970","312,983",17.58
2016,9,WA,"2,179,922","3,004,301",9.80
2016,9,WI,"1,631,347","2,671,950",14.47
2016,9,WV,"838,898","857,902",11.60
2016,9,WY,"171,080","270,039",11.75
2016,8,AK,"146,304","284,109",20.70
2016,8,AL,"3,568,471","2,206,594",12.17
2016,8,AR,"2,008,686","1,373,827",10.41
2016,8,AZ,"4,210,427","2,716,259",12.50
2016,8,CA,"10,181,056","13,509,714",18.87
2016,8,CO,"1,900,094","2,264,039",12.83
2016,8,CT,"1,446,895","1,487,546",18.78
2016,8,DC,"286,243","259,828",11.99
2016,8,DE,"546,520","420,285",12.95
2016,8,FL,"13,497,879","9,174,689",11.07
2016,8,GA,"6,568,321","4,251,756",12.58
2016,8,HI,"248,884","431,415",27.45
2016,8,IA,"1,389,982","1,360,838",13.99
2016,8,ID,"688,015","715,946",10.46
2016,8,IL,"5,405,323","5,230,527",12.24
2016,8,IN,"3,613,483","2,818,315",11.77
2016,8,KS,"1,585,603","1,256,281",13.29
2016,8,KY,"2,833,022","1,959,700",10.51
2016,8,LA,"3,449,464","2,066,198",9.66
2016,8,MA,"2,263,673","2,730,781",18.02
2016,8,MD,"2,956,832","2,291,171",13.82
2016,8,ME,"430,751","711,397",16.00
2016,8,MI,"3,914,369","4,310,063",15.82
2016,8,MN,"2,116,752","2,384,632",13.07
2016,8,MO,"3,758,602","2,756,174",12.73
2016,8,MS,"2,099,230","1,283,103",10.23
2016,8,MT,"393,422","498,012",11.39
2016,8,NC,"6,337,548","4,434,451",11.24
2016,8,ND,"365,573","378,679",11.29
2016,8,NE,"968,253","836,962",12.00
2016,8,NH,"454,107","615,801",18.18
2016,8,NJ,"3,877,079","3,515,597",16.22
2016,8,NM,"706,853","877,264",12.96
2016,8,NV,"1,855,806","1,149,588",10.82
2016,8,NY,"5,908,407","7,106,176",17.99
2016,8,OH,"5,917,353","4,912,809",12.40
2016,8,OK,"2,695,895","1,741,292",10.65
2016,8,OR,"1,507,509","1,709,782",10.90
2016,8,PA,"5,692,838","5,336,895",13.65
2016,8,RI,"369,108","440,145",18.56
2016,8,SC,"3,471,764","2,217,658",12.98
2016,8,SD,"417,896","393,724",11.98
2016,8,TN,"4,614,293","2,827,642",10.61
2016,8,TX,"17,705,208","10,578,202",10.91
2016,8,UT,"1,056,499","1,043,595",11.81
2016,8,VA,"4,828,626","3,369,563",11.66
2016,8,VT,"187,105","313,344",17.31
2016,8,WA,"2,494,089","3,003,089",9.73
2016,8,WI,"2,223,664","2,662,796",14.07
2016,8,WV,"1,069,132","858,429",11.58
2016,8,WY,"208,616","269,819",11.71
2016,7,AK,"141,349","283,183",21.03
2016,7,AL,"3,647,889","2,198,694",12.03
2016,7,AR,"2,070,373","1,369,596",10.30
2016,7,AZ,"4,673,883","2,716,331",12.64
2016,7,CA,"8,886,253","13,418,403",18.47
2016,7,CO,"2,062,017","2,259,701",12.46
2016,7,CT,"1,240,914","1,486,411",19.77
2016,7,DC,"264,534","258,921",11.74
2016,7,DE,"504,770","419,370",12.94
2016,7,FL,"13,992,002","9,159,412",10.94
2016,7,GA,"6,794,673","4,243,123",12.35
2016,7,HI,"230,739","430,905",28.04
2016,7,IA,"1,443,537","1,357,455",13.78
2016,7,ID,"707,912","714,180",10.76
2016,7,IL,"5,271,965","5,222,174",12.35
2016,7,IN,"3,430,861","2,820,355",11.68
2016,7,KS,"1,702,399","1,261,635",13.17
2016,7,KY,"2,751,378","1,957,706",10.48
2016,7,LA,"3,576,331","2,061,800",9.28
2016,7,MA,"1,993,413","2,753,464",18.02
2016,7,MD,"3,013,955","2,287,004",14.07
2016,7,ME,"372,595","683,168",15.83
2016,7,MI,"3,780,797","4,302,626",15.31
2016,7,MN,"2,112,591","2,375,854",13.16
2016,7,MO,"3,800,901","2,748,032",12.59
2016,7,MS,"2,114,542","1,280,041",10.13
2016,7,MT,"379,561","496,723",11.48
2016,7,NC,"6,393,929","4,426,531",11.07
2016,7,ND,"344,684","377,515",11.17
2016,7,NE,"1,052,840","832,937",12.08
2016,7,NH,"403,921","615,335",17.95
2016,7,NJ,"3,779,476","3,512,152",16.10
2016,7,NM,"769,100","876,551",12.45
2016,7,NV,"1,737,226","1,143,459",10.71
2016,7,NY,"5,379,175","7,226,773",17.93
2016,7,OH,"5,600,669","4,902,343",12.45
2016,7,OK,"2,911,564","1,739,269",10.11
2016,7,OR,"1,375,548","1,704,701",10.82
2016,7,PA,"5,223,725","5,329,104",13.60
2016,7,RI,"348,644","438,709",17.10
2016,7,SC,"3,620,164","2,212,102",12.78
2016,7,SD,"404,672","391,909",12.23
2016,7,TN,"4,451,722","2,820,594",10.52
2016,7,TX,"17,614,425","10,491,047",10.83
2016,7,UT,"1,123,650","1,040,992",11.64
2016,7,VA,"4,794,443","3,363,137",11.63
2016,7,VT,"183,785","312,773",17.33
2016,7,WA,"2,422,747","2,971,812",9.75
2016,7,WI,"2,284,767","2,664,327",14.28
2016,7,WV,"1,009,937","857,189",11.20
2016,7,WY,"216,378","269,377",11.84
2016,6,AK,"139,054","283,450",20.94
2016,6,AL,"3,001,250","2,201,779",12.11
2016,6,AR,"1,437,434","1,369,241",10.34
2016,6,AZ,"4,026,471","2,711,432",12.48
2016,6,CA,"7,567,756","13,679,870",18.09
2016,6,CO,"1,707,635","2,258,014",12.59
2016,6,CT,"1,009,267","1,486,253",20.95
2016,6,DC,"257,361","258,720",12.26
2016,6,DE,"375,305","418,975",13.55
2016,6,FL,"11,884,028","9,150,397",10.87
2016,6,GA,"5,472,480","4,239,970",12.30
2016,6,HI,"212,979","430,927",27.50
2016,6,IA,"1,285,833","1,357,698",13.28
2016,6,ID,"617,084","713,365",10.07
2016,6,IL,"4,455,687","5,223,885",12.54
2016,6,IN,"2,844,096","2,819,708",11.70
2016,6,KS,"1,500,653","1,253,253",13.39
2016,6,KY,"2,262,604","1,956,279",10.51
2016,6,LA,"2,771,606","2,061,169",9.19
2016,6,MA,"1,495,873","2,733,704",18.45
2016,6,MD,"2,191,510","2,285,292",14.62
2016,6,ME,"332,918","710,173",15.84
2016,6,MI,"2,965,014","4,308,408",15.34
2016,6,MN,"1,798,622","2,379,562",12.76
2016,6,MO,"3,273,474","2,750,915",12.86
2016,6,MS,"1,613,042","1,279,512",10.56
2016,6,MT,"352,473","496,778",11.47
2016,6,NC,"5,316,077","4,421,008",11.02
2016,6,ND,"301,152","377,628",11.29
2016,6,NE,"874,592","834,459",11.87
2016,6,NH,"327,356","613,378",18.06
2016,6,NJ,"2,623,832","3,517,332",16.02
2016,6,NM,"607,487","876,289",12.16
2016,6,NV,"1,631,332","1,145,591",11.39
2016,6,NY,"4,083,398","7,108,458",17.87
2016,6,OH,"4,367,013","4,907,689",12.66
2016,6,OK,"2,298,226","1,736,612",10.11
2016,6,OR,"1,326,740","1,707,841",10.82
2016,6,PA,"4,121,783","5,331,259",13.81
2016,6,RI,"244,103","440,821",18.69
2016,6,SC,"2,900,372","2,210,961",12.88
2016,6,SD,"361,830","392,213",12.01
2016,6,TN,"3,441,411","2,818,655",10.45
2016,6,TX,"13,698,760","10,529,597",10.95
2016,6,UT,"935,269","1,040,338",11.43
2016,6,VA,"3,684,009","3,359,959",12.16
2016,6,VT,"152,755","313,936",17.60
2016,6,WA,"2,273,240","2,986,536",9.67
2016,6,WI,"1,785,540","2,664,007",14.66
2016,6,WV,"815,227","859,745",14.21
2016,6,WY,"188,226","269,730",11.76
2016,5,AK,"143,677","282,514",20.61
2016,5,AL,"2,201,033","2,198,946",12.05
2016,5,AR,"1,039,155","1,367,320",10.22
2016,5,AZ,"2,511,440","2,710,769",12.87
2016,5,CA,"5,979,711","13,437,927",17.71
2016,5,CO,"1,357,353","2,255,669",11.69
2016,5,CT,"788,695","1,487,045",21.64
2016,5,DC,"126,419","258,548",13.12
2016,5,DE,"294,896","418,350",14.49
2016,5,FL,"9,844,340","9,202,986",10.67
2016,5,GA,"3,946,725","4,233,906",11.57
2016,5,HI,"205,509","430,475",26.88
2016,5,IA,"837,565","1,356,358",12.65
2016,5,ID,"513,575","712,253",10.09
2016,5,IL,"3,004,481","5,226,552",13.61
2016,5,IN,"2,098,416","2,816,860",12.18
2016,5,KS,"853,383","1,253,785",13.91
2016,5,KY,"1,640,898","1,954,579",10.70
2016,5,LA,"2,008,900","2,056,517",9.50
2016,5,MA,"1,296,341","2,762,996",18.97
2016,5,MD,"1,675,570","2,284,086",14.70
2016,5,ME,"334,220","711,498",15.78
2016,5,MI,"2,391,241","4,307,406",15.26
2016,5,MN,"1,474,080","2,374,875",13.01
2016,5,MO,"2,058,996","2,749,439",12.24
2016,5,MS,"1,188,748","1,277,544",10.80
2016,5,MT,"321,970","496,190",11.31
2016,5,NC,"3,714,717","4,414,400",11.29
2016,5,ND,"289,289","377,408",10.99
2016,5,NE,"594,150","832,879",11.02
2016,5,NH,"295,088","613,076",18.51
2016,5,NJ,"1,967,197","3,500,693",15.37
2016,5,NM,"447,861","875,814",11.28
2016,5,NV,"832,022","1,140,010",12.07
2016,5,NY,"3,323,302","7,102,767",17.71
2016,5,OH,"3,373,845","4,907,196",13.19
2016,5,OK,"1,430,940","1,736,347",10.87
2016,5,OR,"1,281,165","1,703,486",10.84
2016,5,PA,"3,381,705","5,333,487",14.20
2016,5,RI,"204,439","432,349",18.02
2016,5,SC,"2,055,750","2,205,673",12.74
2016,5,SD,"296,483","391,638",12.16
2016,5,TN,"2,492,059","2,812,274",10.33
2016,5,TX,"9,964,081","10,520,385",11.10
2016,5,UT,"611,228","1,039,753",10.91
2016,5,VA,"2,755,605","3,356,547",11.96
2016,5,VT,"141,197","312,106",17.82
2016,5,WA,"2,247,637","2,977,186",9.65
2016,5,WI,"1,494,661","2,656,645",14.68
2016,5,WV,"681,653","865,195",11.42
2016,5,WY,"184,622","269,401",11.45
2016,4,AK,"155,315","281,922",20.43
2016,4,AL,"1,846,849","2,195,954",12.37
2016,4,AR,"1,039,170","1,365,949",10.06
2016,4,AZ,"1,960,821","2,714,066",12.28
2016,4,CA,"5,918,567","13,187,144",12.39
2016,4,CO,"1,281,633","2,253,405",11.82
2016,4,CT,"899,671","1,487,768",21.15
2016,4,DC,"160,314","257,605",12.85
2016,4,DE,"302,570","417,898",13.84
2016,4,FL,"8,337,370","9,064,379",10.87
2016,4,GA,"3,362,959","4,228,064",11.22
2016,4,HI,"200,813","430,253",26.93
2016,4,IA,"927,693","1,354,546",11.40
2016,4,ID,"551,976","711,226",9.83
2016,4,IL,"2,814,261","5,224,792",13.09
2016,4,IN,"2,028,007","2,819,350",12.21
2016,4,KS,"720,063","1,249,541",13.58
2016,4,KY,"1,611,046","1,954,662",10.56
2016,4,LA,"1,759,490","2,055,423",9.40
2016,4,MA,"1,365,235","2,727,164",19.89
2016,4,MD,"1,711,162","2,283,830",14.37
2016,4,ME,"359,208","684,896",15.60
2016,4,MI,"2,308,144","4,296,051",14.88
2016,4,MN,"1,489,947","2,371,263",12.61
2016,4,MO,"1,960,352","2,747,838",10.69
2016,4,MS,"1,040,691","1,275,820",10.93
2016,4,MT,"369,185","495,341",10.95
2016,4,NC,"3,264,524","4,410,884",11.60
2016,4,ND,"352,884","376,624",10.45
2016,4,NE,"609,460","830,107",10.65
2016,4,NH,"340,810","608,549",18.64
2016,4,NJ,"1,691,607","3,499,528",15.49
2016,4,NM,"416,071","875,591",11.29
2016,4,NV,"647,035","1,139,881",11.87
2016,4,NY,"3,379,162","7,105,319",17.38
2016,4,OH,"3,350,449","4,906,912",12.93
2016,4,OK,"1,248,720","1,733,669",11.08
2016,4,OR,"1,312,001","1,701,192",10.57
2016,4,PA,"3,646,204","5,333,481",14.07
2016,4,RI,"210,006","440,770",19.43
2016,4,SC,"1,682,398","2,202,294",13.00
2016,4,SD,"328,669","390,631",11.45
2016,4,TN,"2,515,067","2,806,114",10.30
2016,4,TX,"8,486,356","10,491,523",11.26
2016,4,UT,"595,335","1,038,058",10.64
2016,4,VA,"2,609,113","3,354,414",11.93
2016,4,VT,"151,731","311,783",17.54
2016,4,WA,"2,482,598","2,967,370",9.53
2016,4,WI,"1,521,309","2,660,632",14.15
2016,4,WV,"708,118","861,283",11.30
2016,4,WY,"212,202","269,401",10.96
2016,3,AK,"170,319","281,745",19.73
2016,3,AL,"2,087,122","2,195,386",12.07
2016,3,AR,"1,265,602","1,366,339",9.64
2016,3,AZ,"1,854,370","2,725,524",11.68
2016,3,CA,"6,446,877","13,874,320",17.65
2016,3,CO,"1,425,399","2,251,452",11.40
2016,3,CT,"1,011,903","1,483,922",20.85
2016,3,DC,"173,819","257,485",12.65
2016,3,DE,"377,321","417,781",13.35
2016,3,FL,"8,426,845","9,119,278",11.00
2016,3,GA,"3,768,498","4,224,125",11.20
2016,3,HI,"197,630","430,350",27.35
2016,3,IA,"1,123,257","1,358,222",11.16
2016,3,ID,"678,900","711,226",9.75
2016,3,IL,"3,180,575","5,230,407",12.88
2016,3,IN,"2,384,024","2,817,893",11.60
2016,3,KS,"805,844","1,248,939",13.30
2016,3,KY,"1,908,280","1,954,315",10.25
2016,3,LA,"1,944,309","2,055,870",9.46
2016,3,MA,"1,523,766","2,749,279",19.62
2016,3,MD,"2,113,434","2,283,479",14.37
2016,3,ME,"418,932","710,304",15.65
2016,3,MI,"2,581,997","4,305,913",14.75
2016,3,MN,"1,759,373","2,377,765",12.17
2016,3,MO,"2,384,849","2,749,012",10.39
2016,3,MS,"1,227,377","1,275,546",10.83
2016,3,MT,"408,198","496,135",10.81
2016,3,NC,"4,193,697","4,406,254",11.54
2016,3,ND,"411,158","376,560",9.74
2016,3,NE,"722,288","833,070",10.27
2016,3,NH,"384,321","611,157",18.43
2016,3,NJ,"1,914,010","3,506,379",15.55
2016,3,NM,"447,998","875,960",11.40
2016,3,NV,"708,545","1,138,062",12.26
2016,3,NY,"3,871,539","7,103,734",16.79
2016,3,OH,"3,863,290","4,921,832",12.66
2016,3,OK,"1,416,454","1,731,660",10.39
2016,3,OR,"1,653,215","1,704,131",10.47
2016,3,PA,"4,333,269","5,334,197",13.80
2016,3,RI,"234,413","442,768",19.07
2016,3,SC,"2,020,877","2,200,143",13.07
2016,3,SD,"382,642","391,035",11.01
2016,3,TN,"3,149,014","2,804,732",10.10
2016,3,TX,"8,743,347","10,500,894",11.19
2016,3,UT,"639,010","1,037,275",10.61
2016,3,VA,"3,304,960","3,353,391",11.12
2016,3,VT,"176,082","311,264",17.14
2016,3,WA,"3,221,564","3,004,846",9.30
2016,3,WI,"1,659,940","2,659,634",13.89
2016,3,WV,"885,682","862,513",11.01
2016,3,WY,"240,443","269,837",10.80
2016,2,AK,"183,428","282,917",19.49
2016,2,AL,"2,640,058","2,193,099",11.45
2016,2,AR,"1,585,814","1,364,311",9.15
2016,2,AZ,"1,953,793","2,726,762",11.39
2016,2,CA,"6,480,629","12,984,293",17.68
2016,2,CO,"1,441,843","2,250,972",11.44
2016,2,CT,"1,105,328","1,485,151",20.69
2016,2,DC,"247,857","257,547",12.19
2016,2,DE,"440,294","417,864",12.94
2016,2,FL,"8,591,718","9,012,022",11.04
2016,2,GA,"4,741,249","4,219,008",10.58
2016,2,HI,"191,142","430,135",26.78
2016,2,IA,"1,187,849","1,352,917",10.56
2016,2,ID,"751,269","709,745",9.61
2016,2,IL,"3,616,924","5,227,440",12.27
2016,2,IN,"3,020,598","2,816,477",10.90
2016,2,KS,"981,780","1,247,660",12.65
2016,2,KY,"2,479,507","1,954,139",9.91
2016,2,LA,"2,424,748","2,050,469",8.69
2016,2,MA,"1,665,448","2,741,040",19.75
2016,2,MD,"2,548,569","2,282,975",13.99
2016,2,ME,"408,669","683,018",15.47
2016,2,MI,"2,691,552","4,301,813",14.78
2016,2,MN,"1,911,017","2,367,539",12.05
2016,2,MO,"3,063,487","2,748,236",9.52
2016,2,MS,"1,565,702","1,273,397",10.25
2016,2,MT,"465,824","494,851",10.39
2016,2,NC,"5,259,076","4,402,666",10.67
2016,2,ND,"486,516","375,786",9.34
2016,2,NE,"868,901","829,772",9.60
2016,2,NH,"393,510","609,260",18.33
2016,2,NJ,"2,130,873","3,492,331",15.46
2016,2,NM,"544,183","874,995",11.22
2016,2,NV,"705,229","1,136,573",12.19
2016,2,NY,"4,083,644","7,100,105",16.76
2016,2,OH,"4,610,996","4,907,739",12.23
2016,2,OK,"1,641,948","1,730,120",9.79
2016,2,OR,"1,664,160","1,699,089",10.39
2016,2,PA,"5,148,616","5,329,734",13.87
2016,2,RI,"236,937","440,763",18.79
2016,2,SC,"2,675,672","2,195,887",12.09
2016,2,SD,"447,690","389,744",10.47
2016,2,TN,"4,153,186","2,800,588",9.69
2016,2,TX,"10,363,055","10,487,116",10.99
2016,2,UT,"702,352","1,036,195",10.56
2016,2,VA,"4,601,624","3,351,775",10.84
2016,2,VT,"185,393","310,938",16.93
2016,2,WA,"3,348,884","2,959,631",9.24
2016,2,WI,"1,790,184","2,646,184",13.71
2016,2,WV,"1,256,992","863,082",10.69
2016,2,WY,"273,712","268,958",10.57
2016,1,AK,"215,209","282,685",19.14
2016,1,AL,"3,082,390","2,188,996",11.00
2016,1,AR,"1,679,054","1,361,159",8.93
2016,1,AZ,"2,515,805","2,735,701",10.84
2016,1,CA,"7,789,179","13,362,710",17.77
2016,1,CO,"1,718,967","2,247,337",11.15
2016,1,CT,"1,190,477","1,474,939",19.86
2016,1,DC,"193,468","256,960",12.44
2016,1,DE,"449,678","417,327",13.12
2016,1,FL,"9,131,462","9,032,116",11.21
2016,1,GA,"5,327,509","4,211,329",10.46
2016,1,HI,"221,625","429,716",26.92
2016,1,IA,"1,541,464","1,355,216",10.18
2016,1,ID,"935,257","708,724",9.51
2016,1,IL,"4,208,792","5,222,482",11.77
2016,1,IN,"3,347,781","2,814,773",10.80
2016,1,KS,"1,254,073","1,245,521",12.00
2016,1,KY,"2,775,153","1,951,501",9.97
2016,1,LA,"2,570,345","2,047,071",8.73
2016,1,MA,"1,787,641","2,715,618",19.41
2016,1,MD,"2,913,842","2,279,268",14.04
2016,1,ME,"434,793","707,879",15.56
2016,1,MI,"3,195,344","4,298,386",14.43
2016,1,MN,"2,235,247","2,362,343",11.95
2016,1,MO,"3,459,958","2,743,237",9.42
2016,1,MS,"1,608,239","1,270,958",10.37
2016,1,MT,"569,824","494,106",10.11
2016,1,NC,"6,039,880","4,395,598",10.31
2016,1,ND,"599,502","375,037",8.52
2016,1,NE,"1,036,321","827,415",9.25
2016,1,NH,"416,423","604,951",17.98
2016,1,NJ,"2,398,064","3,497,491",15.48
2016,1,NM,"654,038","877,585",11.42
2016,1,NV,"1,012,684","1,138,729",11.39
2016,1,NY,"4,341,889","7,095,989",16.56
2016,1,OH,"5,232,303","4,896,288",12.22
2016,1,OK,"2,149,347","1,728,044",8.40
2016,1,OR,"2,115,383","1,695,900",10.23
2016,1,PA,"5,304,062","5,323,720",13.71
2016,1,RI,"280,646","439,774",18.41
2016,1,SC,"2,958,492","2,191,913",11.87
2016,1,SD,"513,039","389,072",10.31
2016,1,TN,"3,834,398","2,791,017",9.98
2016,1,TX,"12,089,402","10,415,500",10.88
2016,1,UT,"825,994","1,035,485",10.51
2016,1,VA,"4,703,413","3,349,631",10.59
2016,1,VT,"211,325","311,130",16.65
2016,1,WA,"3,969,634","2,940,929",9.24
2016,1,WI,"2,174,100","2,657,072",13.45
2016,1,WV,"1,430,145","862,144",10.69
2016,1,WY,"328,789","268,771",10.42
2015,12,AK,"220,653","283,337",19.11
2015,12,AL,"2,275,021","2,190,067",11.16
2015,12,AR,"1,306,616","1,358,585",9.49
2015,12,AZ,"2,532,528","2,715,611",10.70
2015,12,CA,"7,801,420","13,847,513",17.29
2015,12,CO,"1,685,334","2,240,886",11.60
2015,12,CT,"1,009,780","1,471,640",19.47
2015,12,DC,"199,862","256,316",13.36
2015,12,DE,"324,936","417,068",13.40
2015,12,FL,"8,763,441","9,081,436",11.34
2015,12,GA,"3,981,332","4,210,801",10.28
2015,12,HI,"227,552","429,093",26.85
2015,12,IA,"1,346,559","1,359,738",10.38
2015,12,ID,"937,326","706,617",9.60
2015,12,IL,"3,720,996","5,195,262",11.82
2015,12,IN,"2,663,364","2,820,061",11.46
2015,12,KS,"1,031,685","1,233,738",12.33
2015,12,KY,"1,978,352","1,953,101",10.51
2015,12,LA,"2,047,632","2,049,993",8.81
2015,12,MA,"1,584,166","2,802,288",19.63
2015,12,MD,"2,032,397","2,277,726",14.59
2015,12,ME,"430,810","709,502",14.91
2015,12,MI,"2,904,083","4,299,607",14.51
2015,12,MN,"2,047,072","2,364,817",11.57
2015,12,MO,"2,797,891","2,743,904",10.59
2015,12,MS,"1,249,039","1,273,665",11.14
2015,12,MT,"535,685","494,880",10.35
2015,12,NC,"4,641,418","4,356,942",10.81
2015,12,ND,"520,058","376,820",8.73
2015,12,NE,"938,585","830,808",9.53
2015,12,NH,"361,498","612,176",18.01
2015,12,NJ,"2,111,907","3,500,533",15.55
2015,12,NM,"591,632","874,798",11.31
2015,12,NV,"886,249","1,133,202",12.40
2015,12,NY,"3,978,744","7,093,898",17.50
2015,12,OH,"4,182,521","4,902,664",12.74
2015,12,OK,"1,746,762","1,731,059",9.10
2015,12,OR,"2,083,763","1,697,439",10.39
2015,12,PA,"4,319,206","5,315,499",13.92
2015,12,RI,"250,515","441,203",19.88
2015,12,SC,"2,243,729","2,197,862",12.05
2015,12,SD,"455,836","390,769",10.42
2015,12,TN,"2,980,701","2,791,587",10.45
2015,12,TX,"10,065,340","10,369,964",11.19
2015,12,UT,"835,127","1,031,688",10.50
2015,12,VA,"3,538,539","3,347,319",10.96
2015,12,VT,"178,500","312,198",17.19
2015,12,WA,"3,896,252","2,967,556",9.22
2015,12,WI,"1,948,567","2,660,237",13.54
2015,12,WV,"983,355","861,484",10.43
2015,12,WY,"296,103","269,298",10.54
2015,11,AK,"181,931","283,136",20.04
2015,11,AL,"1,962,754","2,187,238",11.39
2015,11,AR,"1,028,512","1,358,226",10.12
2015,11,AZ,"1,869,132","2,704,034",11.24
2015,11,CA,"6,432,327","12,930,586",17.33
2015,11,CO,"1,412,324","2,237,004",11.72
2015,11,CT,"835,559","1,471,641",20.04
2015,11,DC,"124,522","251,672",13.71
2015,11,DE,"317,178","416,681",14.47
2015,11,FL,"9,211,715","9,163,688",11.56
2015,11,GA,"3,508,194","4,205,210",10.50
2015,11,HI,"226,562","428,846",27.15
2015,11,IA,"883,906","1,355,163",11.16
2015,11,ID,"713,774","705,038",9.34
2015,11,IL,"3,144,735","5,194,844",13.27
2015,11,IN,"2,095,888","2,808,903",12.03
2015,11,KS,"806,791","1,232,457",12.83
2015,11,KY,"1,619,995","1,950,701",10.85
2015,11,LA,"1,945,689","2,047,037",9.15
2015,11,MA,"1,353,244","2,828,963",18.35
2015,11,MD,"1,686,531","2,267,375",14.89
2015,11,ME,"323,477","660,520",16.20
2015,11,MI,"2,438,276","4,289,047",14.63
2015,11,MN,"1,601,567","2,357,405",11.87
2015,11,MO,"2,143,058","2,738,761",11.25
2015,11,MS,"1,114,834","1,272,740",11.43
2015,11,MT,"385,460","493,425",10.79
2015,11,NC,"3,370,663","4,350,576",11.39
2015,11,ND,"402,591","375,444",9.19
2015,11,NE,"627,833","828,277",10.36
2015,11,NH,"309,202","605,971",18.15
2015,11,NJ,"1,789,046","3,504,756",15.32
2015,11,NM,"465,634","873,083",11.77
2015,11,NV,"601,106","1,130,403",12.70
2015,11,NY,"3,380,184","7,085,540",18.23
2015,11,OH,"3,467,461","4,891,799",13.11
2015,11,OK,"1,278,700","1,728,627",10.39
2015,11,OR,"1,609,594","1,693,083",10.68
2015,11,PA,"3,522,928","5,307,530",14.20
2015,11,RI,"216,094","440,169",18.62
2015,11,SC,"1,782,262","2,195,552",12.81
2015,11,SD,"345,807","389,548",11.10
2015,11,TN,"2,414,772","2,788,121",10.81
2015,11,TX,"8,391,003","10,303,085",11.38
2015,11,UT,"688,561","1,029,529",10.63
2015,11,VA,"2,933,868","3,341,680",11.47
2015,11,VT,"154,510","312,217",17.67
2015,11,WA,"2,936,136","2,933,914",9.41
2015,11,WI,"1,627,485","2,642,357",13.93
2015,11,WV,"776,613","862,104",10.73
2015,11,WY,"217,760","268,760",11.11
2015,10,AK,"162,818","284,050",20.36
2015,10,AL,"2,040,510","2,187,188",11.92
2015,10,AR,"1,271,523","1,359,372",9.98
2015,10,AZ,"2,555,751","2,694,109",12.16
2015,10,CA,"8,418,090","13,614,795",14.96
2015,10,CO,"1,426,284","2,233,831",11.88
2015,10,CT,"847,004","1,470,588",20.13
2015,10,DC,"154,115","251,442",13.92
2015,10,DE,"291,132","415,666",14.35
2015,10,FL,"10,023,496","8,937,299",11.48
2015,10,GA,"3,710,363","4,202,964",11.16
2015,10,HI,"230,241","428,702",28.20
2015,10,IA,"872,648","1,357,958",11.42
2015,10,ID,"522,379","704,366",10.25
2015,10,IL,"2,857,298","5,188,432",13.58
2015,10,IN,"2,041,834","2,807,711",12.17
2015,10,KS,"820,987","1,230,445",12.39
2015,10,KY,"1,590,543","1,950,339",10.90
2015,10,LA,"2,435,650","2,048,992",9.65
2015,10,MA,"1,400,748","2,793,500",18.42
2015,10,MD,"1,551,805","2,264,171",15.23
2015,10,ME,"343,789","703,478",15.98
2015,10,MI,"2,221,309","4,289,493",14.86
2015,10,MN,"1,519,372","2,363,043",12.55
2015,10,MO,"2,058,713","2,734,048",11.29
2015,10,MS,"1,363,169","1,272,943",11.24
2015,10,MT,"316,365","493,599",11.19
2015,10,NC,"3,552,450","4,347,967",12.07
2015,10,ND,"309,132","375,017",10.43
2015,10,NE,"660,534","828,960",10.53
2015,10,NH,"322,998","612,021",17.74
2015,10,NJ,"1,816,903","3,504,644",15.22
2015,10,NM,"496,675","873,471",12.61
2015,10,NV,"949,430","1,128,241",12.98
2015,10,NY,"3,775,683","7,085,540",18.30
2015,10,OH,"3,208,182","4,887,867",13.03
2015,10,OK,"1,414,364","1,728,031",11.27
2015,10,OR,"1,279,169","1,694,135",10.93
2015,10,PA,"3,526,271","5,304,588",14.28
2015,10,RI,"227,205","439,792",19.68
2015,10,SC,"1,898,020","2,195,250",12.84
2015,10,SD,"305,547","389,780",11.85
2015,10,TN,"2,668,410","2,788,550",10.65
2015,10,TX,"11,673,440","10,387,765",11.35
2015,10,UT,"680,475","1,027,411",10.47
2015,10,VA,"2,738,690","3,338,877",11.53
2015,10,VT,"149,675","312,634",17.44
2015,10,WA,"2,333,355","2,966,918",9.44
2015,10,WI,"1,452,829","2,650,588",14.58
2015,10,WV,"680,681","857,478",10.99
2015,10,WY,"180,994","268,955",11.56
2015,9,AK,"147,798","283,818",20.31
2015,9,AL,"2,730,060","2,187,050",12.22
2015,9,AR,"1,664,952","1,359,300",10.49
2015,9,AZ,"3,529,071","2,686,017",12.69
2015,9,CA,"9,469,764","13,389,882",18.35
2015,9,CO,"1,586,797","2,230,066",12.57
2015,9,CT,"1,180,178","1,469,103",19.29
2015,9,DC,"224,987","249,807",12.74
2015,9,DE,"398,553","415,833",13.61
2015,9,FL,"11,900,343","8,990,597",11.66
2015,9,GA,"4,879,527","4,199,695",12.18
2015,9,HI,"255,051","428,896",28.51
2015,9,IA,"1,161,462","1,358,910",12.04
2015,9,ID,"521,227","703,289",10.02
2015,9,IL,"3,790,163","5,177,151",12.80
2015,9,IN,"2,606,093","2,807,039",11.81
2015,9,KS,"1,276,243","1,232,598",12.29
2015,9,KY,"2,111,515","1,949,015",10.51
2015,9,LA,"3,142,445","2,048,683",9.72
2015,9,MA,"1,843,966","2,796,546",18.87
2015,9,MD,"2,047,696","2,260,720",14.01
2015,9,ME,"388,129","706,642",15.13
2015,9,MI,"2,851,468","4,284,641",14.52
2015,9,MN,"1,712,452","2,359,444",12.68
2015,9,MO,"2,812,796","2,736,786",11.68
2015,9,MS,"1,805,194","1,273,286",11.16
2015,9,MT,"332,047","492,883",11.35
2015,9,NC,"4,765,621","4,344,017",11.88
2015,9,ND,"299,979","373,841",11.03
2015,9,NE,"748,601","828,923",12.07
2015,9,NH,"405,243","608,824",17.23
2015,9,NJ,"2,701,682","3,497,591",15.66
2015,9,NM,"621,242","872,098",12.68
2015,9,NV,"1,386,595","1,130,375",12.38
2015,9,NY,"4,949,532","7,082,017",18.38
2015,9,OH,"4,148,200","4,889,203",12.71
2015,9,OK,"2,163,772","1,727,201",10.70
2015,9,OR,"1,204,222","1,691,492",10.89
2015,9,PA,"4,497,096","5,302,838",14.11
2015,9,RI,"276,849","440,176",21.60
2015,9,SC,"2,513,628","2,192,785",12.95
2015,9,SD,"334,247","389,522",12.00
2015,9,TN,"3,602,076","2,791,360",10.34
2015,9,TX,"15,031,761","10,351,037",11.51
2015,9,UT,"797,765","1,026,230",11.30
2015,9,VA,"3,452,778","3,336,570",11.85
2015,9,VT,"163,349","313,079",17.27
2015,9,WA,"2,288,277","2,956,051",9.41
2015,9,WI,"1,772,435","2,652,471",14.57
2015,9,WV,"741,244","859,890",10.79
2015,9,WY,"180,497","268,743",11.53
2015,8,AK,"143,850","283,396",20.67
2015,8,AL,"3,412,667","2,186,331",11.97
2015,8,AR,"2,074,524","1,359,595",10.37
2015,8,AZ,"4,411,632","2,679,208",12.59
2015,8,CA,"8,880,263","13,161,036",18.20
2015,8,CO,"1,910,801","2,227,944",12.58
2015,8,CT,"1,274,388","1,466,706",19.27
2015,8,DC,"236,040","247,944",13.03
2015,8,DE,"468,735","415,485",13.50
2015,8,FL,"12,720,201","8,981,030",11.60
2015,8,GA,"6,214,763","4,198,496",12.27
2015,8,HI,"254,692","428,623",29.86
2015,8,IA,"1,219,927","1,357,823",13.66
2015,8,ID,"687,546","701,617",10.24
2015,8,IL,"4,656,094","5,172,210",12.52
2015,8,IN,"3,121,419","2,799,139",11.59
2015,8,KS,"1,464,062","1,234,435",12.48
2015,8,KY,"2,493,648","1,948,842",10.45
2015,8,LA,"3,762,247","2,049,232",9.71
2015,8,MA,"2,043,270","2,793,580",18.02
2015,8,MD,"2,604,863","2,259,975",13.84
2015,8,ME,"403,166","704,286",15.46
2015,8,MI,"3,234,675","4,280,375",15.38
2015,8,MN,"1,918,407","2,354,707",12.78
2015,8,MO,"3,467,280","2,736,346",12.59
2015,8,MS,"2,156,658","1,273,139",11.01
2015,8,MT,"375,525","491,994",11.22
2015,8,NC,"5,648,945","4,339,723",11.60
2015,8,ND,"356,283","372,921",11.00
2015,8,NE,"888,125","827,471",11.90
2015,8,NH,"426,327","608,022",17.13
2015,8,NJ,"3,419,093","3,494,975",16.33
2015,8,NM,"694,889","871,631",13.24
2015,8,NV,"1,596,017","1,129,478",12.35
2015,8,NY,"5,337,156","7,080,019",18.38
2015,8,OH,"4,896,651","4,886,053",13.23
2015,8,OK,"2,586,487","1,726,230",10.39
2015,8,OR,"1,447,975","1,688,201",10.68
2015,8,PA,"4,951,192","5,303,019",14.03
2015,8,RI,"342,289","438,935",18.86
2015,8,SC,"3,206,836","2,191,612",12.76
2015,8,SD,"389,796","389,095",11.87
2015,8,TN,"4,349,779","2,794,488",10.30
2015,8,TX,"17,396,111","10,369,597",11.43
2015,8,UT,"991,993","1,025,669",11.34
2015,8,VA,"4,237,680","3,335,103",11.70
2015,8,VT,"183,459","312,761",17.13
2015,8,WA,"2,440,113","2,938,905",9.40
2015,8,WI,"1,963,156","2,651,371",14.38
2015,8,WV,"952,881","859,526",10.63
2015,8,WY,"200,571","268,411",11.50
2015,7,AK,"143,055","282,867",20.92
2015,7,AL,"3,568,237","2,185,217",11.83
2015,7,AR,"1,960,938","1,357,959",10.36
2015,7,AZ,"4,222,747","2,679,206",12.78
2015,7,CA,"9,157,530","13,822,352",17.96
2015,7,CO,"1,803,967","2,224,770",12.71
2015,7,CT,"1,204,429","1,466,473",20.47
2015,7,DC,"273,937","247,099",13.64
2015,7,DE,"487,373","414,994",13.20
2015,7,FL,"12,934,772","8,954,976",11.65
2015,7,GA,"6,429,169","4,193,548",13.35
2015,7,HI,"242,340","428,568",30.04
2015,7,IA,"1,433,176","1,358,269",13.35
2015,7,ID,"706,815","701,134",10.61
2015,7,IL,"4,740,490","5,164,859",12.56
2015,7,IN,"3,177,347","2,803,816",11.54
2015,7,KS,"1,618,755","1,240,714",12.36
2015,7,KY,"2,606,869","1,948,011",10.11
2015,7,LA,"3,466,207","2,047,461",9.36
2015,7,MA,"1,898,247","2,793,839",18.06
2015,7,MD,"2,748,313","2,259,012",13.85
2015,7,ME,"375,671","706,182",15.49
2015,7,MI,"3,344,751","4,278,337",15.26
2015,7,MN,"2,056,826","2,390,298",12.89
2015,7,MO,"3,590,552","2,733,694",12.78
2015,7,MS,"2,027,278","1,272,602",10.98
2015,7,MT,"395,447","491,639",11.34
2015,7,NC,"6,341,899","4,335,061",11.45
2015,7,ND,"352,375","371,387",10.99
2015,7,NE,"999,985","827,479",12.03
2015,7,NH,"374,912","607,620",17.74
2015,7,NJ,"3,495,478","3,500,868",16.42
2015,7,NM,"698,148","870,679",13.21
2015,7,NV,"1,677,107","1,130,644",12.00
2015,7,NY,"4,864,376","7,076,789",18.71
2015,7,OH,"4,894,481","4,887,610",13.42
2015,7,OK,"2,722,316","1,725,152",10.09
2015,7,OR,"1,570,622","1,687,621",11.06
2015,7,PA,"4,785,854","5,303,498",14.02
2015,7,RI,"319,745","438,963",17.59
2015,7,SC,"3,462,735","2,190,166",12.64
2015,7,SD,"389,230","388,537",11.90
2015,7,TN,"4,267,819","2,791,293",10.33
2015,7,TX,"16,701,294","10,343,501",11.50
2015,7,UT,"1,043,856","1,022,631",11.83
2015,7,VA,"4,564,794","3,331,691",11.66
2015,7,VT,"177,583","312,614",17.08
2015,7,WA,"2,567,045","2,949,476",9.38
2015,7,WI,"2,048,232","2,653,152",14.37
2015,7,WV,"907,943","859,534",10.71
2015,7,WY,"195,226","268,362",11.64
2015,6,AK,"136,767","282,448",20.76
2015,6,AL,"2,984,817","2,182,814",11.94
2015,6,AR,"1,440,283","1,357,394",10.34
2015,6,AZ,"3,750,006","2,675,270",12.71
2015,6,CA,"7,182,280","13,391,386",17.19
2015,6,CO,"1,550,425","2,223,587",12.57
2015,6,CT,"942,844","1,466,943",22.62
2015,6,DC,"240,941","244,989",12.79
2015,6,DE,"399,922","415,372",13.98
2015,6,FL,"11,582,493","8,960,732",11.57
2015,6,GA,"5,288,408","4,191,569",12.34
2015,6,HI,"206,860","428,459",30.41
2015,6,IA,"1,060,799","1,356,787",13.22
2015,6,ID,"648,436","699,760",9.99
2015,6,IL,"3,772,235","5,159,355",12.58
2015,6,IN,"2,627,855","2,802,513",11.82
2015,6,KS,"1,350,397","1,232,766",12.75
2015,6,KY,"2,189,424","1,945,553",10.20
2015,6,LA,"2,794,991","2,046,735",9.38
2015,6,MA,"1,513,627","2,790,777",19.54
2015,6,MD,"2,124,685","2,254,665",14.58
2015,6,ME,"332,276","707,165",15.48
2015,6,MI,"2,546,115","4,278,100",14.65
2015,6,MN,"1,694,291","2,392,075",12.90
2015,6,MO,"2,938,373","2,732,528",12.89
2015,6,MS,"1,568,665","1,271,815",11.63
2015,6,MT,"337,117","491,142",11.50
2015,6,NC,"5,304,763","4,337,490",11.09
2015,6,ND,"296,379","370,830",11.43
2015,6,NE,"735,614","825,919",11.89
2015,6,NH,"333,005","608,841",18.69
2015,6,NJ,"2,678,034","3,483,477",16.43
2015,6,NM,"566,707","870,743",13.03
2015,6,NV,"1,461,913","1,127,488",13.12
2015,6,NY,"4,010,418","7,074,252",18.76
2015,6,OH,"4,196,411","4,901,902",13.18
2015,6,OK,"2,184,889","1,732,378",10.41
2015,6,OR,"1,362,050","1,684,928",10.95
2015,6,PA,"4,163,841","5,303,319",14.22
2015,6,RI,"238,710","441,310",18.31
2015,6,SC,"2,872,190","2,186,183",12.66
2015,6,SD,"322,539","388,194",11.69
2015,6,TN,"3,388,365","2,788,543",10.46
2015,6,TX,"12,990,159","10,347,811",11.78
2015,6,UT,"866,321","1,021,175",11.24
2015,6,VA,"4,004,779","3,329,373",11.82
2015,6,VT,"145,679","313,668",17.41
2015,6,WA,"2,343,528","2,940,289",9.43
2015,6,WI,"1,571,240","2,645,155",14.94
2015,6,WV,"862,298","859,876",10.47
2015,6,WY,"194,591","268,117",11.36
2015,5,AK,"147,397","281,760",19.99
2015,5,AL,"2,239,726","2,180,751",12.12
2015,5,AR,"1,063,747","1,354,719",10.24
2015,5,AZ,"2,313,432","2,675,921",12.64
2015,5,CA,"5,923,028","13,329,905",17.31
2015,5,CO,"1,290,890","2,221,846",12.10
2015,5,CT,"803,013","1,467,648",23.12
2015,5,DC,"126,699","246,891",13.22
2015,5,DE,"280,505","413,599",14.39
2015,5,FL,"9,899,616","8,953,347",11.47
2015,5,GA,"4,002,948","4,187,586",11.74
2015,5,HI,"195,499","428,088",30.11
2015,5,IA,"896,686","1,355,689",12.07
2015,5,ID,"511,689","698,887",11.53
2015,5,IL,"3,004,835","5,159,321",13.26
2015,5,IN,"2,158,418","2,793,521",11.93
2015,5,KS,"812,526","1,233,978",12.98
2015,5,KY,"1,754,961","1,943,514",10.38
2015,5,LA,"2,089,189","2,040,675",9.80
2015,5,MA,"1,323,793","2,793,886",20.70
2015,5,MD,"1,922,518","2,253,858",13.57
2015,5,ME,"315,595","680,527",15.99
2015,5,MI,"2,379,912","4,274,013",14.18
2015,5,MN,"1,470,617","2,383,585",12.47
2015,5,MO,"2,103,231","2,731,390",12.05
2015,5,MS,"1,189,713","1,269,298",11.78
2015,5,MT,"326,204","490,405",11.18
2015,5,NC,"3,786,870","4,331,618",11.40
2015,5,ND,"299,885","369,565",10.33
2015,5,NE,"584,392","823,376",10.81
2015,5,NH,"303,821","600,736",19.49
2015,5,NJ,"2,107,738","3,487,131",15.63
2015,5,NM,"430,093","869,617",12.31
2015,5,NV,"809,647","1,125,315",13.52
2015,5,NY,"3,444,009","7,072,403",18.06
2015,5,OH,"3,535,540","4,880,701",13.06
2015,5,OK,"1,403,303","1,711,960",11.17
2015,5,OR,"1,227,724","1,683,779",10.82
2015,5,PA,"3,556,383","5,303,241",13.88
2015,5,RI,"212,107","441,788",18.63
2015,5,SC,"2,025,951","2,181,643",12.85
2015,5,SD,"292,409","387,410",11.44
2015,5,TN,"2,515,377","2,779,231",10.61
2015,5,TX,"9,523,398","10,288,519",12.04
2015,5,UT,"561,289","1,020,834",10.97
2015,5,VA,"3,088,778","3,326,135",11.64
2015,5,VT,"142,525","311,683",17.50
2015,5,WA,"2,328,917","2,938,761",8.94
2015,5,WI,"1,485,576","2,642,296",14.56
2015,5,WV,"766,828","860,318",10.06
2015,5,WY,"181,586","267,860",11.30
2015,4,AK,"162,131","281,519",19.35
2015,4,AL,"1,866,597","2,179,433",12.22
2015,4,AR,"1,072,926","1,355,487",10.07
2015,4,AZ,"1,960,532","2,680,164",12.21
2015,4,CA,"6,018,950","13,329,337",12.45
2015,4,CO,"1,245,474","2,220,261",12.14
2015,4,CT,"990,739","1,468,448",22.34
2015,4,DC,"177,827","247,507",13.21
2015,4,DE,"272,054","413,247",13.69
2015,4,FL,"9,047,109","8,940,868",11.57
2015,4,GA,"3,355,948","4,183,177",11.31
2015,4,HI,"198,018","427,962",30.44
2015,4,IA,"897,327","1,355,343",11.65
2015,4,ID,"568,607","697,924",9.74
2015,4,IL,"2,763,492","5,164,712",13.31
2015,4,IN,"1,938,962","2,802,516",12.29
2015,4,KS,"709,076","1,228,909",13.08
2015,4,KY,"1,601,555","1,943,706",10.71
2015,4,LA,"1,863,990","2,040,696",9.35
2015,4,MA,"1,453,583","2,792,626",21.66
2015,4,MD,"1,746,071","2,256,112",13.67
2015,4,ME,"390,016","702,880",14.95
2015,4,MI,"2,265,670","4,280,753",14.00
2015,4,MN,"1,540,984","2,386,313",12.02
2015,4,MO,"1,940,627","2,731,172",11.00
2015,4,MS,"1,100,145","1,268,323",12.04
2015,4,MT,"365,809","490,188",10.85
2015,4,NC,"3,233,375","4,328,222",12.08
2015,4,ND,"359,471","369,330",9.99
2015,4,NE,"612,324","824,175",10.44
2015,4,NH,"358,940","602,171",19.70
2015,4,NJ,"1,727,833","3,480,284",15.86
2015,4,NM,"415,587","869,663",12.30
2015,4,NV,"665,696","1,122,447",13.48
2015,4,NY,"3,689,894","7,072,625",17.72
2015,4,OH,"3,271,538","4,896,133",12.73
2015,4,OK,"1,234,241","1,720,435",11.32
2015,4,OR,"1,403,139","1,682,871",10.66
2015,4,PA,"3,901,744","5,307,508",13.36
2015,4,RI,"210,033","440,985",21.06
2015,4,SC,"1,624,245","2,179,029",13.28
2015,4,SD,"329,703","386,920",11.09
2015,4,TN,"2,624,316","2,776,415",10.63
2015,4,TX,"8,528,281","10,302,930",12.10
2015,4,UT,"579,256","1,018,763",10.48
2015,4,VA,"2,596,673","3,324,858",11.42
2015,4,VT,"158,089","311,167",17.25
2015,4,WA,"2,789,577","2,940,063",8.86
2015,4,WI,"1,495,047","2,650,314",14.21
2015,4,WV,"675,050","862,518",10.13
2015,4,WY,"200,919","267,940",10.80
2015,3,AK,"184,075","280,862",19.38
2015,3,AL,"2,480,857","2,179,760",11.70
2015,3,AR,"1,791,695","1,357,856",9.00
2015,3,AZ,"1,976,382","2,693,361",11.46
2015,3,CA,"6,408,489","13,565,811",17.01
2015,3,CO,"1,396,691","2,219,165",11.93
2015,3,CT,"1,174,480","1,469,144",22.06
2015,3,DC,"214,690","246,084",12.38
2015,3,DE,"521,754","412,884",12.68
2015,3,FL,"9,257,251","8,927,881",11.46
2015,3,GA,"4,301,411","4,180,899",10.65
2015,3,HI,"200,399","427,920",30.84
2015,3,IA,"1,190,565","1,356,288",10.65
2015,3,ID,"650,456","697,588",9.53
2015,3,IL,"3,715,637","5,183,492",11.94
2015,3,IN,"3,008,424","2,805,601",11.14
2015,3,KS,"950,301","1,229,024",12.09
2015,3,KY,"2,417,422","1,944,925",9.86
2015,3,LA,"2,541,627","2,038,533",8.93
2015,3,MA,"1,797,744","2,792,236",22.10
2015,3,MD,"2,550,076","2,251,038",13.07
2015,3,ME,"426,148","702,745",14.81
2015,3,MI,"2,882,167","4,283,544",13.76
2015,3,MN,"1,874,290","2,386,022",11.36
2015,3,MO,"2,922,687","2,735,074",9.68
2015,3,MS,"1,568,009","1,267,663",11.24
2015,3,MT,"425,151","489,835",10.57
2015,3,NC,"5,231,360","4,327,436",11.22
2015,3,ND,"480,851","368,670",8.67
2015,3,NE,"813,364","823,909",9.59
2015,3,NH,"432,959","603,916",19.52
2015,3,NJ,"2,296,994","3,474,941",15.54
2015,3,NM,"496,538","869,780",12.05
2015,3,NV,"688,189","1,121,923",13.60
2015,3,NY,"4,427,013","7,081,153",18.92
2015,3,OH,"4,673,671","4,909,695",12.33
2015,3,OK,"1,771,057","1,720,870",9.63
2015,3,OR,"1,542,666","1,682,477",10.56
2015,3,PA,"5,409,090","5,302,873",12.96
2015,3,RI,"263,390","440,298",20.00
2015,3,SC,"2,504,713","2,178,326",12.38
2015,3,SD,"417,463","388,821",10.24
2015,3,TN,"4,122,826","2,774,587",9.83
2015,3,TX,"11,122,515","10,292,791",11.56
2015,3,UT,"688,158","1,018,074",10.41
2015,3,VA,"4,480,008","3,325,538",10.94
2015,3,VT,"203,719","311,151",16.68
2015,3,WA,"3,130,264","2,944,691",8.72
2015,3,WI,"1,753,742","2,638,796",13.69
2015,3,WV,"1,126,095","864,347",9.63
2015,3,WY,"261,588","267,892",10.57
2015,2,AK,"194,772","280,101",19.05
2015,2,AL,"3,096,887","2,170,831",11.16
2015,2,AR,"1,703,415","1,349,425",9.07
2015,2,AZ,"1,703,145","2,695,131",11.52
2015,2,CA,"6,100,726","12,872,721",17.13
2015,2,CO,"1,399,938","2,216,201",11.89
2015,2,CT,"1,334,410","1,469,854",21.91
2015,2,DC,"149,072","243,616",13.16
2015,2,DE,"503,242","403,953",13.46
2015,2,FL,"8,355,244","8,851,420",11.88
2015,2,GA,"5,221,374","4,173,765",10.80
2015,2,HI,"188,262","427,583",30.59
2015,2,IA,"1,258,511","1,353,678",10.46
2015,2,ID,"671,899","704,955",9.36
2015,2,IL,"4,071,211","5,151,440",11.88
2015,2,IN,"3,356,649","2,804,096",11.00
2015,2,KS,"1,116,323","1,227,231",11.75
2015,2,KY,"2,901,553","1,943,432",9.72
2015,2,LA,"2,642,307","2,034,419",8.93
2015,2,MA,"1,960,210","2,787,462",21.70
2015,2,MD,"3,075,891","2,241,778",13.06
2015,2,ME,"453,236","703,583",16.54
2015,2,MI,"2,861,357","4,278,665",13.71
2015,2,MN,"1,985,393","2,379,476",11.39
2015,2,MO,"3,499,869","2,732,778",9.57
2015,2,MS,"1,647,167","1,265,440",11.30
2015,2,MT,"455,319","488,690",10.26
2015,2,NC,"5,814,177","4,324,518",10.66
2015,2,ND,"570,756","367,583",8.61
2015,2,NE,"861,745","821,129",9.52
2015,2,NH,"438,547","603,688",19.43
2015,2,NJ,"2,265,835","3,471,776",15.46
2015,2,NM,"517,384","868,665",12.48
2015,2,NV,"628,798","1,119,172",13.46
2015,2,NY,"4,495,935","7,075,586",19.75
2015,2,OH,"5,410,869","4,887,135",12.20
2015,2,OK,"1,871,725","1,718,191",9.58
2015,2,OR,"1,547,835","1,679,523",10.45
2015,2,PA,"5,870,969","5,300,140",12.86
2015,2,RI,"278,861","440,043",20.16
2015,2,SC,"2,824,262","2,172,912",12.18
2015,2,SD,"462,707","386,150",10.37
2015,2,TN,"4,411,430","2,767,083",9.89
2015,2,TX,"10,984,753","10,222,635",11.62
2015,2,UT,"595,712","1,010,456",10.39
2015,2,VA,"5,063,665","3,325,693",11.04
2015,2,VT,"203,648","310,709",16.56
2015,2,WA,"3,155,026","2,947,126",8.68
2015,2,WI,"1,916,507","2,632,556",13.58
2015,2,WV,"1,485,036","864,573",9.15
2015,2,WY,"254,158","267,426",10.43
2015,1,AK,"218,937","280,100",19.09
2015,1,AL,"3,250,397","2,174,689",10.92
2015,1,AR,"1,894,259","1,351,978",8.71
2015,1,AZ,"2,342,847","2,692,672",10.99
2015,1,CA,"7,593,507","13,312,865",17.40
2015,1,CO,"1,676,012","2,213,116",11.52
2015,1,CT,"1,296,039","1,469,291",21.08
2015,1,DC,"374,865","236,258",12.02
2015,1,DE,"583,614","406,550",12.04
2015,1,FL,"9,063,792","8,824,334",11.72
2015,1,GA,"5,528,212","4,166,765",10.49
2015,1,HI,"215,861","427,336",33.06
2015,1,IA,"1,564,761","1,353,529",10.00
2015,1,ID,"914,537","696,196",9.61
2015,1,IL,"4,408,452","5,160,754",11.45
2015,1,IN,"3,645,439","2,803,413",10.98
2015,1,KS,"1,284,535","1,225,608",11.37
2015,1,KY,"2,902,257","1,943,677",9.64
2015,1,LA,"2,813,341","2,032,657",8.92
2015,1,MA,"2,002,718","2,773,313",20.81
2015,1,MD,"3,312,490","2,220,258",13.00
2015,1,ME,"479,988","703,382",16.41
2015,1,MI,"3,428,094","4,277,711",13.54
2015,1,MN,"2,292,700","2,378,904",11.31
2015,1,MO,"3,636,683","2,728,100",9.43
2015,1,MS,"1,771,231","1,263,860",10.91
2015,1,MT,"575,083","488,371",10.67
2015,1,NC,"6,210,016","4,316,761",10.52
2015,1,ND,"614,782","366,624",8.24
2015,1,NE,"1,061,029","820,877",9.01
2015,1,NH,"459,496","615,575",19.10
2015,1,NJ,"2,731,740","3,468,320",15.46
2015,1,NM,"647,196","868,301",12.14
2015,1,NV,"987,791","1,115,943",12.69
2015,1,NY,"4,659,802","7,069,313",19.28
2015,1,OH,"5,607,429","4,894,184",12.22
2015,1,OK,"2,238,207","1,717,104",8.66
2015,1,OR,"1,990,249","1,678,134",10.27
2015,1,PA,"5,914,088","5,297,250",12.76
2015,1,RI,"299,711","438,621",17.73
2015,1,SC,"3,100,620","2,170,268",11.92
2015,1,SD,"526,042","385,746",10.13
2015,1,TN,"4,321,541","2,765,425",10.00
2015,1,TX,"13,243,860","10,236,358",11.49
2015,1,UT,"788,638","1,009,612",10.26
2015,1,VA,"5,228,161","3,322,142",10.81
2015,1,VT,"228,205","310,826",16.50
2015,1,WA,"3,863,496","2,925,362",8.64
2015,1,WI,"2,179,973","2,647,382",13.46
2015,1,WV,"1,479,426","864,340",9.06
2015,1,WY,"312,708","266,945",10.27
2014,12,AK,"211,211","284,726",18.46
2014,12,AL,"2,678,248","2,182,490",11.04
2014,12,AR,"1,561,188","1,375,047",9.09
2014,12,AZ,"2,242,216","2,686,844",10.85
2014,12,CA,"7,274,531","13,555,812",17.03
2014,12,CO,"1,622,096","2,206,797",11.47
2014,12,CT,"1,159,455","1,468,374",20.04
2014,12,DC,"179,026","244,549",12.04
2014,12,DE,"402,454","409,679",13.03
2014,12,FL,"8,430,015","9,020,007",11.82
2014,12,GA,"4,600,478","4,171,048",10.47
2014,12,HI,"211,412","426,870",34.35
2014,12,IA,"1,425,359","1,354,614",9.96
2014,12,ID,"856,000","695,703",9.38
2014,12,IL,"4,046,707","5,161,357",11.78
2014,12,IN,"3,150,875","2,799,609",11.26
2014,12,KS,"1,138,422","1,235,089",11.38
2014,12,KY,"2,510,242","1,941,952",9.91
2014,12,LA,"2,285,838","2,035,827",9.25
2014,12,MA,"1,711,488","2,731,115",19.89
2014,12,MD,"2,448,157","2,242,946",13.48
2014,12,ME,"444,653","707,228",15.68
2014,12,MI,"3,108,774","4,282,210",13.93
2014,12,MN,"2,184,054","2,357,174",11.43
2014,12,MO,"3,328,569","2,730,377",9.43
2014,12,MS,"1,450,805","1,269,691",11.25
2014,12,MT,"535,005","488,082",9.67
2014,12,NC,"5,598,491","4,339,529",10.46
2014,12,ND,"589,409","366,872",8.22
2014,12,NE,"997,883","820,819",9.29
2014,12,NH,"391,207","604,152",18.51
2014,12,NJ,"2,237,033","3,479,136",15.54
2014,12,NM,"574,167","873,287",11.54
2014,12,NV,"799,609","1,142,908",12.95
2014,12,NY,"4,183,066","7,062,352",19.26
2014,12,OH,"5,012,088","4,889,900",12.43
2014,12,OK,"1,971,627","1,721,487",8.98
2014,12,OR,"2,005,934","1,677,718",10.30
2014,12,PA,"5,044,029","5,299,493",13.01
2014,12,RI,"262,216","438,758",17.03
2014,12,SC,"2,724,034","2,172,790",11.98
2014,12,SD,"490,507","387,244",9.99
2014,12,TN,"3,636,155","2,761,922",10.06
2014,12,TX,"10,200,425","10,215,771",11.81
2014,12,UT,"771,231","1,003,450",10.27
2014,12,VA,"4,569,999","3,324,082",10.89
2014,12,VT,"202,855","310,405",16.67
2014,12,WA,"3,718,409","2,922,719",8.19
2014,12,WI,"2,086,927","2,644,802",13.20
2014,12,WV,"1,240,598","863,885",9.09
2014,12,WY,"295,446","267,052",10.47
2014,11,AK,"182,876","284,939",19.70
2014,11,AL,"2,378,402","2,178,820",11.09
2014,11,AR,"1,171,240","1,373,828",9.72
2014,11,AZ,"1,842,349","2,676,093",11.08
2014,11,CA,"5,873,321","12,815,152",17.00
2014,11,CO,"1,398,870","2,203,947",11.64
2014,11,CT,"925,171","1,466,038",20.02
2014,11,DC,"132,120","242,978",12.72
2014,11,DE,"318,623","409,100",13.97
2014,11,FL,"7,771,965","9,042,414",12.11
2014,11,GA,"4,113,509","4,165,846",10.72
2014,11,HI,"212,604","426,375",34.84
2014,11,IA,"1,034,917","1,352,875",10.34
2014,11,ID,"737,761","694,802",9.79
2014,11,IL,"3,622,759","5,154,036",12.62
2014,11,IN,"2,583,822","2,791,007",11.63
2014,11,KS,"925,156","1,234,600",12.25
2014,11,KY,"2,025,323","1,940,149",10.17
2014,11,LA,"2,045,553","2,033,505",8.91
2014,11,MA,"1,463,318","2,729,944",17.61
2014,11,MD,"2,081,948","2,239,200",13.19
2014,11,ME,"373,403","707,071",15.75
2014,11,MI,"2,590,865","4,272,761",14.38
2014,11,MN,"1,764,938","2,354,145",11.72
2014,11,MO,"2,643,493","2,725,962",10.09
2014,11,MS,"1,216,673","1,268,113",11.66
2014,11,MT,"398,174","487,276",10.25
2014,11,NC,"3,989,799","4,333,905",10.63
2014,11,ND,"495,143","365,774",8.65
2014,11,NE,"716,264","819,597",10.09
2014,11,NH,"327,913","606,742",18.18
2014,11,NJ,"1,986,645","3,477,365",15.59
2014,11,NM,"459,386","871,132",11.55
2014,11,NV,"557,594","1,111,164",13.61
2014,11,NY,"3,597,508","7,050,435",19.45
2014,11,OH,"4,094,602","4,883,654",12.89
2014,11,OK,"1,557,599","1,719,587",9.70
2014,11,OR,"1,601,107","1,676,379",10.56
2014,11,PA,"3,924,331","5,291,652",13.20
2014,11,RI,"226,872","438,134",16.68
2014,11,SC,"2,056,522","2,169,386",12.53
2014,11,SD,"379,503","386,426",10.42
2014,11,TN,"2,839,011","2,757,297",10.18
2014,11,TX,"8,813,129","10,099,159",11.98
2014,11,UT,"680,969","1,008,058",10.63
2014,11,VA,"3,505,854","3,319,443",11.46
2014,11,VT,"169,623","310,449",17.09
2014,11,WA,"2,639,822","2,916,089",8.61
2014,11,WI,"1,784,631","2,628,611",13.59
2014,11,WV,"1,022,858","862,813",9.33
2014,11,WY,"229,937","266,462",10.63
2014,10,AK,"166,513","285,230",20.03
2014,10,AL,"2,134,635","2,178,848",11.74
2014,10,AR,"1,273,313","1,374,084",9.87
2014,10,AZ,"2,431,192","2,666,602",11.90
2014,10,CA,"8,186,521","13,756,880",13.35
2014,10,CO,"1,352,025","2,201,811",11.81
2014,10,CT,"800,734","1,464,022",20.38
2014,10,DC,"132,031","240,399",13.17
2014,10,DE,"271,095","409,036",14.63
2014,10,FL,"9,640,725","8,893,934",11.91
2014,10,GA,"3,797,493","4,161,217",11.42
2014,10,HI,"236,190","426,271",36.17
2014,10,IA,"917,882","1,352,509",11.21
2014,10,ID,"527,903","693,565",10.20
2014,10,IL,"2,951,359","5,142,432",13.52
2014,10,IN,"2,087,593","2,783,988",12.21
2014,10,KS,"823,442","1,229,184",12.78
2014,10,KY,"1,634,745","1,939,601",10.51
2014,10,LA,"2,439,779","2,035,027",9.70
2014,10,MA,"1,359,970","2,726,933",16.90
2014,10,MD,"1,663,476","2,236,252",13.97
2014,10,ME,"334,536","707,615",15.82
2014,10,MI,"2,304,416","4,282,421",14.70
2014,10,MN,"1,533,662","2,356,688",12.35
2014,10,MO,"2,086,715","2,722,627",10.64
2014,10,MS,"1,419,629","1,269,363",11.49
2014,10,MT,"326,317","487,239",10.72
2014,10,NC,"3,520,628","4,328,505",11.89
2014,10,ND,"349,797","364,456",9.77
2014,10,NE,"638,102","821,058",10.73
2014,10,NH,"311,029","613,359",18.07
2014,10,NJ,"1,792,893","3,475,362",15.58
2014,10,NM,"473,443","872,237",12.67
2014,10,NV,"814,060","1,109,541",13.21
2014,10,NY,"3,514,736","7,048,988",19.43
2014,10,OH,"3,313,905","4,880,149",13.12
2014,10,OK,"1,534,003","1,718,419",10.83
2014,10,OR,"1,223,131","1,675,879",10.78
2014,10,PA,"3,427,433","5,290,403",13.42
2014,10,RI,"212,131","439,276",17.19
2014,10,SC,"1,898,129","2,169,938",12.83
2014,10,SD,"308,203","386,708",11.22
2014,10,TN,"2,675,878","2,759,298",10.36
2014,10,TX,"10,981,723","10,216,731",12.07
2014,10,UT,"676,754","1,005,385",10.16
2014,10,VA,"2,717,115","3,315,546",11.57
2014,10,VT,"149,428","311,388",17.39
2014,10,WA,"2,276,977","2,928,697",8.80
2014,10,WI,"1,517,017","2,638,025",13.91
2014,10,WV,"692,623","862,108",9.71
2014,10,WY,"184,656","266,473",11.14
2014,9,AK,"146,256","284,763",19.80
2014,9,AL,"2,966,907","2,177,341",11.84
2014,9,AR,"1,791,746","1,374,037",10.21
2014,9,AZ,"3,434,426","2,656,804",12.30
2014,9,CA,"9,202,311","13,142,919",17.97
2014,9,CO,"1,516,657","2,198,067",12.78
2014,9,CT,"1,047,221","1,463,840",19.82
2014,9,DC,"162,959","238,563",12.57
2014,9,DE,"359,402","408,445",13.68
2014,9,FL,"11,584,746","8,908,807",12.22
2014,9,GA,"5,129,623","4,156,590",12.21
2014,9,HI,"220,655","425,944",37.76
2014,9,IA,"991,200","1,349,799",12.07
2014,9,ID,"517,145","692,337",9.98
2014,9,IL,"3,306,057","5,145,254",12.05
2014,9,IN,"2,477,937","2,783,853",11.85
2014,9,KS,"1,186,965","1,231,861",12.40
2014,9,KY,"2,061,812","1,937,608",10.19
2014,9,LA,"3,146,307","2,034,801",9.82
2014,9,MA,"1,695,531","2,696,144",16.75
2014,9,MD,"2,017,023","2,234,770",13.56
2014,9,ME,"342,165","707,727",15.77
2014,9,MI,"2,490,100","4,276,654",14.80
2014,9,MN,"1,594,855","2,351,585",12.66
2014,9,MO,"2,671,297","2,724,285",11.00
2014,9,MS,"1,894,275","1,269,252",11.36
2014,9,MT,"328,633","486,236",10.91
2014,9,NC,"4,819,636","4,323,167",11.57
2014,9,ND,"303,716","362,740",10.84
2014,9,NE,"727,702","818,806",12.06
2014,9,NH,"368,193","610,007",17.36
2014,9,NJ,"2,320,511","3,474,835",15.84
2014,9,NM,"581,060","871,292",12.69
2014,9,NV,"1,262,391","1,110,695",12.87
2014,9,NY,"4,331,593","7,044,878",19.41
2014,9,OH,"3,807,889","4,876,209",12.39
2014,9,OK,"2,029,948","1,716,841",11.21
2014,9,OR,"1,274,091","1,673,090",10.72
2014,9,PA,"3,970,886","5,287,519",13.49
2014,9,RI,"266,762","439,395",17.21
2014,9,SC,"2,661,585","2,166,835",12.68
2014,9,SD,"317,732","385,963",11.48
2014,9,TN,"3,798,281","2,761,777",10.06
2014,9,TX,"14,647,866","10,200,643",12.03
2014,9,UT,"778,707","1,003,257",11.02
2014,9,VA,"3,356,201","3,312,455",11.97
2014,9,VT,"156,079","311,285",17.76
2014,9,WA,"2,220,947","2,914,136",8.92
2014,9,WI,"1,540,835","2,636,846",14.40
2014,9,WV,"732,664","861,375",9.52
2014,9,WY,"181,865","266,026",11.08
2014,8,AK,"142,046","284,135",20.57
2014,8,AL,"3,323,202","2,177,666",11.75
2014,8,AR,"1,775,250","1,372,882",10.04
2014,8,AZ,"3,913,453","2,652,814",12.36
2014,8,CA,"9,319,784","13,230,388",18.07
2014,8,CO,"1,736,756","2,196,468",12.89
2014,8,CT,"1,121,649","1,463,440",19.88
2014,8,DC,"191,602","237,673",12.61
2014,8,DE,"421,130","408,191",14.04
2014,8,FL,"12,711,177","9,004,083",11.89
2014,8,GA,"5,819,514","4,155,435",12.60
2014,8,HI,"232,584","425,411",37.45
2014,8,IA,"1,305,403","1,348,880",13.25
2014,8,ID,"647,693","691,215",10.51
2014,8,IL,"4,691,415","5,135,375",12.41
2014,8,IN,"2,918,718","2,775,791",11.77
2014,8,KS,"1,543,107","1,232,873",12.78
2014,8,KY,"2,436,678","1,936,845",10.21
2014,8,LA,"3,286,993","2,034,411",9.85
2014,8,MA,"1,773,994","2,731,254",17.75
2014,8,MD,"2,358,236","2,232,571",13.72
2014,8,ME,"386,133","707,860",15.30
2014,8,MI,"3,061,300","4,268,854",14.87
2014,8,MN,"2,010,964","2,351,139",12.74
2014,8,MO,"3,486,801","2,723,132",12.20
2014,8,MS,"1,873,990","1,269,048",11.56
2014,8,MT,"380,233","485,257",10.82
2014,8,NC,"5,237,361","4,320,426",11.42
2014,8,ND,"333,631","361,159",10.83
2014,8,NE,"894,128","822,083",12.03
2014,8,NH,"399,514","606,685",17.17
2014,8,NJ,"2,884,402","3,473,179",16.00
2014,8,NM,"670,381","871,094",13.54
2014,8,NV,"1,511,611","1,114,060",12.63
2014,8,NY,"4,681,983","7,046,452",19.51
2014,8,OH,"4,585,374","4,873,057",13.61
2014,8,OK,"2,624,606","1,715,058",10.20
2014,8,OR,"1,453,921","1,671,710",10.75
2014,8,PA,"4,403,354","5,286,525",13.92
2014,8,RI,"273,010","438,156",18.36
2014,8,SC,"2,962,407","2,166,512",12.68
2014,8,SD,"373,259","385,724",11.38
2014,8,TN,"3,791,277","2,761,534",10.47
2014,8,TX,"15,573,035","10,183,263",12.05
2014,8,UT,"847,771","1,001,766",11.45
2014,8,VA,"3,864,144","3,311,061",11.90
2014,8,VT,"170,061","311,423",17.84
2014,8,WA,"2,403,616","2,907,444",8.90
2014,8,WI,"1,982,892","2,634,259",14.07
2014,8,WV,"849,136","860,979",9.53
2014,8,WY,"189,118","267,440",11.09
2014,7,AK,"144,440","283,878",20.73
2014,7,AL,"3,221,728","2,174,192",11.84
2014,7,AR,"1,745,698","1,372,392",10.20
2014,7,AZ,"4,377,210","2,650,834",12.46
2014,7,CA,"9,182,803","13,508,638",17.63
2014,7,CO,"1,825,882","2,193,361",13.14
2014,7,CT,"1,225,059","1,463,953",19.62
2014,7,DC,"225,748","238,035",12.12
2014,7,DE,"477,292","407,748",13.55
2014,7,FL,"12,034,933","8,914,314",11.87
2014,7,GA,"5,787,003","4,148,237",12.63
2014,7,HI,"224,065","425,367",38.01
2014,7,IA,"1,248,454","1,349,805",12.53
2014,7,ID,"741,818","690,629",10.60
2014,7,IL,"4,228,229","5,138,246",12.09
2014,7,IN,"2,904,618","2,780,874",11.91
2014,7,KS,"1,495,280","1,237,987",12.78
2014,7,KY,"2,409,290","1,940,513",10.49
2014,7,LA,"3,205,652","2,032,224",10.18
2014,7,MA,"1,975,385","2,711,048",16.27
2014,7,MD,"2,552,442","2,233,253",13.78
2014,7,ME,"410,061","707,591",15.26
2014,7,MI,"2,927,714","4,270,115",15.09
2014,7,MN,"1,914,043","2,350,797",12.95
2014,7,MO,"3,284,880","2,726,402",12.38
2014,7,MS,"1,859,991","1,268,292",11.57
2014,7,MT,"353,423","485,199",10.74
2014,7,NC,"5,765,245","4,311,537",11.28
2014,7,ND,"326,287","360,435",10.85
2014,7,NE,"901,547","818,713",12.22
2014,7,NH,"397,386","603,772",17.23
2014,7,NJ,"3,391,571","3,472,324",16.51
2014,7,NM,"704,253","870,251",13.59
2014,7,NV,"1,782,745","1,110,037",12.65
2014,7,NY,"4,902,128","7,039,796",20.48
2014,7,OH,"4,631,929","4,878,222",13.56
2014,7,OK,"2,398,609","1,713,196",10.58
2014,7,OR,"1,477,296","1,671,151",10.83
2014,7,PA,"4,673,738","5,286,402",13.96
2014,7,RI,"329,548","439,351",15.84
2014,7,SC,"3,155,174","2,164,552",12.74
2014,7,SD,"359,713","385,287",11.55
2014,7,TN,"3,881,724","2,768,202",10.76
2014,7,TX,"15,087,208","10,163,359",12.05
2014,7,UT,"1,054,888","999,469",11.52
2014,7,VA,"4,352,537","3,306,757",11.89
2014,7,VT,"180,366","311,176",17.90
2014,7,WA,"2,395,320","2,916,503",8.93
2014,7,WI,"1,794,346","2,634,938",14.32
2014,7,WV,"910,775","860,956",9.39
2014,7,WY,"190,496","265,471",11.23
2014,6,AK,"141,518","283,298",20.47
2014,6,AL,"2,865,261","2,168,404",11.82
2014,6,AR,"1,411,381","1,367,322",10.18
2014,6,AZ,"3,705,489","2,647,323",12.36
2014,6,CA,"7,592,383","13,281,459",16.90
2014,6,CO,"1,478,386","2,191,072",13.06
2014,6,CT,"901,110","1,463,968",20.27
2014,6,DC,"166,545","237,255",13.25
2014,6,DE,"342,044","406,978",14.02
2014,6,FL,"10,575,045","8,880,897",12.00
2014,6,GA,"5,084,043","4,132,787",12.62
2014,6,HI,"206,092","424,883",38.27
2014,6,IA,"1,110,795","1,346,753",12.12
2014,6,ID,"551,339","688,960",10.41
2014,6,IL,"4,095,842","5,143,366",12.15
2014,6,IN,"2,771,413","2,779,068",11.71
2014,6,KS,"1,260,707","1,228,698",12.60
2014,6,KY,"2,223,337","1,938,596",10.56
2014,6,LA,"2,702,945","2,025,723",10.11
2014,6,MA,"1,490,378","2,709,814",16.56
2014,6,MD,"2,189,603","2,234,027",13.75
2014,6,ME,"315,230","707,137",15.39
2014,6,MI,"2,838,947","4,262,150",14.96
2014,6,MN,"1,753,319","2,346,487",12.73
2014,6,MO,"3,015,981","2,721,687",12.48
2014,6,MS,"1,547,047","1,263,282",11.65
2014,6,MT,"314,899","484,341",10.60
2014,6,NC,"4,932,502","4,295,929",11.38
2014,6,ND,"300,753","358,866",11.16
2014,6,NE,"769,005","816,960",11.46
2014,6,NH,"311,667","608,004",18.00
2014,6,NJ,"2,555,664","3,470,671",15.87
2014,6,NM,"597,592","870,379",13.05
2014,6,NV,"1,404,002","1,109,947",12.82
2014,6,NY,"3,914,493","7,045,719",20.88
2014,6,OH,"4,250,836","4,878,519",13.64
2014,6,OK,"2,101,297","1,708,301",10.49
2014,6,OR,"1,180,997","1,668,389",10.75
2014,6,PA,"3,912,073","5,287,787",13.90
2014,6,RI,"235,647","439,693",16.47
2014,6,SC,"2,734,346","2,155,518",12.64
2014,6,SD,"321,169","384,052",11.50
2014,6,TN,"3,362,567","2,761,645",10.85
2014,6,TX,"12,861,137","10,077,384",12.17
2014,6,UT,"814,045","999,031",11.12
2014,6,VA,"3,708,169","3,296,619",11.65
2014,6,VT,"155,935","311,702",18.06
2014,6,WA,"2,263,773","2,894,791",8.75
2014,6,WI,"1,706,907","2,630,407",14.38
2014,6,WV,"835,700","861,484",9.57
2014,6,WY,"167,687","265,069",11.17
2014,5,AK,"143,660","282,735",20.17
2014,5,AL,"2,213,048","2,160,721",11.79
2014,5,AR,"1,061,928","1,305,607",10.06
2014,5,AZ,"2,573,548","2,647,753",12.52
2014,5,CA,"6,398,637","13,260,209",16.46
2014,5,CO,"1,314,162","2,189,033",12.14
2014,5,CT,"860,953","1,444,132",20.28
2014,5,DC,"125,553","238,230",14.26
2014,5,DE,"270,922","406,549",13.91
2014,5,FL,"9,322,166","8,855,727",11.76
2014,5,GA,"3,923,157","4,112,183",11.90
2014,5,HI,"210,168","424,719",37.76
2014,5,IA,"961,483","1,347,680",11.32
2014,5,ID,"542,004","688,553",9.61
2014,5,IL,"3,152,528","5,135,260",12.48
2014,5,IN,"2,166,752","2,778,545",11.98
2014,5,KS,"920,742","1,227,388",12.75
2014,5,KY,"1,771,907","1,938,776",10.67
2014,5,LA,"2,011,305","2,019,633",10.33
2014,5,MA,"1,361,395","2,762,279",17.57
2014,5,MD,"1,766,786","2,235,006",14.22
2014,5,ME,"331,401","704,168",15.36
2014,5,MI,"2,336,305","4,274,681",14.85
2014,5,MN,"1,586,986","2,335,904",12.12
2014,5,MO,"2,300,413","2,722,810",11.95
2014,5,MS,"1,160,700","1,257,543",11.92
2014,5,MT,"339,937","484,223",10.20
2014,5,NC,"3,838,529","4,282,112",11.36
2014,5,ND,"346,374","358,013",9.87
2014,5,NE,"649,660","815,468",10.50
2014,5,NH,"314,852","607,756",17.99
2014,5,NJ,"1,723,816","3,468,047",15.45
2014,5,NM,"463,988","869,704",11.97
2014,5,NV,"884,553","1,108,535",13.20
2014,5,NY,"3,458,451","7,041,265",20.59
2014,5,OH,"3,438,602","4,874,458",13.01
2014,5,OK,"1,565,965","1,703,519",10.51
2014,5,OR,"1,286,535","1,669,096",10.57
2014,5,PA,"3,558,572","5,289,732",13.20
2014,5,RI,"210,602","439,874",18.07
2014,5,SC,"2,087,627","2,147,052",12.78
2014,5,SD,"318,235","384,331",10.95
2014,5,TN,"2,574,633","2,756,099",10.90
2014,5,TX,"9,345,756","10,102,754",11.93
2014,5,UT,"631,492","998,259",10.70
2014,5,VA,"2,854,059","3,291,502",11.32
2014,5,VT,"147,776","310,764",18.16
2014,5,WA,"2,465,723","2,912,494",8.89
2014,5,WI,"1,517,583","2,630,810",14.03
2014,5,WV,"713,615","861,335",9.72
2014,5,WY,"201,224","265,105",10.57
2014,4,AK,"158,557","273,275",18.29
2014,4,AL,"1,940,812","2,160,064",11.75
2014,4,AR,"1,142,417","1,307,520",9.73
2014,4,AZ,"1,931,272","2,655,434",11.88
2014,4,CA,"6,146,233","13,259,233",10.12
2014,4,CO,"1,275,247","2,188,010",12.11
2014,4,CT,"947,415","1,448,824",19.96
2014,4,DC,"150,864","238,767",13.10
2014,4,DE,"333,824","406,432",13.26
2014,4,FL,"8,017,807","8,848,662",11.67
2014,4,GA,"3,422,631","4,113,998",11.57
2014,4,HI,"196,338","424,504",37.80
2014,4,IA,"1,028,200","1,345,752",11.48
2014,4,ID,"584,296","687,685",9.51
2014,4,IL,"2,939,162","5,143,446",12.31
2014,4,IN,"2,087,308","2,780,396",12.14
2014,4,KS,"757,420","1,224,315",12.67
2014,4,KY,"1,672,650","1,938,194",10.87
2014,4,LA,"1,835,897","2,018,474",10.21
2014,4,MA,"1,446,393","2,714,496",18.15
2014,4,MD,"1,814,118","2,234,298",14.10
2014,4,ME,"356,764","706,522",15.33
2014,4,MI,"2,355,971","4,270,023",14.59
2014,4,MN,"1,680,372","2,341,859",11.82
2014,4,MO,"2,120,396","2,723,839",10.63
2014,4,MS,"1,149,550","1,258,276",11.82
2014,4,MT,"393,846","483,857",9.89
2014,4,NC,"3,559,254","4,278,875",11.81
2014,4,ND,"447,435","357,251",9.06
2014,4,NE,"690,592","814,824",10.09
2014,4,NH,"354,860","605,764",17.54
2014,4,NJ,"1,804,649","3,467,520",15.69
2014,4,NM,"431,072","868,425",11.82
2014,4,NV,"647,700","1,103,018",13.56
2014,4,NY,"3,669,010","7,040,296",19.54
2014,4,OH,"3,399,039","4,885,937",12.53
2014,4,OK,"1,311,600","1,703,683",11.13
2014,4,OR,"1,412,243","1,666,695",10.37
2014,4,PA,"4,106,660","5,291,796",13.06
2014,4,RI,"217,259","439,223",18.26
2014,4,SC,"1,806,328","2,145,180",12.72
2014,4,SD,"385,302","383,013",10.20
2014,4,TN,"2,785,302","2,751,015",10.84
2014,4,TX,"8,199,586","10,094,064",12.06
2014,4,UT,"592,488","997,455",10.12
2014,4,VA,"2,911,959","3,291,858",11.00
2014,4,VT,"158,568","309,784",18.05
2014,4,WA,"2,895,590","2,899,761",8.69
2014,4,WI,"1,622,026","2,626,936",13.52
2014,4,WV,"772,156","863,584",9.57
2014,4,WY,"223,280","264,983",10.20
2014,3,AK,"194,895","276,946",17.91
2014,3,AL,"2,437,190","2,161,157",11.58
2014,3,AR,"1,573,645","1,307,129",9.03
2014,3,AZ,"1,791,151","2,666,984",11.22
2014,3,CA,"6,151,659","13,253,009",15.86
2014,3,CO,"1,423,232","2,187,003",11.71
2014,3,CT,"1,152,439","1,452,539",19.58
2014,3,DC,"189,536","238,756",12.59
2014,3,DE,"447,156","406,118",12.12
2014,3,FL,"8,096,949","8,854,103",11.75
2014,3,GA,"4,239,826","4,112,735",11.30
2014,3,HI,"207,412","424,189",38.25
2014,3,IA,"1,278,802","1,346,081",10.77
2014,3,ID,"696,796","687,119",9.13
2014,3,IL,"3,869,227","5,161,635",11.27
2014,3,IN,"2,983,211","2,785,739",11.19
2014,3,KS,"1,051,219","1,220,439",11.79
2014,3,KY,"2,423,896","1,939,920",10.12
2014,3,LA,"2,299,442","2,018,088",9.26
2014,3,MA,"1,801,763","2,701,275",17.27
2014,3,MD,"2,557,217","2,233,660",13.60
2014,3,ME,"436,284","706,648",15.17
2014,3,MI,"3,049,931","4,268,093",14.05
2014,3,MN,"2,067,311","2,330,474",11.71
2014,3,MO,"3,024,308","2,727,262",9.85
2014,3,MS,"1,457,469","1,258,211",11.22
2014,3,MT,"506,153","489,592",9.82
2014,3,NC,"4,996,927","4,278,049",10.92
2014,3,ND,"553,874","356,512",8.53
2014,3,NE,"925,268","814,149",9.43
2014,3,NH,"401,551","605,827",17.32
2014,3,NJ,"2,283,715","3,464,514",15.88
2014,3,NM,"471,041","867,603",11.52
2014,3,NV,"660,429","1,101,203",13.38
2014,3,NY,"4,301,046","7,043,554",20.90
2014,3,OH,"4,835,282","4,889,988",11.66
2014,3,OK,"1,809,814","1,703,204",9.73
2014,3,OR,"1,631,249","1,661,963",10.17
2014,3,PA,"5,315,787","5,291,148",12.97
2014,3,RI,"281,892","439,748",16.86
2014,3,SC,"2,389,981","2,144,174",12.39
2014,3,SD,"476,808","383,205",9.75
2014,3,TN,"3,577,786","2,752,830",10.57
2014,3,TX,"9,811,568","10,134,020",11.75
2014,3,UT,"656,230","997,036",10.08
2014,3,VA,"4,240,114","3,292,337",10.52
2014,3,VT,"199,483","311,108",17.34
2014,3,WA,"3,597,735","2,901,651",8.64
2014,3,WI,"1,935,055","2,619,527",13.09
2014,3,WV,"1,205,216","865,167",9.25
2014,3,WY,"266,836","264,872",10.03
2014,2,AK,"181,994","276,421",17.88
2014,2,AL,"2,984,370","2,159,674",11.21
2014,2,AR,"1,931,429","1,305,222",8.45
2014,2,AZ,"1,803,929","2,667,056",11.13
2014,2,CA,"6,259,924","12,773,098",16.11
2014,2,CO,"1,451,312","2,184,005",11.69
2014,2,CT,"1,271,239","1,455,443",19.45
2014,2,DC,"197,540","238,527",12.70
2014,2,DE,"482,995","406,106",12.31
2014,2,FL,"9,050,566","8,816,746",11.81
2014,2,GA,"5,026,577","4,109,864",10.97
2014,2,HI,"203,036","423,759",36.84
2014,2,IA,"1,436,160","1,343,808",10.06
2014,2,ID,"783,398","686,448",9.06
2014,2,IL,"4,314,964","5,142,943",10.94
2014,2,IN,"3,524,488","2,788,119",10.73
2014,2,KS,"1,189,548","1,223,139",11.17
2014,2,KY,"2,915,543","1,941,136",9.63
2014,2,LA,"3,013,099","2,013,748",8.85
2014,2,MA,"1,887,652","2,710,961",17.47
2014,2,MD,"2,760,792","2,232,512",13.51
2014,2,ME,"419,277","707,007",14.54
2014,2,MI,"2,905,258","4,271,821",13.94
2014,2,MN,"2,202,048","2,335,895",11.37
2014,2,MO,"3,693,504","2,724,376",9.08
2014,2,MS,"1,942,328","1,256,066",10.57
2014,2,MT,"510,223","479,766",9.74
2014,2,NC,"5,614,999","4,276,685",11.01
2014,2,ND,"629,084","355,767",8.28
2014,2,NE,"973,652","813,289",9.12
2014,2,NH,"452,659","605,334",17.17
2014,2,NJ,"2,242,457","3,462,735",15.63
2014,2,NM,"546,278","866,511",11.34
2014,2,NV,"673,004","1,102,699",13.05
2014,2,NY,"4,550,076","7,048,993",21.69
2014,2,OH,"5,374,868","4,888,810",11.18
2014,2,OK,"2,064,307","1,701,227",9.37
2014,2,OR,"1,911,439","1,658,520",10.23
2014,2,PA,"5,663,185","5,284,661",13.37
2014,2,RI,"246,427","437,146",18.57
2014,2,SC,"2,855,657","2,141,208",12.04
2014,2,SD,"524,065","382,561",9.62
2014,2,TN,"4,820,625","2,747,336",9.77
2014,2,TX,"11,797,374","10,082,939",11.25
2014,2,UT,"654,217","995,987",9.98
2014,2,VA,"4,752,567","3,292,328",10.08
2014,2,VT,"200,740","310,795",17.11
2014,2,WA,"3,934,075","2,880,698",8.61
2014,2,WI,"2,043,858","2,621,074",13.24
2014,2,WV,"1,308,663","865,478",9.14
2014,2,WY,"297,892","264,488",9.83
2014,1,AK,"229,648","276,855",17.49
2014,1,AL,"3,785,797","2,158,042",10.69
2014,1,AR,"2,001,883","1,305,019",8.27
2014,1,AZ,"2,299,846","2,665,763",10.83
2014,1,CA,"7,772,573","13,236,001",16.57
2014,1,CO,"1,698,307","2,182,658",11.46
2014,1,CT,"1,365,134","1,456,309",18.49
2014,1,DC,"218,682","238,526",12.59
2014,1,DE,"517,904","405,708",12.40
2014,1,FL,"9,299,169","8,652,518",11.74
2014,1,GA,"6,223,533","4,104,719",10.90
2014,1,HI,"223,215","423,726",37.10
2014,1,IA,"1,687,926","1,344,989",9.80
2014,1,ID,"948,760","686,292",9.14
2014,1,IL,"4,791,210","5,136,895",10.34
2014,1,IN,"4,047,230","2,788,933",10.34
2014,1,KS,"1,392,946","1,220,620",10.98
2014,1,KY,"3,314,347","1,940,545",9.50
2014,1,LA,"3,127,874","2,013,185",8.57
2014,1,MA,"2,103,894","2,716,262",16.77
2014,1,MD,"3,277,835","2,231,054",13.16
2014,1,ME,"510,699","706,852",14.39
2014,1,MI,"3,545,410","4,277,736",13.77
2014,1,MN,"2,498,913","2,338,014",11.17
2014,1,MO,"4,136,287","2,721,725",8.92
2014,1,MS,"1,949,642","1,255,835",10.39
2014,1,MT,"582,400","479,392",9.80
2014,1,NC,"6,776,625","4,272,972",10.26
2014,1,ND,"682,012","354,182",7.70
2014,1,NE,"1,144,437","813,230",8.89
2014,1,NH,"479,655","605,176",16.52
2014,1,NJ,"2,669,227","3,464,817",15.22
2014,1,NM,"639,310","866,575",11.24
2014,1,NV,"918,822","1,102,583",12.46
2014,1,NY,"4,870,826","7,049,234",19.57
2014,1,OH,"6,059,922","4,887,022",11.08
2014,1,OK,"2,381,770","1,699,638",8.38
2014,1,OR,"2,159,671","1,658,873",10.07
2014,1,PA,"6,195,288","5,283,371",12.69
2014,1,RI,"307,981","437,781",16.26
2014,1,SC,"3,384,198","2,141,902",11.81
2014,1,SD,"572,874","382,424",9.38
2014,1,TN,"4,795,011","2,744,212",9.73
2014,1,TX,"13,580,936","10,096,367",11.22
2014,1,UT,"805,178","995,761",9.93
2014,1,VA,"5,610,998","3,290,116",10.01
2014,1,VT,"230,433","310,900",16.92
2014,1,WA,"4,270,973","2,897,422",8.52
2014,1,WI,"2,393,637","2,630,910",12.86
2014,1,WV,"1,706,724","865,236",9.01
2014,1,WY,"323,875","265,168",9.74
2013,12,AK,"231,089","277,664",18.04
2013,12,AL,"2,944,247","2,166,743",10.50
2013,12,AR,"1,634,587","1,343,004",8.98
2013,12,AZ,"2,334,493","2,658,166",10.97
2013,12,CA,"7,659,712","13,484,636",16.22
2013,12,CO,"1,660,048","2,179,247",11.46
2013,12,CT,"1,230,132","1,456,140",17.59
2013,12,DC,"183,915","237,973",12.50
2013,12,DE,"431,608","405,525",12.64
2013,12,FL,"8,584,504","8,969,005",11.31
2013,12,GA,"4,752,117","4,120,842",10.41
2013,12,HI,"225,639","423,352",36.58
2013,12,IA,"1,492,515","1,346,014",10.33
2013,12,ID,"1,017,630","685,862",9.26
2013,12,IL,"4,451,211","5,131,860",9.84
2013,12,IN,"3,431,834","2,788,084",10.49
2013,12,KS,"1,246,925","1,225,238",10.92
2013,12,KY,"2,654,623","1,943,551",9.52
2013,12,LA,"2,520,012","2,016,600",8.76
2013,12,MA,"1,889,321","2,718,516",20.00
2013,12,MD,"2,674,889","2,226,117",13.43
2013,12,ME,"468,404","705,517",14.31
2013,12,MI,"3,269,201","4,276,219",14.20
2013,12,MN,"2,325,298","2,336,068",11.20
2013,12,MO,"3,627,464","2,718,543",9.18
2013,12,MS,"1,580,815","1,263,426",10.54
2013,12,MT,"549,638","479,564",9.94
2013,12,NC,"5,637,893","4,290,515",10.56
2013,12,ND,"624,773","352,237",8.56
2013,12,NE,"1,038,729","813,848",9.18
2013,12,NH,"419,036","604,190",16.13
2013,12,NJ,"2,368,441","3,463,887",15.28
2013,12,NM,"607,637","868,321",10.84
2013,12,NV,"921,111","1,101,272",12.30
2013,12,NY,"4,407,304","7,039,203",18.18
2013,12,OH,"5,201,140","4,885,811",11.30
2013,12,OK,"2,319,153","1,701,360",8.20
2013,12,OR,"2,410,813","1,657,788",9.92
2013,12,PA,"5,218,960","5,279,620",12.75
2013,12,RI,"284,418","438,050",20.17
2013,12,SC,"2,666,341","2,196,483",11.68
2013,12,SD,"522,024","382,343",9.66
2013,12,TN,"3,848,220","2,747,807",9.79
2013,12,TX,"11,901,122","9,987,357",11.27
2013,12,UT,"889,755","988,050",9.98
2013,12,VA,"4,591,002","3,289,134",10.36
2013,12,VT,"205,763","311,600",17.03
2013,12,WA,"4,049,008","2,881,859",8.66
2013,12,WI,"2,219,601","2,629,423",12.79
2013,12,WV,"1,223,003","864,806",9.08
2013,12,WY,"318,948","264,210",10.11
2013,11,AK,"180,461","278,060",18.27
2013,11,AL,"2,223,081","2,163,789",10.74
2013,11,AR,"1,116,864","1,341,822",9.75
2013,11,AZ,"1,766,360","2,644,081",11.02
2013,11,CA,"5,875,823","12,757,760",16.53
2013,11,CO,"1,372,179","2,173,294",11.66
2013,11,CT,"923,162","1,454,811",18.18
2013,11,DC,"133,158","236,555",12.88
2013,11,DE,"319,507","404,861",13.36
2013,11,FL,"8,150,689","8,878,850",11.47
2013,11,GA,"3,787,694","4,115,896",10.66
2013,11,HI,"213,246","422,467",37.24
2013,11,IA,"1,103,184","1,344,646",10.77
2013,11,ID,"717,843","684,947",9.51
2013,11,IL,"3,492,923","5,126,155",10.61
2013,11,IN,"2,445,378","2,777,101",11.18
2013,11,KS,"897,343","1,225,824",11.49
2013,11,KY,"1,936,896","1,941,789",9.68
2013,11,LA,"1,932,176","2,013,264",9.19
2013,11,MA,"1,501,332","2,694,752",16.14
2013,11,MD,"2,085,287","2,222,136",13.16
2013,11,ME,"374,256","705,289",14.39
2013,11,MI,"2,605,678","4,245,730",14.59
2013,11,MN,"1,758,422","2,333,673",11.52
2013,11,MO,"2,451,286","2,713,353",9.88
2013,11,MS,"1,170,389","1,262,656",11.28
2013,11,MT,"413,253","477,142",10.23
2013,11,NC,"3,917,935","4,286,243",10.99
2013,11,ND,"463,048","351,510",8.90
2013,11,NE,"703,074","812,404",9.93
2013,11,NH,"331,104","603,245",16.38
2013,11,NJ,"1,988,214","3,467,896",15.34
2013,11,NM,"462,860","865,477",11.04
2013,11,NV,"581,783","1,100,710",13.06
2013,11,NY,"3,468,764","7,031,151",18.49
2013,11,OH,"4,031,955","4,879,913",11.97
2013,11,OK,"1,462,414","1,698,485",9.66
2013,11,OR,"1,609,352","1,655,662",9.97
2013,11,PA,"3,978,758","5,275,661",12.95
2013,11,RI,"230,995","438,578",15.65
2013,11,SC,"1,971,639","2,194,636",12.01
2013,11,SD,"385,225","382,325",10.07
2013,11,TN,"2,694,365","2,744,254",9.95
2013,11,TX,"8,493,287","9,933,251",11.67
2013,11,UT,"642,780","985,223",10.04
2013,11,VA,"3,477,430","3,283,724",10.92
2013,11,VT,"172,193","312,019",17.52
2013,11,WA,"2,892,607","2,876,112",8.73
2013,11,WI,"1,779,316","2,616,235",13.47
2013,11,WV,"983,295","863,434",9.36
2013,11,WY,"233,756","264,195",10.23
2013,10,AK,"165,897","278,940",17.86
2013,10,AL,"2,134,782","2,164,606",11.79
2013,10,AR,"1,346,045","1,342,395",9.63
2013,10,AZ,"2,062,976","2,634,227",12.01
2013,10,CA,"7,022,479","13,761,491",16.19
2013,10,CO,"1,377,140","2,174,490",11.84
2013,10,CT,"817,936","1,454,355",18.57
2013,10,DC,"125,177","235,834",13.07
2013,10,DE,"267,298","404,270",13.98
2013,10,FL,"9,910,401","8,786,170",11.25
2013,10,GA,"3,719,501","4,112,125",11.24
2013,10,HI,"223,610","423,161",37.27
2013,10,IA,"948,981","1,346,520",11.58
2013,10,ID,"590,240","684,352",9.89
2013,10,IL,"3,119,075","5,126,467",11.22
2013,10,IN,"2,220,421","2,774,887",11.69
2013,10,KS,"871,182","1,220,556",11.72
2013,10,KY,"1,705,562","1,939,963",9.92
2013,10,LA,"2,596,071","2,015,735",9.68
2013,10,MA,"1,408,170","2,717,600",15.74
2013,10,MD,"1,812,812","2,221,009",13.69
2013,10,ME,"359,575","705,116",14.45
2013,10,MI,"2,362,126","4,265,016",14.99
2013,10,MN,"1,557,814","2,338,864",12.07
2013,10,MO,"2,244,373","2,710,944",10.23
2013,10,MS,"1,455,461","1,263,639",10.93
2013,10,MT,"350,452","479,379",10.65
2013,10,NC,"3,524,756","4,281,169",11.86
2013,10,ND,"322,042","350,440",9.72
2013,10,NE,"665,720","814,287",10.48
2013,10,NH,"306,162","605,482",16.75
2013,10,NJ,"1,875,252","3,460,440",15.56
2013,10,NM,"468,972","867,263",11.65
2013,10,NV,"660,927","1,097,409",12.99
2013,10,NY,"3,573,595","7,029,796",18.88
2013,10,OH,"3,471,388","4,877,149",12.09
2013,10,OK,"1,506,557","1,697,513",10.64
2013,10,OR,"1,448,009","1,656,208",10.10
2013,10,PA,"3,583,690","5,273,188",13.11
2013,10,RI,"220,075","438,267",14.26
2013,10,SC,"1,895,225","2,195,023",12.44
2013,10,SD,"318,919","382,984",10.89
2013,10,TN,"2,769,730","2,746,469",9.87
2013,10,TX,"10,925,087","10,030,619",11.68
2013,10,UT,"659,401","984,275",10.09
2013,10,VA,"2,842,866","3,279,993",11.12
2013,10,VT,"154,837","312,812",17.64
2013,10,WA,"2,470,775","2,903,818",8.84
2013,10,WI,"1,528,194","2,621,874",13.76
2013,10,WV,"724,769","863,008",9.60
2013,10,WY,"200,513","264,847",10.56
2013,9,AK,"147,889","278,480",18.40
2013,9,AL,"2,875,256","2,164,121",11.73
2013,9,AR,"1,770,095","1,342,460",10.08
2013,9,AZ,"3,338,685","2,626,785",12.17
2013,9,CA,"8,952,035","12,984,462",16.99
2013,9,CO,"1,580,152","2,168,583",12.65
2013,9,CT,"1,055,262","1,455,256",17.89
2013,9,DC,"145,696","234,782",12.79
2013,9,DE,"357,406","404,118",12.78
2013,9,FL,"11,295,680","8,763,693",11.58
2013,9,GA,"4,931,653","4,109,949",12.20
2013,9,HI,"215,878","422,821",36.28
2013,9,IA,"1,136,241","1,342,824",11.75
2013,9,ID,"550,149","682,739",9.47
2013,9,IL,"3,710,811","5,117,088",10.09
2013,9,IN,"2,579,145","2,772,404",11.28
2013,9,KS,"1,287,472","1,224,131",11.84
2013,9,KY,"2,113,888","1,938,470",10.04
2013,9,LA,"3,238,532","2,015,559",9.72
2013,9,MA,"1,693,843","2,709,762",15.94
2013,9,MD,"2,055,905","2,220,565",13.94
2013,9,ME,"333,450","705,485",14.46
2013,9,MI,"2,492,462","4,270,382",14.98
2013,9,MN,"1,705,525","2,332,800",12.47
2013,9,MO,"2,950,398","2,712,662",10.94
2013,9,MS,"1,865,681","1,263,482",10.79
2013,9,MT,"328,713","475,397",11.02
2013,9,NC,"4,622,040","4,277,532",11.56
2013,9,ND,"298,059","349,086",10.66
2013,9,NE,"824,295","812,352",11.85
2013,9,NH,"384,495","605,285",16.08
2013,9,NJ,"2,260,045","3,463,168",16.07
2013,9,NM,"594,372","864,695",12.02
2013,9,NV,"1,115,573","1,099,172",11.95
2013,9,NY,"4,464,407","7,029,660",19.56
2013,9,OH,"3,917,702","4,871,438",12.33
2013,9,OK,"2,161,003","1,696,326",10.63
2013,9,OR,"1,241,415","1,652,527",10.09
2013,9,PA,"4,069,245","5,271,339",13.31
2013,9,RI,"233,257","435,248",15.52
2013,9,SC,"2,544,360","2,194,116",12.11
2013,9,SD,"360,283","382,351",11.16
2013,9,TN,"3,777,907","2,746,854",9.83
2013,9,TX,"14,795,355","9,991,128",11.36
2013,9,UT,"756,115","982,204",10.92
2013,9,VA,"3,315,489","3,277,011",11.50
2013,9,VT,"154,649","312,611",17.27
2013,9,WA,"2,232,170","2,876,535",9.00
2013,9,WI,"1,643,029","2,624,558",14.07
2013,9,WV,"758,021","862,197",9.64
2013,9,WY,"188,031","263,575",10.72
2013,8,AK,"145,474","278,246",18.62
2013,8,AL,"3,182,498","2,161,754",11.60
2013,8,AR,"1,847,534","1,342,415",10.06
2013,8,AZ,"4,075,921","2,621,489",12.28
2013,8,CA,"8,703,100","13,499,112",16.32
2013,8,CO,"1,843,046","2,175,988",12.63
2013,8,CT,"1,242,643","1,454,579",17.54
2013,8,DC,"228,156","234,173",12.98
2013,8,DE,"431,112","404,853",12.61
2013,8,FL,"12,077,284","8,682,205",11.26
2013,8,GA,"5,596,757","4,108,145",12.59
2013,8,HI,"228,918","422,884",36.79
2013,8,IA,"1,359,323","1,341,951",12.30
2013,8,ID,"709,318","681,268",10.23
2013,8,IL,"4,703,031","5,111,035",10.73
2013,8,IN,"3,108,107","2,765,835",11.23
2013,8,KS,"1,471,517","1,227,645",12.15
2013,8,KY,"2,520,159","1,939,087",9.96
2013,8,LA,"3,383,453","2,016,305",9.76
2013,8,MA,"1,929,648","2,712,124",16.03
2013,8,MD,"2,508,459","2,217,460",13.92
2013,8,ME,"388,243","705,415",14.39
2013,8,MI,"3,119,606","4,267,517",14.98
2013,8,MN,"2,042,170","2,331,643",12.63
2013,8,MO,"3,385,250","2,713,219",12.37
2013,8,MS,"1,971,678","1,264,015",10.77
2013,8,MT,"401,183","476,912",10.88
2013,8,NC,"5,445,110","4,276,228",11.41
2013,8,ND,"318,095","347,979",10.88
2013,8,NE,"916,637","810,814",11.93
2013,8,NH,"425,494","605,637",15.88
2013,8,NJ,"2,989,084","3,461,331",16.24
2013,8,NM,"697,957","867,099",12.63
2013,8,NV,"1,508,010","1,099,976",11.76
2013,8,NY,"5,212,450","7,031,975",19.14
2013,8,OH,"4,696,421","4,870,022",12.83
2013,8,OK,"2,610,489","1,695,467",9.96
2013,8,OR,"1,343,172","1,650,925",10.15
2013,8,PA,"4,712,661","5,271,500",13.25
2013,8,RI,"289,667","438,035",15.42
2013,8,SC,"2,952,460","2,195,795",12.21
2013,8,SD,"380,596","381,943",11.35
2013,8,TN,"3,868,287","2,753,037",10.17
2013,8,TX,"16,446,018","10,029,833",11.45
2013,8,UT,"1,034,672","982,987",11.17
2013,8,VA,"4,033,016","3,276,398",11.49
2013,8,VT,"182,020","312,757",17.07
2013,8,WA,"2,381,377","2,875,868",8.96
2013,8,WI,"1,976,342","2,620,182",14.27
2013,8,WV,"837,633","861,847",9.73
2013,8,WY,"203,815","263,828",10.68
2013,7,AK,"143,704","278,080",19.20
2013,7,AL,"3,122,787","2,160,860",11.56
2013,7,AR,"1,856,024","1,341,365",10.03
2013,7,AZ,"4,370,592","2,621,448",12.47
2013,7,CA,"9,256,055","13,294,894",16.83
2013,7,CO,"1,854,290","2,172,857",12.87
2013,7,CT,"1,462,324","1,455,575",17.28
2013,7,DC,"244,710","234,789",12.89
2013,7,DE,"512,712","403,523",12.23
2013,7,FL,"11,583,199","8,756,032",11.27
2013,7,GA,"5,456,168","4,103,809",12.55
2013,7,HI,"224,231","422,946",36.61
2013,7,IA,"1,381,490","1,341,983",12.11
2013,7,ID,"746,575","680,665",10.47
2013,7,IL,"4,904,851","5,116,469",10.44
2013,7,IN,"3,212,093","2,768,815",11.23
2013,7,KS,"1,545,858","1,228,756",12.16
2013,7,KY,"2,554,348","1,936,195",10.14
2013,7,LA,"3,328,635","2,014,706",9.78
2013,7,MA,"2,302,346","2,713,017",15.20
2013,7,MD,"2,855,727","2,215,452",13.73
2013,7,ME,"423,621","705,915",14.27
2013,7,MI,"3,662,429","4,270,097",15.06
2013,7,MN,"2,155,344","2,331,587",12.67
2013,7,MO,"3,534,322","2,709,573",12.55
2013,7,MS,"1,914,700","1,263,675",10.84
2013,7,MT,"376,010","476,850",10.98
2013,7,NC,"5,623,270","4,270,143",11.24
2013,7,ND,"354,910","347,348",10.28
2013,7,NE,"968,732","811,779",12.00
2013,7,NH,"440,308","605,458",16.06
2013,7,NJ,"3,903,996","3,463,231",16.43
2013,7,NM,"706,786","866,882",12.76
2013,7,NV,"1,892,476","1,095,581",11.60
2013,7,NY,"5,550,457","7,027,464",20.03
2013,7,OH,"5,117,196","4,870,643",12.98
2013,7,OK,"2,580,355","1,693,680",9.85
2013,7,OR,"1,495,851","1,650,819",10.18
2013,7,PA,"5,219,958","5,268,114",13.11
2013,7,RI,"405,538","438,880",13.05
2013,7,SC,"3,024,533","2,192,465",12.30
2013,7,SD,"387,290","381,778",11.19
2013,7,TN,"3,976,765","2,748,314",10.35
2013,7,TX,"15,670,163","9,993,521",11.41
2013,7,UT,"1,073,352","979,737",11.33
2013,7,VA,"4,516,425","3,273,602",11.49
2013,7,VT,"197,529","312,221",17.21
2013,7,WA,"2,480,051","2,883,105",8.90
2013,7,WI,"2,112,420","2,620,496",14.00
2013,7,WV,"971,044","861,973",9.61
2013,7,WY,"200,199","263,527",10.83
2013,6,AK,"139,042","277,446",18.44
2013,6,AL,"2,889,519","2,152,986",11.65
2013,6,AR,"1,443,985","1,339,085",10.14
2013,6,AZ,"3,812,136","2,615,708",12.15
2013,6,CA,"7,128,348","13,209,488",17.13
2013,6,CO,"1,566,954","2,167,906",12.49
2013,6,CT,"1,012,249","1,454,470",17.73
2013,6,DC,"175,324","234,314",12.65
2013,6,DE,"361,572","403,136",13.12
2013,6,FL,"10,691,555","8,747,148",11.20
2013,6,GA,"4,932,283","4,099,562",12.39
2013,6,HI,"211,233","422,460",37.03
2013,6,IA,"1,064,965","1,339,369",11.93
2013,6,ID,"569,547","679,298",10.15
2013,6,IL,"3,819,583","5,114,711",10.57
2013,6,IN,"2,617,255","2,766,499",11.32
2013,6,KS,"1,248,663","1,224,032",12.19
2013,6,KY,"2,130,817","1,935,604",10.13
2013,6,LA,"2,817,524","2,011,796",9.70
2013,6,MA,"1,652,461","2,717,239",15.92
2013,6,MD,"2,193,345","2,216,190",13.98
2013,6,ME,"406,325","704,586",14.17
2013,6,MI,"2,608,792","4,261,680",15.47
2013,6,MN,"1,688,619","2,326,568",12.71
2013,6,MO,"2,854,823","2,708,153",12.41
2013,6,MS,"1,603,708","1,261,077",11.10
2013,6,MT,"308,546","476,129",11.00
2013,6,NC,"4,726,288","4,264,895",11.11
2013,6,ND,"279,427","346,976",10.89
2013,6,NE,"685,901","808,773",11.69
2013,6,NH,"340,902","604,673",16.68
2013,6,NJ,"2,683,121","3,455,380",16.04
2013,6,NM,"617,818","865,148",12.47
2013,6,NV,"1,455,674","1,096,747",11.56
2013,6,NY,"4,155,001","7,025,367",19.32
2013,6,OH,"4,102,504","4,871,629",13.06
2013,6,OK,"2,105,388","1,690,787",10.25
2013,6,OR,"1,228,205","1,648,147",10.11
2013,6,PA,"4,142,021","5,267,853",13.06
2013,6,RI,"264,495","439,640",13.68
2013,6,SC,"2,576,872","2,186,444",12.21
2013,6,SD,"310,549","380,917",11.28
2013,6,TN,"3,277,270","2,742,940",10.40
2013,6,TX,"13,539,863","9,931,425",11.44
2013,6,UT,"796,513","981,321",10.77
2013,6,VA,"3,657,005","3,270,157",11.42
2013,6,VT,"152,807","312,638",17.76
2013,6,WA,"2,225,379","2,862,051",8.85
2013,6,WI,"1,693,510","2,620,529",14.09
2013,6,WV,"846,390","861,385",9.74
2013,6,WY,"170,033","263,243",10.75
2013,5,AK,"161,173","277,001",18.45
2013,5,AL,"2,138,126","2,157,622",11.42
2013,5,AR,"1,110,432","1,338,966",9.95
2013,5,AZ,"2,684,360","2,617,998",12.16
2013,5,CA,"6,603,777","13,460,607",15.92
2013,5,CO,"1,339,530","2,167,269",11.65
2013,5,CT,"825,072","1,454,960",18.07
2013,5,DC,"121,038","235,507",12.52
2013,5,DE,"282,332","402,849",14.21
2013,5,FL,"8,816,291","8,808,912",11.22
2013,5,GA,"3,626,133","4,097,632",11.74
2013,5,HI,"215,797","422,551",37.11
2013,5,IA,"985,263","1,340,946",10.99
2013,5,ID,"556,759","679,345",8.88
2013,5,IL,"3,164,201","5,123,356",11.89
2013,5,IN,"2,186,851","2,765,978",11.66
2013,5,KS,"881,790","1,223,876",12.12
2013,5,KY,"1,762,359","1,934,716",10.24
2013,5,LA,"1,920,796","2,010,293",9.70
2013,5,MA,"1,355,507","2,695,386",15.82
2013,5,MD,"1,821,239","2,218,501",12.89
2013,5,ME,"322,918","704,237",14.37
2013,5,MI,"2,476,338","4,266,406",15.11
2013,5,MN,"1,562,168","2,328,340",12.02
2013,5,MO,"2,265,443","2,704,580",11.75
2013,5,MS,"1,146,792","1,260,879",11.45
2013,5,MT,"341,288","477,561",10.40
2013,5,NC,"3,406,604","4,260,275",11.27
2013,5,ND,"322,088","346,119",9.64
2013,5,NE,"680,953","811,046",10.13
2013,5,NH,"309,608","604,227",16.90
2013,5,NJ,"1,975,702","3,459,231",15.56
2013,5,NM,"477,246","864,187",11.40
2013,5,NV,"889,630","1,093,328",11.96
2013,5,NY,"3,531,244","7,028,113",18.35
2013,5,OH,"3,568,189","4,878,614",12.49
2013,5,OK,"1,503,759","1,691,892",10.48
2013,5,OR,"1,303,514","1,649,289",9.91
2013,5,PA,"3,493,083","5,275,709",12.89
2013,5,RI,"216,386","439,192",14.55
2013,5,SC,"1,812,392","2,186,109",12.71
2013,5,SD,"322,258","380,641",10.65
2013,5,TN,"2,528,167","2,741,382",10.32
2013,5,TX,"9,588,200","9,958,681",11.57
2013,5,UT,"625,536","980,374",10.44
2013,5,VA,"2,789,982","3,268,586",11.21
2013,5,VT,"146,318","310,434",17.76
2013,5,WA,"2,584,784","2,879,707",8.69
2013,5,WI,"1,551,199","2,621,433",13.73
2013,5,WV,"692,247","862,894",10.04
2013,5,WY,"198,737","263,303",10.20
2013,4,AK,"175,579","276,359",18.45
2013,4,AL,"2,013,734","2,157,892",11.39
2013,4,AR,"1,267,509","1,338,499",9.45
2013,4,AZ,"1,965,614","2,623,749",11.73
2013,4,CA,"6,029,361","13,030,134",15.28
2013,4,CO,"1,302,365","2,165,736",11.64
2013,4,CT,"998,531","1,455,282",17.38
2013,4,DC,"128,554","235,000",12.36
2013,4,DE,"311,196","402,719",13.32
2013,4,FL,"8,220,473","8,726,419",11.05
2013,4,GA,"3,445,244","4,095,135",11.02
2013,4,HI,"213,300","422,370",36.96
2013,4,IA,"1,064,591","1,340,505",10.68
2013,4,ID,"599,138","678,771",8.73
2013,4,IL,"3,177,405","5,123,047",10.92
2013,4,IN,"2,184,857","2,768,909",11.53
2013,4,KS,"859,276","1,221,090",11.64
2013,4,KY,"1,824,793","1,930,100",9.96
2013,4,LA,"1,924,235","2,009,120",9.17
2013,4,MA,"1,480,989","2,712,911",15.06
2013,4,MD,"1,794,492","2,218,920",12.78
2013,4,ME,"336,982","704,052",14.21
2013,4,MI,"2,408,335","4,264,446",14.37
2013,4,MN,"1,724,172","2,327,289",11.45
2013,4,MO,"2,335,892","2,708,581",9.85
2013,4,MS,"1,204,630","1,259,642",11.27
2013,4,MT,"390,227","477,657",10.11
2013,4,NC,"3,767,108","4,257,575",11.10
2013,4,ND,"425,273","348,485",8.63
2013,4,NE,"741,091","809,736",9.67
2013,4,NH,"351,751","601,028",16.60
2013,4,NJ,"1,749,312","3,458,224",15.45
2013,4,NM,"435,704","864,119",11.34
2013,4,NV,"660,263","1,090,990",12.28
2013,4,NY,"3,682,231","7,025,545",17.67
2013,4,OH,"3,555,534","4,880,283",11.79
2013,4,OK,"1,434,816","1,690,976",10.36
2013,4,OR,"1,438,374","1,648,725",9.69
2013,4,PA,"4,093,834","5,277,194",12.56
2013,4,RI,"213,639","438,908",14.09
2013,4,SC,"1,885,469","1,552,685",12.04
2013,4,SD,"396,619","380,132",9.76
2013,4,TN,"3,067,553","2,735,861",9.82
2013,4,TX,"8,572,437","9,948,659",11.43
2013,4,UT,"616,085","978,799",9.83
2013,4,VA,"3,123,393","3,267,535",10.54
2013,4,VT,"158,421","310,423",17.60
2013,4,WA,"3,080,596","2,875,488",8.59
2013,4,WI,"1,647,352","2,618,503",13.44
2013,4,WV,"830,376","866,042",9.67
2013,4,WY,"232,151","263,274",9.92
2013,3,AK,"191,644","275,794",17.88
2013,3,AL,"2,532,400","2,150,273",10.96
2013,3,AR,"1,514,453","1,337,256",9.14
2013,3,AZ,"1,940,257","2,639,062",10.87
2013,3,CA,"6,669,619","13,423,773",15.25
2013,3,CO,"1,445,573","2,165,623",11.42
2013,3,CT,"1,093,647","1,452,921",17.20
2013,3,DC,"198,952","235,279",12.14
2013,3,DE,"349,895","402,389",12.96
2013,3,FL,"7,948,589","8,640,909",11.09
2013,3,GA,"4,310,402","4,088,762",10.84
2013,3,HI,"210,665","421,702",37.43
2013,3,IA,"1,287,197","1,339,568",10.38
2013,3,ID,"720,349","678,264",8.53
2013,3,IL,"3,763,457","5,135,445",10.46
2013,3,IN,"3,016,136","2,771,060",10.63
2013,3,KS,"1,048,337","1,218,315",11.25
2013,3,KY,"2,425,768","1,929,788",9.41
2013,3,LA,"2,154,161","2,004,874",9.19
2013,3,MA,"1,752,623","2,710,873",14.84
2013,3,MD,"2,376,532","2,218,811",12.56
2013,3,ME,"393,204","704,309",14.20
2013,3,MI,"2,926,718","4,267,629",14.08
2013,3,MN,"1,960,344","2,324,626",11.20
2013,3,MO,"3,097,046","2,707,141",9.64
2013,3,MS,"1,415,510","1,257,505",10.49
2013,3,MT,"435,609","477,398",10.00
2013,3,NC,"5,031,611","4,254,463",10.35
2013,3,ND,"497,104","347,769",8.41
2013,3,NE,"875,161","808,240",9.43
2013,3,NH,"369,145","601,743",16.58
2013,3,NJ,"2,133,579","3,464,242",15.33
2013,3,NM,"504,014","864,541",11.31
2013,3,NV,"704,295","1,085,967",11.90
2013,3,NY,"4,035,969","7,023,099",18.16
2013,3,OH,"4,797,565","4,864,044",11.39
2013,3,OK,"1,726,031","1,688,088",9.41
2013,3,OR,"1,706,974","1,647,347",9.65
2013,3,PA,"4,922,892","5,275,417",12.24
2013,3,RI,"263,485","438,558",15.91
2013,3,SC,"2,441,422","2,179,604",11.11
2013,3,SD,"444,792","379,346",9.60
2013,3,TN,"3,530,549","2,731,197",9.73
2013,3,TX,"9,077,841","9,886,760",11.03
2013,3,UT,"685,990","978,325",9.74
2013,3,VA,"4,155,952","3,267,753",10.42
2013,3,VT,"187,051","309,950",16.55
2013,3,WA,"3,480,205","2,884,734",8.51
2013,3,WI,"1,855,455","2,607,056",13.18
2013,3,WV,"1,229,124","864,055",9.48
2013,3,WY,"261,432","262,927",9.81
2013,2,AK,"187,187","275,436",17.50
2013,2,AL,"2,492,331","2,153,781",10.91
2013,2,AR,"1,535,085","1,335,150",9.08
2013,2,AZ,"2,068,192","2,633,033",10.69
2013,2,CA,"6,785,983","12,744,038",15.31
2013,2,CO,"1,471,178","2,160,090",11.32
2013,2,CT,"1,212,629","1,455,329",16.93
2013,2,DC,"180,750","235,300",11.97
2013,2,DE,"454,089","401,989",12.64
2013,2,FL,"7,597,290","8,703,596",11.28
2013,2,GA,"4,302,336","4,084,938",10.60
2013,2,HI,"193,458","421,087",36.58
2013,2,IA,"1,267,190","1,338,242",10.07
2013,2,ID,"787,183","677,908",8.61
2013,2,IL,"3,789,573","5,107,001",10.85
2013,2,IN,"2,982,513","2,764,892",10.34
2013,2,KS,"986,519","1,219,014",11.31
2013,2,KY,"2,413,820","1,925,932",9.50
2013,2,LA,"2,212,640","2,001,940",9.17
2013,2,MA,"1,790,370","2,696,684",14.93
2013,2,MD,"2,485,060","2,216,492",12.51
2013,2,ME,"394,818","703,684",14.60
2013,2,MI,"2,731,266","4,260,199",13.84
2013,2,MN,"2,033,584","2,321,923",11.16
2013,2,MO,"3,005,615","2,700,019",9.45
2013,2,MS,"1,439,416","1,255,280",10.34
2013,2,MT,"472,746","476,620",9.82
2013,2,NC,"4,849,096","4,250,670",10.51
2013,2,ND,"539,758","347,069",8.26
2013,2,NE,"900,642","808,204",9.28
2013,2,NH,"434,039","600,537",16.32
2013,2,NJ,"2,129,645","3,463,328",15.26
2013,2,NM,"561,520","861,817",11.20
2013,2,NV,"721,316","1,088,856",11.59
2013,2,NY,"4,229,775","7,018,965",19.10
2013,2,OH,"4,585,795","4,876,409",11.12
2013,2,OK,"1,669,843","1,687,079",9.19
2013,2,OR,"1,805,407","1,646,210",9.70
2013,2,PA,"5,302,131","5,270,615",12.25
2013,2,RI,"243,382","437,686",16.15
2013,2,SC,"2,353,370","2,177,455",11.60
2013,2,SD,"470,376","379,097",9.48
2013,2,TN,"3,530,148","2,706,477",9.61
2013,2,TX,"9,185,498","9,851,200",11.05
2013,2,UT,"713,896","976,658",9.68
2013,2,VA,"4,234,019","3,265,255",10.24
2013,2,VT,"193,420","309,347",16.34
2013,2,WA,"3,800,060","2,876,742",8.53
2013,2,WI,"1,893,292","2,613,529",13.11
2013,2,WV,"1,215,163","866,144",9.44
2013,2,WY,"279,476","262,644",9.55
2013,1,AK,"234,827","275,729",17.12
2013,1,AL,"2,829,898","2,152,309",10.81
2013,1,AR,"1,776,676","1,333,735",8.80
2013,1,AZ,"2,684,017","2,631,387",10.25
2013,1,CA,"8,555,642","13,426,674",16.16
2013,1,CO,"1,716,453","2,161,291",11.11
2013,1,CT,"1,261,866","1,455,880",17.01
2013,1,DC,"168,188","234,359",12.06
2013,1,DE,"491,287","401,995",12.80
2013,1,FL,"8,417,958","8,612,849",11.20
2013,1,GA,"4,684,123","4,079,331",10.43
2013,1,HI,"232,879","420,822",37.86
2013,1,IA,"1,534,926","1,338,886",10.02
2013,1,ID,"1,054,532","677,724",8.65
2013,1,IL,"4,276,113","5,114,603",10.42
2013,1,IN,"3,422,040","2,770,580",10.13
2013,1,KS,"1,248,121","1,217,256",10.70
2013,1,KY,"2,745,066","1,927,699",9.33
2013,1,LA,"2,680,971","2,002,312",8.88
2013,1,MA,"1,971,014","2,706,220",14.35
2013,1,MD,"2,784,622","2,215,708",12.50
2013,1,ME,"460,508","703,682",14.46
2013,1,MI,"3,350,217","4,267,764",13.65
2013,1,MN,"2,336,083","2,323,244",11.01
2013,1,MO,"3,566,293","2,700,412",9.02
2013,1,MS,"1,693,636","1,255,403",9.93
2013,1,MT,"558,807","476,517",9.77
2013,1,NC,"5,699,585","4,246,463",10.24
2013,1,ND,"594,269","346,792",7.72
2013,1,NE,"1,061,224","808,644",8.73
2013,1,NH,"441,828","602,022",16.02
2013,1,NJ,"2,488,248","3,452,922",15.30
2013,1,NM,"669,101","862,787",10.88
2013,1,NV,"1,031,374","1,087,221",11.24
2013,1,NY,"4,466,173","7,024,003",17.93
2013,1,OH,"5,112,705","4,878,147",11.11
2013,1,OK,"2,120,161","1,686,090",8.05
2013,1,OR,"2,297,475","1,645,940",9.62
2013,1,PA,"5,514,615","5,268,011",12.32
2013,1,RI,"299,353","437,347",14.48
2013,1,SC,"2,688,434","2,174,346",11.72
2013,1,SD,"525,220","379,048",9.29
2013,1,TN,"4,036,964","2,717,911",9.98
2013,1,TX,"12,077,737","9,909,050",10.84
2013,1,UT,"907,653","976,360",9.64
2013,1,VA,"4,679,676","3,262,866",9.92
2013,1,VT,"220,428","308,863",16.49
2013,1,WA,"4,306,474","2,884,053",8.50
2013,1,WI,"2,196,213","2,622,162",12.96
2013,1,WV,"1,270,763","865,910",9.38
2013,1,WY,"342,404","263,731",9.50
2012,12,AK,"236,472","275,531",17.06
2012,12,AL,"2,515,660","2,155,222",10.96
2012,12,AR,"1,339,625","1,333,558",9.07
2012,12,AZ,"2,207,475","2,610,935",10.41
2012,12,CA,"7,140,635","12,896,115",15.49
2012,12,CO,"1,554,716","2,158,014",11.07
2012,12,CT,"1,118,907","1,455,624",17.06
2012,12,DC,"177,721","233,642",11.98
2012,12,DE,"370,023","401,009",13.03
2012,12,FL,"7,730,245","8,595,435",11.38
2012,12,GA,"4,244,688","4,082,799",10.29
2012,12,HI,"232,453","420,257",36.33
2012,12,IA,"1,301,704","1,338,164",10.16
2012,12,ID,"853,984","677,344",8.54
2012,12,IL,"3,872,117","5,095,074",10.62
2012,12,IN,"2,911,123","2,765,693",10.49
2012,12,KS,"1,106,272","1,218,225",10.90
2012,12,KY,"2,294,953","1,926,701",9.46
2012,12,LA,"2,105,856","1,998,927",8.47
2012,12,MA,"1,781,137","2,702,035",15.19
2012,12,MD,"2,376,673","2,213,289",12.67
2012,12,ME,"430,601","704,442",14.70
2012,12,MI,"3,085,197","4,253,699",14.08
2012,12,MN,"2,060,372","2,322,305",10.95
2012,12,MO,"3,011,230","2,699,704",9.03
2012,12,MS,"1,342,420","1,257,277",10.29
2012,12,MT,"491,754","475,355",9.89
2012,12,NC,"4,924,020","4,241,701",10.41
2012,12,ND,"567,828","347,476",8.61
2012,12,NE,"862,381","809,405",9.13
2012,12,NH,"398,045","601,579",15.83
2012,12,NJ,"2,127,610","3,448,432",15.49
2012,12,NM,"567,844","861,909",10.71
2012,12,NV,"815,398","1,086,119",11.82
2012,12,NY,"4,210,736","6,994,253",17.47
2012,12,OH,"4,924,645","4,866,844",11.39
2012,12,OK,"1,853,882","1,684,901",8.71
2012,12,OR,"2,016,130","1,647,192",9.74
2012,12,PA,"4,873,745","5,259,696",12.62
2012,12,RI,"272,583","437,033",15.70
2012,12,SC,"2,397,322","2,117,930",11.87
2012,12,SD,"431,814","379,389",9.59
2012,12,TN,"3,210,465","2,720,299",10.48
2012,12,TX,"9,581,718","9,843,432",10.99
2012,12,UT,"798,966","972,959",9.73
2012,12,VA,"4,151,889","3,260,604",10.51
2012,12,VT,"207,003","308,932",17.20
2012,12,WA,"3,631,776","2,854,499",8.53
2012,12,WI,"2,018,980","2,609,408",12.61
2012,12,WV,"1,179,715","865,063",9.63
2012,12,WY,"269,093","262,146",9.89
2012,11,AK,"199,414","276,021",17.10
2012,11,AL,"2,169,963","2,155,124",11.04
2012,11,AR,"1,113,084","1,332,988",9.46
2012,11,AZ,"1,836,625","2,599,867",10.73
2012,11,CA,"6,402,463","12,905,661",14.88
2012,11,CO,"1,344,768","2,155,874",11.38
2012,11,CT,"931,502","1,456,069",17.82
2012,11,DC,"135,217","233,339",12.21
2012,11,DE,"354,117","400,766",13.63
2012,11,FL,"7,483,263","8,751,674",11.82
2012,11,GA,"3,696,342","4,080,173",10.28
2012,11,HI,"219,848","419,961",36.81
2012,11,IA,"1,007,293","1,336,024",10.34
2012,11,ID,"686,412","676,192",8.67
2012,11,IL,"3,243,148","5,087,160",11.35
2012,11,IN,"2,464,798","2,758,634",10.45
2012,11,KS,"870,298","1,219,367",10.96
2012,11,KY,"1,953,013","1,927,261",9.41
2012,11,LA,"1,935,871","1,999,703",8.39
2012,11,MA,"1,524,321","2,719,875",13.77
2012,11,MD,"2,092,707","2,212,669",12.40
2012,11,ME,"353,385","703,966",14.83
2012,11,MI,"2,587,335","4,252,920",13.98
2012,11,MN,"1,724,111","2,319,472",11.03
2012,11,MO,"2,365,104","2,698,651",9.20
2012,11,MS,"1,171,046","1,257,422",10.65
2012,11,MT,"391,775","474,174",10.04
2012,11,NC,"4,106,163","4,240,171",10.53
2012,11,ND,"411,595","346,823",8.61
2012,11,NE,"679,228","808,397",9.43
2012,11,NH,"334,870","600,533",15.90
2012,11,NJ,"2,037,622","3,460,453",15.24
2012,11,NM,"458,058","860,814",10.69
2012,11,NV,"558,048","1,079,522",12.45
2012,11,NY,"3,666,343","6,991,513",17.44
2012,11,OH,"3,990,089","4,873,114",11.67
2012,11,OK,"1,351,988","1,684,001",9.57
2012,11,OR,"1,589,069","1,644,484",9.82
2012,11,PA,"3,915,055","5,258,814",12.60
2012,11,RI,"233,390","436,548",13.06
2012,11,SC,"2,017,124","2,118,447",11.67
2012,11,SD,"344,003","378,924",10.01
2012,11,TN,"2,716,844","2,722,885",10.33
2012,11,TX,"8,519,968","9,825,610",11.11
2012,11,UT,"663,656","971,489",9.70
2012,11,VA,"3,411,283","3,257,647",10.71
2012,11,VT,"173,620","309,691",19.26
2012,11,WA,"2,810,481","2,842,499",8.61
2012,11,WI,"1,691,546","2,613,165",13.16
2012,11,WV,"983,726","864,706",9.85
2012,11,WY,"234,242","261,735",10.01
2012,10,AK,"164,465","276,964",17.82
2012,10,AL,"2,021,905","2,154,613",11.71
2012,10,AR,"1,219,648","1,335,417",9.39
2012,10,AZ,"2,399,395","2,589,238",11.36
2012,10,CA,"8,190,791","13,364,123",14.22
2012,10,CO,"1,355,298","2,154,107",11.33
2012,10,CT,"845,788","1,451,792",18.08
2012,10,DC,"118,295","232,504",12.35
2012,10,DE,"243,736","400,471",14.53
2012,10,FL,"9,575,031","8,569,636",11.53
2012,10,GA,"3,578,832","4,077,575",10.89
2012,10,HI,"234,394","420,049",36.96
2012,10,IA,"858,798","1,338,836",10.99
2012,10,ID,"558,328","676,001",9.11
2012,10,IL,"3,022,484","5,083,552",11.91
2012,10,IN,"2,105,254","2,755,128",11.09
2012,10,KS,"842,973","1,213,243",11.29
2012,10,KY,"1,621,114","1,925,664",9.72
2012,10,LA,"2,369,178","2,001,965",8.68
2012,10,MA,"1,426,577","2,683,682",14.38
2012,10,MD,"1,726,552","2,214,479",13.03
2012,10,ME,"359,759","704,153",14.76
2012,10,MI,"2,241,926","4,252,413",14.22
2012,10,MN,"1,521,843","2,326,222",11.54
2012,10,MO,"2,068,181","2,697,981",9.89
2012,10,MS,"1,324,390","1,258,726",10.31
2012,10,MT,"316,414","474,423",10.54
2012,10,NC,"3,404,079","4,237,966",11.41
2012,10,ND,"317,338","346,303",9.42
2012,10,NE,"570,036","809,733",10.43
2012,10,NH,"312,733","603,078",16.03
2012,10,NJ,"1,846,305","3,453,055",15.17
2012,10,NM,"473,122","861,066",11.51
2012,10,NV,"815,761","1,083,628",12.04
2012,10,NY,"3,599,866","6,994,469",18.44
2012,10,OH,"3,320,180","4,866,267",12.06
2012,10,OK,"1,427,362","1,682,052",10.09
2012,10,OR,"1,287,192","1,646,671",10.00
2012,10,PA,"3,571,272","5,254,205",12.80
2012,10,RI,"228,895","436,250",13.66
2012,10,SC,"1,864,095","2,119,044",11.80
2012,10,SD,"289,799","379,771",10.66
2012,10,TN,"2,522,487","2,723,587",10.41
2012,10,TX,"10,215,875","9,870,427",11.16
2012,10,UT,"618,010","969,749",9.59
2012,10,VA,"2,739,183","3,253,902",11.03
2012,10,VT,"160,947","310,263",17.51
2012,10,WA,"2,316,701","2,875,823",8.68
2012,10,WI,"1,520,968","2,611,690",13.43
2012,10,WV,"751,358","864,143",10.18
2012,10,WY,"184,522","262,605",10.36
2012,9,AK,"150,408","276,180",17.34
2012,9,AL,"2,723,239","2,153,901",11.76
2012,9,AR,"1,752,970","1,333,505",9.80
2012,9,AZ,"3,392,709","2,580,950",11.66
2012,9,CA,"8,888,882","12,876,065",16.82
2012,9,CO,"1,546,226","2,150,673",12.11
2012,9,CT,"1,107,472","1,453,234",17.24
2012,9,DC,"161,781","231,194",12.22
2012,9,DE,"340,168","400,441",13.74
2012,9,FL,"11,003,723","8,519,484",11.60
2012,9,GA,"4,874,765","4,076,104",11.87
2012,9,HI,"218,563","419,744",37.21
2012,9,IA,"989,470","1,334,203",11.38
2012,9,ID,"534,996","674,514",8.31
2012,9,IL,"3,825,407","5,082,851",11.36
2012,9,IN,"2,407,527","2,755,833",10.92
2012,9,KS,"1,125,323","1,217,216",11.52
2012,9,KY,"2,033,628","1,926,029",9.83
2012,9,LA,"3,042,258","1,996,663",8.56
2012,9,MA,"1,732,083","2,699,728",15.20
2012,9,MD,"2,126,338","2,215,413",13.17
2012,9,ME,"329,855","704,644",14.81
2012,9,MI,"2,447,341","4,238,382",14.37
2012,9,MN,"1,548,426","2,317,229",12.09
2012,9,MO,"2,587,365","2,701,278",10.46
2012,9,MS,"1,827,188","1,257,212",9.98
2012,9,MT,"318,124","471,857",10.74
2012,9,NC,"4,507,800","4,236,983",11.52
2012,9,ND,"274,339","344,512",10.47
2012,9,NE,"704,674","806,211",11.50
2012,9,NH,"383,757","603,242",15.88
2012,9,NJ,"2,407,617","3,465,680",15.57
2012,9,NM,"587,666","859,696",11.98
2012,9,NV,"1,244,334","1,083,151",11.58
2012,9,NY,"4,764,353","6,994,502",18.52
2012,9,OH,"3,720,967","4,857,804",12.27
2012,9,OK,"2,000,477","1,682,209",10.13
2012,9,OR,"1,209,194","1,641,865",10.00
2012,9,PA,"4,382,671","5,255,583",12.57
2012,9,RI,"244,671","436,974",15.09
2012,9,SC,"2,464,500","2,115,941",11.85
2012,9,SD,"331,982","378,814",10.85
2012,9,TN,"3,653,813","2,726,779",10.18
2012,9,TX,"14,009,275","9,790,348",11.11
2012,9,UT,"752,446","969,059",10.23
2012,9,VA,"3,348,172","3,252,129",11.10
2012,9,VT,"143,702","310,368",16.38
2012,9,WA,"2,153,773","2,842,209",8.79
2012,9,WI,"1,578,147","2,609,159",13.83
2012,9,WV,"747,376","863,834",10.04
2012,9,WY,"179,401","261,871",10.38
2012,8,AK,"149,804","276,541",19.07
2012,8,AL,"3,274,569","2,155,738",11.71
2012,8,AR,"2,157,383","1,335,922",9.69
2012,8,AZ,"4,303,760","2,576,976",11.83
2012,8,CA,"9,781,833","13,566,441",16.46
2012,8,CO,"1,905,389","2,152,962",12.15
2012,8,CT,"1,372,378","1,452,830",17.12
2012,8,DC,"241,976","230,291",12.23
2012,8,DE,"543,176","400,435",13.57
2012,8,FL,"12,409,045","8,656,913",11.49
2012,8,GA,"5,818,386","4,077,850",12.18
2012,8,HI,"237,271","419,633",37.18
2012,8,IA,"1,332,028","1,337,524",12.03
2012,8,ID,"716,121","673,874",9.77
2012,8,IL,"5,149,124","5,140,065",10.78
2012,8,IN,"3,288,694","2,749,414",10.44
2012,8,KS,"1,609,989","1,220,409",11.72
2012,8,KY,"2,700,956","1,927,641",9.45
2012,8,LA,"3,441,587","2,002,363",8.29
2012,8,MA,"2,189,968","2,697,769",14.16
2012,8,MD,"2,803,383","2,213,960",13.09
2012,8,ME,"409,674","704,506",14.66
2012,8,MI,"3,307,878","4,247,455",14.53
2012,8,MN,"1,974,629","2,324,018",12.18
2012,8,MO,"3,743,754","2,706,511",11.49
2012,8,MS,"2,063,264","1,260,124",9.95
2012,8,MT,"415,627","473,393",10.52
2012,8,NC,"5,723,469","4,237,623",11.23
2012,8,ND,"327,237","343,649",10.27
2012,8,NE,"1,014,228","811,193",11.24
2012,8,NH,"451,779","603,128",15.59
2012,8,NJ,"3,588,417","3,458,509",15.81
2012,8,NM,"726,647","859,972",12.49
2012,8,NV,"1,706,466","1,080,290",11.46
2012,8,NY,"5,652,107","6,991,800",18.12
2012,8,OH,"5,472,228","4,864,795",12.14
2012,8,OK,"2,792,807","1,683,669",9.70
2012,8,OR,"1,451,400","1,644,229",10.01
2012,8,PA,"5,144,135","5,258,703",12.68
2012,8,RI,"361,936","436,374",14.00
2012,8,SC,"3,089,731","2,119,376",12.14
2012,8,SD,"402,543","379,296",10.60
2012,8,TN,"4,401,454","2,734,974",10.00
2012,8,TX,"16,932,276","9,890,825",10.96
2012,8,UT,"1,086,205","968,256",10.66
2012,8,VA,"4,448,196","3,252,732",11.25
2012,8,VT,"192,901","310,074",16.38
2012,8,WA,"2,482,497","2,870,049",8.72
2012,8,WI,"1,950,829","2,612,294",13.50
2012,8,WV,"988,295","864,664",9.85
2012,8,WY,"211,617","262,983",10.27
2012,7,AK,"150,693","275,728",19.44
2012,7,AL,"3,578,273","2,151,766",11.58
2012,7,AR,"2,072,491","1,333,665",9.62
2012,7,AZ,"4,137,424","2,569,650",11.86
2012,7,CA,"8,137,821","13,110,197",15.22
2012,7,CO,"1,971,888","2,148,540",12.32
2012,7,CT,"1,362,930","1,453,090",17.08
2012,7,DC,"263,529","231,062",12.26
2012,7,DE,"577,684","399,980",13.32
2012,7,FL,"12,038,772","8,496,039",11.31
2012,7,GA,"6,387,872","4,074,388",12.13
2012,7,HI,"232,928","419,470",37.84
2012,7,IA,"1,731,573","1,334,602",11.54
2012,7,ID,"705,172","673,128",9.75
2012,7,IL,"6,329,758","5,083,848",10.81
2012,7,IN,"4,049,005","2,756,796",9.94
2012,7,KS,"1,950,803","1,224,274",11.74
2012,7,KY,"3,024,254","1,925,021",9.27
2012,7,LA,"3,434,303","2,000,043",8.38
2012,7,MA,"2,144,631","2,703,695",14.58
2012,7,MD,"3,062,506","2,209,809",12.88
2012,7,ME,"401,824","704,131",14.63
2012,7,MI,"4,366,986","4,241,951",15.06
2012,7,MN,"2,465,145","2,319,883",11.84
2012,7,MO,"4,487,402","2,701,364",11.31
2012,7,MS,"2,035,950","1,258,899",10.14
2012,7,MT,"386,249","472,020",10.60
2012,7,NC,"6,313,813","4,234,119",11.03
2012,7,ND,"368,681","342,270",10.00
2012,7,NE,"1,165,407","806,344",11.38
2012,7,NH,"418,284","602,781",15.81
2012,7,NJ,"3,818,692","3,470,239",16.12
2012,7,NM,"714,952","858,837",12.19
2012,7,NV,"1,686,223","1,084,146",11.52
2012,7,NY,"5,485,306","6,987,428",18.38
2012,7,OH,"6,000,440","4,864,226",12.16
2012,7,OK,"3,069,566","1,681,281",9.12
2012,7,OR,"1,414,289","1,641,939",10.01
2012,7,PA,"5,392,296","5,255,426",12.62
2012,7,RI,"354,217","437,056",13.90
2012,7,SC,"3,374,249","2,116,764",11.48
2012,7,SD,"433,235","378,230",10.59
2012,7,TN,"4,522,619","2,728,853",10.14
2012,7,TX,"16,050,086","9,867,734",10.87
2012,7,UT,"1,082,838","965,812",10.68
2012,7,VA,"4,900,535","3,250,248",11.42
2012,7,VT,"185,931","310,857",16.77
2012,7,WA,"2,514,488","2,855,662",8.70
2012,7,WI,"2,618,190","2,611,117",13.28
2012,7,WV,"990,881","864,312",9.88
2012,7,WY,"215,987","261,010",10.38
2012,6,AK,"147,795","276,066",18.10
2012,6,AL,"2,948,331","2,151,504",11.56
2012,6,AR,"1,630,677","1,332,764",9.58
2012,6,AZ,"3,725,835","2,571,453",11.90
2012,6,CA,"7,148,505","13,105,255",15.92
2012,6,CO,"1,596,881","2,148,159",12.01
2012,6,CT,"979,441","1,453,694",17.30
2012,6,DC,"179,048","230,856",13.18
2012,6,DE,"380,900","399,894",13.98
2012,6,FL,"10,728,113","8,568,460",11.49
2012,6,GA,"4,993,363","4,073,105",11.88
2012,6,HI,"220,413","419,760",40.16
2012,6,IA,"1,247,806","1,332,879",11.32
2012,6,ID,"563,428","672,271",9.04
2012,6,IL,"4,530,627","5,093,198",11.24
2012,6,IN,"2,983,906","2,753,463",10.54
2012,6,KS,"1,470,738","1,218,349",11.69
2012,6,KY,"2,296,555","1,925,027",9.48
2012,6,LA,"3,008,560","1,998,408",8.01
2012,6,MA,"1,620,840","2,709,421",15.48
2012,6,MD,"2,201,600","2,209,342",13.14
2012,6,ME,"400,000","703,931",14.21
2012,6,MI,"3,087,558","4,243,646",14.13
2012,6,MN,"1,851,519","2,315,788",11.79
2012,6,MO,"3,231,664","2,698,472",11.53
2012,6,MS,"1,704,695","1,257,726",10.26
2012,6,MT,"331,093","471,672",10.43
2012,6,NC,"4,751,826","4,230,422",11.00
2012,6,ND,"269,452","341,212",10.57
2012,6,NE,"860,124","805,109",10.71
2012,6,NH,"324,235","602,625",16.51
2012,6,NJ,"2,701,405","3,450,659",15.67
2012,6,NM,"616,848","858,692",12.08
2012,6,NV,"1,326,994","1,081,312",11.80
2012,6,NY,"4,135,254","7,258,348",18.31
2012,6,OH,"4,569,853","4,863,736",12.24
2012,6,OK,"2,273,547","1,679,101",9.50
2012,6,OR,"1,261,147","1,640,651",9.92
2012,6,PA,"4,158,453","5,256,194",12.89
2012,6,RI,"248,966","437,860",15.32
2012,6,SC,"2,564,401","2,113,992",12.32
2012,6,SD,"329,053","377,673",10.47
2012,6,TN,"3,426,874","2,725,167",10.24
2012,6,TX,"13,993,383","9,838,845",10.97
2012,6,UT,"813,768","965,151",10.35
2012,6,VA,"3,549,774","3,245,995",11.84
2012,6,VT,"157,145","308,648",16.93
2012,6,WA,"2,395,877","2,846,052",8.70
2012,6,WI,"1,994,383","2,611,665",13.36
2012,6,WV,"810,469","864,157",9.92
2012,6,WY,"191,008","260,547",10.22
2012,5,AK,"149,709","273,764",18.43
2012,5,AL,"2,439,010","2,149,845",11.14
2012,5,AR,"1,198,146","1,331,607",9.14
2012,5,AZ,"2,737,507","2,570,971",11.88
2012,5,CA,"6,579,552","13,314,166",15.02
2012,5,CO,"1,267,879","2,147,001",11.27
2012,5,CT,"845,478","1,454,560",17.71
2012,5,DC,"136,740","231,894",12.39
2012,5,DE,"285,801","399,345",14.37
2012,5,FL,"9,281,449","9,230,039",11.00
2012,5,GA,"4,166,235","4,070,517",11.08
2012,5,HI,"225,192","419,583",38.21
2012,5,IA,"950,040","1,333,531",10.98
2012,5,ID,"537,796","672,137",8.39
2012,5,IL,"3,205,656","5,099,561",12.73
2012,5,IN,"2,435,464","2,751,859",10.85
2012,5,KS,"1,032,283","1,219,257",11.28
2012,5,KY,"1,899,775","1,921,098",9.72
2012,5,LA,"2,226,016","1,995,299",8.48
2012,5,MA,"1,395,023","2,696,881",15.39
2012,5,MD,"1,767,316","2,210,128",12.95
2012,5,ME,"320,183","703,395",14.41
2012,5,MI,"2,541,057","4,243,667",14.39
2012,5,MN,"1,522,325","2,316,661",11.30
2012,5,MO,"2,466,005","2,697,712",10.90
2012,5,MS,"1,293,534","1,256,652",10.37
2012,5,MT,"326,337","472,961",10.13
2012,5,NC,"4,003,049","4,227,428",10.80
2012,5,ND,"272,084","340,667",9.60
2012,5,NE,"631,768","805,557",9.68
2012,5,NH,"299,617","602,463",16.53
2012,5,NJ,"1,976,263","3,447,645",15.93
2012,5,NM,"483,353","858,643",11.04
2012,5,NV,"978,674","1,079,199",12.10
2012,5,NY,"3,548,281","6,985,454",17.33
2012,5,OH,"3,693,713","4,871,011",11.85
2012,5,OK,"1,788,865","1,677,694",9.53
2012,5,OR,"1,317,302","1,642,101",9.86
2012,5,PA,"3,485,238","5,262,540",12.99
2012,5,RI,"217,173","425,560",14.41
2012,5,SC,"2,156,744","2,112,352",11.40
2012,5,SD,"288,312","377,873",10.61
2012,5,TN,"2,725,437","2,721,226",10.24
2012,5,TX,"10,826,491","9,817,846",10.84
2012,5,UT,"640,003","964,480",9.87
2012,5,VA,"3,123,845","3,244,509",11.50
2012,5,VT,"162,966","309,362",16.41
2012,5,WA,"2,574,153","2,857,533",8.52
2012,5,WI,"1,570,989","2,603,849",13.35
2012,5,WV,"720,917","864,498",10.48
2012,5,WY,"178,369","260,107",10.08
2012,4,AK,"169,842","274,973",17.64
2012,4,AL,"1,925,574","2,148,819",11.56
2012,4,AR,"1,048,884","1,330,280",9.35
2012,4,AZ,"2,016,944","2,578,392",11.17
2012,4,CA,"6,235,682","12,872,943",14.66
2012,4,CO,"1,226,445","2,145,534",11.04
2012,4,CT,"853,337","1,455,452",17.64
2012,4,DC,"104,574","231,783",12.49
2012,4,DE,"280,221","399,470",13.93
2012,4,FL,"8,027,486","8,873,005",11.42
2012,4,GA,"3,401,692","4,068,308",10.77
2012,4,HI,"220,955","419,353",37.51
2012,4,IA,"878,660","1,332,743",11.23
2012,4,ID,"585,167","671,727",8.16
2012,4,IL,"2,722,093","5,106,924",12.45
2012,4,IN,"1,882,905","2,754,694",11.56
2012,4,KS,"776,252","1,214,521",11.15
2012,4,KY,"1,579,684","1,921,662",9.63
2012,4,LA,"1,920,631","1,992,478",8.38
2012,4,MA,"1,366,005","2,679,806",14.80
2012,4,MD,"1,642,551","2,211,608",12.90
2012,4,ME,"305,160","703,351",14.46
2012,4,MI,"2,190,003","4,242,792",13.69
2012,4,MN,"1,506,555","2,307,220",11.14
2012,4,MO,"1,895,266","2,697,331",10.06
2012,4,MS,"1,105,509","1,255,186",10.66
2012,4,MT,"365,876","473,003",9.86
2012,4,NC,"3,105,049","4,224,801",11.42
2012,4,ND,"303,209","339,680",9.22
2012,4,NE,"580,980","804,844",9.95
2012,4,NH,"324,270","600,002",16.45
2012,4,NJ,"1,736,135","3,459,113",15.91
2012,4,NM,"446,219","857,611",10.77
2012,4,NV,"653,785","1,077,360",12.40
2012,4,NY,"3,394,313","6,985,148",16.70
2012,4,OH,"3,107,403","4,873,497",11.93
2012,4,OK,"1,284,288","1,676,498",10.31
2012,4,OR,"1,499,891","1,641,180",9.73
2012,4,PA,"3,511,820","5,264,727",12.97
2012,4,RI,"213,108","437,829",13.15
2012,4,SC,"1,679,110","2,108,672",11.94
2012,4,SD,"309,095","383,642",10.22
2012,4,TN,"2,469,842","2,717,097",10.11
2012,4,TX,"8,666,929","9,767,384",11.02
2012,4,UT,"594,275","963,111",9.47
2012,4,VA,"2,459,102","3,242,302",11.38
2012,4,VT,"144,417","307,571",16.87
2012,4,WA,"3,014,431","2,846,471",8.46
2012,4,WI,"1,481,147","2,612,407",13.36
2012,4,WV,"695,537","865,722",9.84
2012,4,WY,"194,902","260,940",9.74
2012,3,AK,"188,562","274,505",17.97
2012,3,AL,"2,038,448","2,147,869",11.48
2012,3,AR,"1,255,879","1,330,205",8.99
2012,3,AZ,"1,902,542","2,591,377",10.44
2012,3,CA,"6,855,420","13,298,574",14.70
2012,3,CO,"1,369,266","2,146,669",10.84
2012,3,CT,"1,012,959","1,455,908",17.16
2012,3,DC,"132,630","231,019",12.20
2012,3,DE,"337,619","399,595",13.52
2012,3,FL,"7,909,164","8,560,329",11.09
2012,3,GA,"3,708,416","4,065,533",10.58
2012,3,HI,"233,311","419,318",37.05
2012,3,IA,"1,102,730","1,334,397",10.26
2012,3,ID,"726,501","671,605",8.18
2012,3,IL,"3,218,695","5,107,765",11.97
2012,3,IN,"2,340,106","2,755,509",10.85
2012,3,KS,"880,569","1,214,761",10.81
2012,3,KY,"1,813,952","1,924,030",9.47
2012,3,LA,"1,961,205","1,991,272",8.40
2012,3,MA,"1,576,553","2,706,153",15.72
2012,3,MD,"1,939,986","2,212,981",12.86
2012,3,ME,"369,075","703,154",14.28
2012,3,MI,"2,608,727","4,275,607",13.63
2012,3,MN,"1,796,616","2,317,778",10.94
2012,3,MO,"2,377,485","2,700,134",9.33
2012,3,MS,"1,212,539","1,254,477",10.62
2012,3,MT,"434,315","473,076",9.70
2012,3,NC,"3,924,685","4,222,935",11.00
2012,3,ND,"394,546","342,059",8.43
2012,3,NE,"790,819","805,215",9.16
2012,3,NH,"365,569","600,594",16.33
2012,3,NJ,"1,878,055","3,450,091",15.86
2012,3,NM,"515,736","858,669",10.71
2012,3,NV,"728,122","1,077,834",12.16
2012,3,NY,"3,791,742","6,986,770",16.64
2012,3,OH,"3,784,877","4,878,003",11.35
2012,3,OK,"1,421,132","1,675,459",9.87
2012,3,OR,"1,844,311","1,642,068",9.66
2012,3,PA,"4,154,080","5,293,985",12.77
2012,3,RI,"236,959","437,105",14.82
2012,3,SC,"1,909,286","2,108,587",12.04
2012,3,SD,"391,437","377,264",9.49
2012,3,TN,"2,870,892","2,716,921",9.83
2012,3,TX,"8,584,699","9,744,217",11.01
2012,3,UT,"644,755","961,712",9.36
2012,3,VA,"3,159,124","3,242,369",11.09
2012,3,VT,"170,715","307,211",16.76
2012,3,WA,"3,660,591","2,863,478",8.35
2012,3,WI,"1,694,549","2,605,260",13.10
2012,3,WV,"885,759","868,839",9.85
2012,3,WY,"255,975","260,575",9.40
2012,2,AK,"217,108","274,357",17.44
2012,2,AL,"2,298,910","2,145,282",11.21
2012,2,AR,"1,460,875","1,328,704",8.68
2012,2,AZ,"1,906,415","2,596,418",10.26
2012,2,CA,"6,724,117","12,858,851",14.56
2012,2,CO,"1,454,017","2,145,083",10.76
2012,2,CT,"1,097,893","1,456,821",17.09
2012,2,DC,"167,462","230,649",12.21
2012,2,DE,"380,950","399,303",13.17
2012,2,FL,"7,502,607","8,459,055",11.33
2012,2,GA,"3,979,107","4,059,465",10.61
2012,2,HI,"212,891","419,159",36.80
2012,2,IA,"1,214,368","1,332,883",9.77
2012,2,ID,"786,877","671,184",8.09
2012,2,IL,"3,630,596","5,111,627",11.45
2012,2,IN,"2,787,986","2,753,303",10.18
2012,2,KS,"957,289","1,214,233",10.71
2012,2,KY,"2,245,777","1,919,432",9.07
2012,2,LA,"2,073,230","1,986,888",8.40
2012,2,MA,"1,650,139","2,701,221",15.41
2012,2,MD,"2,294,160","2,210,895",12.55
2012,2,ME,"369,806","702,815",15.07
2012,2,MI,"2,654,167","4,252,775",13.48
2012,2,MN,"1,935,351","2,314,011",10.71
2012,2,MO,"2,827,236","2,696,194",8.90
2012,2,MS,"1,333,165","1,252,362",10.43
2012,2,MT,"480,130","472,801",9.59
2012,2,NC,"4,394,900","4,218,437",10.76
2012,2,ND,"472,928","338,432",8.12
2012,2,NE,"879,990","804,548",8.86
2012,2,NH,"392,398","600,229",16.12
2012,2,NJ,"2,055,974","3,443,569",16.22
2012,2,NM,"559,035","858,550",10.62
2012,2,NV,"704,638","1,075,434",12.55
2012,2,NY,"4,046,413","6,980,088",16.51
2012,2,OH,"4,376,055","4,877,506",11.04
2012,2,OK,"1,625,788","1,673,447",9.48
2012,2,OR,"1,830,086","1,640,586",9.63
2012,2,PA,"4,853,365","5,260,698",12.79
2012,2,RI,"240,379","436,646",14.94
2012,2,SC,"2,152,659","2,105,229",11.64
2012,2,SD,"441,849","376,746",9.26
2012,2,TN,"3,423,841","2,704,522",9.64
2012,2,TX,"9,164,531","9,689,796",11.05
2012,2,UT,"694,142","961,156",9.33
2012,2,VA,"3,751,040","3,242,040",10.89
2012,2,VT,"183,594","307,665",17.07
2012,2,WA,"3,876,416","2,854,694",8.28
2012,2,WI,"1,815,804","2,601,868",12.88
2012,2,WV,"1,113,710","869,357",9.68
2012,2,WY,"283,190","260,176",9.16
2012,1,AK,"235,924","274,206",18.04
2012,1,AL,"2,698,379","2,142,021",10.91
2012,1,AR,"1,659,640","1,327,226",8.41
2012,1,AZ,"2,356,337","2,591,407",10.01
2012,1,CA,"8,024,292","13,054,198",15.29
2012,1,CO,"1,627,594","2,143,006",10.61
2012,1,CT,"1,229,549","1,456,725",17.32
2012,1,DC,"183,554","230,371",11.78
2012,1,DE,"427,288","399,262",13.03
2012,1,FL,"8,438,159","8,462,388",11.55
2012,1,GA,"4,810,470","4,051,900",10.23
2012,1,HI,"251,078","419,050",36.25
2012,1,IA,"1,373,142","1,329,237",9.74
2012,1,ID,"904,566","670,414",8.15
2012,1,IL,"4,152,165","5,092,113",11.21
2012,1,IN,"3,306,755","2,756,805",10.00
2012,1,KS,"1,173,891","1,213,169",10.23
2012,1,KY,"2,633,047","1,926,159",8.98
2012,1,LA,"2,507,894","1,983,905",8.15
2012,1,MA,"1,906,191","2,689,419",15.10
2012,1,MD,"2,644,386","2,212,862",12.48
2012,1,ME,"431,412","702,738",15.02
2012,1,MI,"3,342,965","4,262,150",13.48
2012,1,MN,"2,152,740","2,307,420",10.76
2012,1,MO,"3,275,925","2,696,049",8.66
2012,1,MS,"1,579,008","1,250,640",10.03
2012,1,MT,"520,670","471,652",9.57
2012,1,NC,"5,512,667","4,214,434",10.09
2012,1,ND,"505,520","337,501",7.65
2012,1,NE,"940,507","801,673",8.61
2012,1,NH,"433,650","600,102",16.17
2012,1,NJ,"2,488,863","3,456,195",16.07
2012,1,NM,"614,339","856,917",10.79
2012,1,NV,"904,275","1,078,977",11.38
2012,1,NY,"4,396,791","6,979,058",16.79
2012,1,OH,"5,327,320","4,874,801",11.08
2012,1,OK,"1,919,978","1,671,220",8.70
2012,1,OR,"2,134,647","1,636,333",9.58
2012,1,PA,"5,433,928","5,256,015",12.82
2012,1,RI,"269,091","430,138",14.75
2012,1,SC,"2,697,040","2,101,388",11.15
2012,1,SD,"460,609","375,917",9.22
2012,1,TN,"3,809,064","2,710,864",9.80
2012,1,TX,"10,866,402","9,678,756",10.77
2012,1,UT,"799,140","959,799",9.23
2012,1,VA,"4,492,532","3,237,709",10.45
2012,1,VT,"212,340","307,583",16.52
2012,1,WA,"4,079,777","2,824,129",8.37
2012,1,WI,"2,090,821","2,608,126",12.66
2012,1,WV,"1,326,936","868,792",9.49
2012,1,WY,"318,224","259,602",9.12
2011,12,AK,"227,496","274,383",17.89
2011,12,AL,"2,599,928","2,146,969",10.87
2011,12,AR,"1,412,709","1,329,360",8.64
2011,12,AZ,"2,445,373","2,599,642",9.98
2011,12,CA,"7,744,684","13,249,929",14.78
2011,12,CO,"1,645,916","2,148,583",10.77
2011,12,CT,"1,069,477","1,458,211",18.16
2011,12,DC,"161,712","230,384",12.24
2011,12,DE,"343,614","398,634",13.52
2011,12,FL,"7,757,046","8,616,966",11.47
2011,12,GA,"4,277,480","4,063,097",10.21
2011,12,HI,"240,744","418,535",36.20
2011,12,IA,"1,378,009","1,333,763",9.66
2011,12,ID,"939,839","670,182",7.43
2011,12,IL,"3,863,671","5,104,653",11.14
2011,12,IN,"2,979,136","2,753,693",9.85
2011,12,KS,"1,158,354","1,217,146",9.98
2011,12,KY,"2,335,312","1,923,161",9.22
2011,12,LA,"2,205,798","1,981,855",8.18
2011,12,MA,"1,721,415","2,676,354",15.20
2011,12,MD,"2,232,806","2,209,280",12.76
2011,12,ME,"403,196","701,442",15.26
2011,12,MI,"3,208,353","4,210,058",13.32
2011,12,MN,"2,061,582","2,312,659",10.32
2011,12,MO,"3,086,927","2,689,741",8.68
2011,12,MS,"1,399,951","1,252,742",10.08
2011,12,MT,"515,119","471,964",9.58
2011,12,NC,"4,631,366","4,218,760",10.08
2011,12,ND,"488,853","335,145",8.41
2011,12,NE,"956,780","811,532",8.43
2011,12,NH,"361,216","599,479",16.67
2011,12,NJ,"2,151,737","3,458,362",15.97
2011,12,NM,"652,512","857,950",10.58
2011,12,NV,"864,655","1,073,030",11.07
2011,12,NY,"4,053,918","7,000,836",17.26
2011,12,OH,"4,891,532","4,873,318",10.95
2011,12,OK,"1,958,041","1,671,601",8.34
2011,12,OR,"2,171,477","1,636,953",9.57
2011,12,PA,"4,694,216","5,250,189",13.17
2011,12,RI,"260,327","423,721",14.33
2011,12,SC,"2,356,751","2,107,344",11.28
2011,12,SD,"437,247","375,466",9.18
2011,12,TN,"3,329,996","2,703,894",10.19
2011,12,TX,"10,249,018","9,660,630",10.89
2011,12,UT,"832,018","955,976",8.95
2011,12,VA,"3,989,579","3,237,342",10.48
2011,12,VT,"203,498","308,119",16.20
2011,12,WA,"3,893,262","2,852,963",8.38
2011,12,WI,"2,047,887","2,609,354",12.78
2011,12,WV,"1,151,372","868,264",9.47
2011,12,WY,"298,118","260,174",9.18
2011,11,AK,"199,061","274,722",17.93
2011,11,AL,"2,062,237","2,141,315",11.15
2011,11,AR,"1,073,649","1,328,140",9.29
2011,11,AZ,"1,792,654","2,583,912",10.31
2011,11,CA,"6,455,022","12,840,245",14.87
2011,11,CO,"1,377,644","2,146,247",11.01
2011,11,CT,"882,661","1,457,549",18.50
2011,11,DC,"120,770","229,783",11.86
2011,11,DE,"288,266","398,451",13.92
2011,11,FL,"7,434,864","8,736,189",11.56
2011,11,GA,"3,349,002","4,059,237",10.45
2011,11,HI,"231,662","418,784",36.56
2011,11,IA,"1,004,538","1,330,713",10.30
2011,11,ID,"746,242","669,121",7.86
2011,11,IL,"3,154,583","5,081,248",12.38
2011,11,IN,"2,287,538","2,744,398",10.29
2011,11,KS,"862,748","1,216,016",10.45
2011,11,KY,"1,730,740","1,922,181",9.41
2011,11,LA,"1,821,121","1,980,306",8.62
2011,11,MA,"1,457,977","2,782,000",14.49
2011,11,MD,"1,739,580","2,207,746",12.72
2011,11,ME,"335,280","701,519",15.35
2011,11,MI,"2,528,406","4,209,891",12.95
2011,11,MN,"1,669,840","2,310,508",10.62
2011,11,MO,"2,260,110","2,689,531",9.22
2011,11,MS,"1,127,099","1,251,322",10.56
2011,11,MT,"384,653","470,592",9.80
2011,11,NC,"3,745,323","4,207,221",10.35
2011,11,ND,"378,486","333,815",8.66
2011,11,NE,"666,175","809,992",9.04
2011,11,NH,"324,072","598,468",16.65
2011,11,NJ,"1,719,778","3,467,928",16.15
2011,11,NM,"470,930","857,049",10.29
2011,11,NV,"599,103","1,072,382",11.75
2011,11,NY,"3,620,782","6,991,865",17.93
2011,11,OH,"3,647,618","4,868,762",11.70
2011,11,OK,"1,390,477","1,669,448",9.51
2011,11,OR,"1,692,292","1,635,172",9.70
2011,11,PA,"3,735,076","5,247,402",13.46
2011,11,RI,"230,465","435,282",13.19
2011,11,SC,"1,897,216","2,103,622",11.39
2011,11,SD,"340,431","375,006",9.61
2011,11,TN,"2,636,629","2,705,484",10.15
2011,11,TX,"8,100,960","9,635,137",11.19
2011,11,UT,"624,138","952,740",8.98
2011,11,VA,"3,074,933","3,234,968",10.85
2011,11,VT,"157,219","308,922",16.59
2011,11,WA,"2,962,923","2,832,527",8.44
2011,11,WI,"1,693,412","2,600,025",13.08
2011,11,WV,"896,624","867,442",9.65
2011,11,WY,"237,488","259,006",9.54
2011,10,AK,"162,229","275,067",18.20
2011,10,AL,"2,016,542","2,146,171",11.73
2011,10,AR,"1,149,430","1,330,685",9.41
2011,10,AZ,"2,391,502","2,574,093",11.08
2011,10,CA,"7,088,168","13,034,221",14.16
2011,10,CO,"1,337,516","2,144,725",11.04
2011,10,CT,"887,850","1,455,336",18.57
2011,10,DC,"118,282","229,296",13.27
2011,10,DE,"290,643","398,200",14.10
2011,10,FL,"9,234,738","8,501,534",11.51
2011,10,GA,"3,504,872","4,057,818",10.85
2011,10,HI,"244,605","417,819",36.71
2011,10,IA,"858,039","1,330,459",11.05
2011,10,ID,"535,974","668,430",7.87
2011,10,IL,"2,931,398","5,092,448",12.85
2011,10,IN,"2,059,581","2,740,778",11.08
2011,10,KS,"825,283","1,214,378",10.55
2011,10,KY,"1,599,993","1,925,619",9.69
2011,10,LA,"2,339,865","1,981,267",9.45
2011,10,MA,"1,439,315","2,684,345",13.98
2011,10,MD,"1,729,721","2,207,022",13.19
2011,10,ME,"320,820","701,122",15.40
2011,10,MI,"2,171,967","4,210,065",13.75
2011,10,MN,"1,480,691","2,311,474",11.28
2011,10,MO,"1,971,891","2,688,377",10.02
2011,10,MS,"1,294,835","1,252,783",10.33
2011,10,MT,"317,021","469,950",10.26
2011,10,NC,"3,386,226","4,205,168",11.17
2011,10,ND,"287,300","332,830",9.33
2011,10,NE,"588,395","809,403",9.62
2011,10,NH,"325,195","600,921",16.66
2011,10,NJ,"1,879,567","3,450,930",15.95
2011,10,NM,"457,196","857,250",12.84
2011,10,NV,"769,452","1,070,106",11.38
2011,10,NY,"3,743,979","6,992,180",18.78
2011,10,OH,"3,201,722","4,866,468",11.97
2011,10,OK,"1,398,500","1,669,685",10.44
2011,10,OR,"1,298,094","1,634,328",9.78
2011,10,PA,"3,619,715","5,244,602",13.65
2011,10,RI,"225,108","436,469",12.43
2011,10,SC,"1,819,959","2,104,364",11.49
2011,10,SD,"286,402","375,046",10.15
2011,10,TN,"2,536,840","2,707,553",10.38
2011,10,TX,"10,291,559","9,673,150",11.23
2011,10,UT,"679,587","950,036",9.35
2011,10,VA,"2,675,594","3,231,335",11.12
2011,10,VT,"148,406","309,260",17.14
2011,10,WA,"2,277,837","2,836,127",8.45
2011,10,WI,"1,510,955","2,601,033",13.29
2011,10,WV,"697,379","866,956",10.04
2011,10,WY,"177,382","259,142",10.08
2011,9,AK,"149,359","275,406",18.34
2011,9,AL,"2,760,763","2,147,079",11.56
2011,9,AR,"1,764,355","1,332,315",9.64
2011,9,AZ,"3,606,677","2,568,917",11.53
2011,9,CA,"8,822,652","13,056,825",14.80
2011,9,CO,"1,570,220","2,142,761",11.98
2011,9,CT,"1,036,904","1,455,778",18.05
2011,9,DC,"150,285","228,450",13.22
2011,9,DE,"410,857","398,362",13.94
2011,9,FL,"11,954,372","8,586,864",11.59
2011,9,GA,"5,271,666","4,060,507",11.57
2011,9,HI,"240,150","418,223",37.53
2011,9,IA,"969,657","1,331,423",11.40
2011,9,ID,"576,532","668,458",6.73
2011,9,IL,"3,690,000","5,083,700",12.76
2011,9,IN,"2,404,310","2,743,032",10.76
2011,9,KS,"1,126,980","1,216,317",11.02
2011,9,KY,"2,072,773","1,926,808",9.66
2011,9,LA,"3,306,196","1,983,525",9.49
2011,9,MA,"1,686,453","2,684,602",15.58
2011,9,MD,"2,113,845","2,206,652",13.38
2011,9,ME,"327,286","701,802",15.40
2011,9,MI,"2,355,484","4,271,257",13.50
2011,9,MN,"1,589,584","2,313,049",11.77
2011,9,MO,"2,667,754","2,691,511",10.31
2011,9,MS,"1,927,384","1,254,564",9.98
2011,9,MT,"328,866","469,048",10.44
2011,9,NC,"4,738,498","4,229,310",10.95
2011,9,ND,"281,175","331,033",10.12
2011,9,NE,"702,067","809,611",11.00
2011,9,NH,"377,520","601,167",16.49
2011,9,NJ,"2,682,310","3,459,686",16.18
2011,9,NM,"595,182","856,598",11.36
2011,9,NV,"1,268,352","1,071,977",11.52
2011,9,NY,"4,600,368","6,993,392",18.84
2011,9,OH,"3,898,353","4,863,105",12.07
2011,9,OK,"1,878,723","1,671,684",11.05
2011,9,OR,"1,303,176","1,634,476",9.79
2011,9,PA,"4,223,857","5,259,004",13.91
2011,9,RI,"262,549","435,583",14.53
2011,9,SC,"2,654,285","2,110,794",11.77
2011,9,SD,"323,304","375,290",10.27
2011,9,TN,"3,836,649","2,712,790",10.22
2011,9,TX,"15,104,071","9,683,774",11.16
2011,9,UT,"773,599","948,595",9.43
2011,9,VA,"3,483,174","3,231,386",11.23
2011,9,VT,"160,540","309,951",16.32
2011,9,WA,"2,228,195","2,847,200",8.52
2011,9,WI,"1,533,304","2,608,976",13.70
2011,9,WV,"747,754","865,391",9.89
2011,9,WY,"181,128","258,989",9.61
2011,8,AK,"149,470","275,281",18.42
2011,8,AL,"3,770,514","2,148,603",11.41
2011,8,AR,"2,256,786","1,332,718",9.61
2011,8,AZ,"4,479,791","2,565,113",11.67
2011,8,CA,"9,083,999","13,323,380",15.15
2011,8,CO,"1,910,094","2,145,982",12.16
2011,8,CT,"1,346,958","1,455,528",17.77
2011,8,DC,"239,882","227,805",13.06
2011,8,DE,"511,591","398,490",13.69
2011,8,FL,"12,821,557","8,672,860",11.62
2011,8,GA,"6,747,121","4,061,768",12.12
2011,8,HI,"253,586","417,777",36.98
2011,8,IA,"1,394,041","1,331,437",11.22
2011,8,ID,"651,491","667,035",8.62
2011,8,IL,"5,168,270","5,082,645",11.55
2011,8,IN,"3,476,350","2,738,252",10.04
2011,8,KS,"1,779,700","1,220,858",11.29
2011,8,KY,"2,917,953","1,931,511",9.19
2011,8,LA,"3,644,679","1,985,875",9.41
2011,8,MA,"1,981,664","2,687,285",15.09
2011,8,MD,"2,739,909","2,206,470",13.32
2011,8,ME,"387,184","702,133",15.27
2011,8,MI,"3,663,378","4,283,333",14.13
2011,8,MN,"2,105,175","2,313,187",11.61
2011,8,MO,"4,048,245","2,693,659",11.36
2011,8,MS,"2,196,582","1,255,476",10.06
2011,8,MT,"376,174","469,701",10.34
2011,8,NC,"6,271,955","4,205,617",10.43
2011,8,ND,"317,251","329,225",10.14
2011,8,NE,"1,025,808","808,176",10.67
2011,8,NH,"419,933","601,635",16.44
2011,8,NJ,"3,360,476","3,456,416",16.68
2011,8,NM,"742,068","856,682",12.32
2011,8,NV,"1,600,821","1,069,163",11.52
2011,8,NY,"5,406,845","6,991,223",19.25
2011,8,OH,"5,511,567","4,869,693",12.14
2011,8,OK,"3,179,850","1,672,246",9.85
2011,8,OR,"1,410,595","1,634,188",9.78
2011,8,PA,"5,263,950","5,247,065",13.63
2011,8,RI,"305,516","423,395",14.28
2011,8,SC,"3,442,800","2,107,130",11.16
2011,8,SD,"405,298","375,251",9.91
2011,8,TN,"4,786,787","2,716,955",10.13
2011,8,TX,"18,620,657","9,709,848",11.15
2011,8,UT,"984,579","944,723",9.55
2011,8,VA,"4,551,125","3,230,664",11.40
2011,8,VT,"183,304","309,993",16.35
2011,8,WA,"2,439,460","2,849,686",8.40
2011,8,WI,"2,118,312","2,603,053",13.13
2011,8,WV,"1,080,240","867,598",9.69
2011,8,WY,"207,394","259,045",9.44
2011,7,AK,"147,505","274,409",18.92
2011,7,AL,"3,640,453","2,144,773",11.34
2011,7,AR,"2,175,124","1,329,896",9.56
2011,7,AZ,"4,307,509","2,564,163",11.85
2011,7,CA,"8,191,639","12,979,434",15.70
2011,7,CO,"1,872,748","2,141,661",12.16
2011,7,CT,"1,286,072","1,454,548",18.07
2011,7,DC,"271,544","228,952",13.03
2011,7,DE,"482,866","398,000",13.77
2011,7,FL,"12,079,285","8,578,884",11.61
2011,7,GA,"6,689,299","4,059,980",11.96
2011,7,HI,"250,119","417,194",36.23
2011,7,IA,"1,576,301","1,328,687",11.54
2011,7,ID,"665,323","666,856",8.50
2011,7,IL,"5,911,006","5,101,031",11.91
2011,7,IN,"3,971,034","2,740,431",10.00
2011,7,KS,"1,927,080","1,221,617",11.32
2011,7,KY,"2,946,531","1,925,981",9.24
2011,7,LA,"3,669,964","1,981,873",9.36
2011,7,MA,"2,114,670","2,690,700",14.13
2011,7,MD,"3,094,417","2,206,483",13.11
2011,7,ME,"388,961","701,777",15.11
2011,7,MI,"4,008,491","4,270,011",13.93
2011,7,MN,"2,332,915","2,307,554",11.60
2011,7,MO,"4,341,897","2,692,565",11.20
2011,7,MS,"2,178,136","1,253,799",10.05
2011,7,MT,"363,811","468,517",10.39
2011,7,NC,"6,387,461","4,203,168",10.37
2011,7,ND,"322,198","326,641",9.95
2011,7,NE,"1,019,323","804,702",10.80
2011,7,NH,"402,498","601,194",16.29
2011,7,NJ,"3,853,388","3,463,425",16.35
2011,7,NM,"759,334","855,829",11.79
2011,7,NV,"1,662,839","1,069,730",11.46
2011,7,NY,"5,386,772","6,984,112",19.22
2011,7,OH,"5,970,787","4,862,495",12.33
2011,7,OK,"3,295,699","1,670,401",9.62
2011,7,OR,"1,307,822","1,631,817",9.80
2011,7,PA,"5,398,780","5,245,461",13.56
2011,7,RI,"370,764","435,643",13.06
2011,7,SC,"3,519,657","2,108,527",10.99
2011,7,SD,"389,465","374,315",10.21
2011,7,TN,"4,483,291","2,711,264",10.22
2011,7,TX,"17,285,918","9,632,533",11.16
2011,7,UT,"998,446","943,367",9.44
2011,7,VA,"4,826,815","3,229,125",11.28
2011,7,VT,"190,767","309,346",16.19
2011,7,WA,"2,363,217","2,831,424",8.48
2011,7,WI,"2,428,717","2,603,830",13.27
2011,7,WV,"1,027,287","867,533",9.53
2011,7,WY,"192,974","257,764",9.69
2011,6,AK,"140,448","274,180",18.02
2011,6,AL,"3,318,465","2,145,906",11.29
2011,6,AR,"1,678,755","1,329,942",9.49
2011,6,AZ,"3,300,472","2,564,154",11.77
2011,6,CA,"6,803,685","13,237,265",14.81
2011,6,CO,"1,454,292","2,141,224",11.95
2011,6,CT,"1,023,073","1,455,540",18.36
2011,6,DC,"201,773","229,097",14.12
2011,6,DE,"380,447","397,686",14.12
2011,6,FL,"11,420,555","8,578,920",11.60
2011,6,GA,"5,798,647","4,057,242",11.99
2011,6,HI,"239,009","417,603",35.84
2011,6,IA,"1,154,535","1,329,187",11.07
2011,6,ID,"538,659","666,129",8.45
2011,6,IL,"4,055,735","5,076,312",12.06
2011,6,IN,"2,861,889","2,743,153",10.15
2011,6,KS,"1,466,261","1,216,493",11.15
2011,6,KY,"2,356,439","1,935,281",9.24
2011,6,LA,"3,114,864","1,981,589",9.47
2011,6,MA,"1,615,239","2,688,383",15.12
2011,6,MD,"2,354,996","2,207,457",13.72
2011,6,ME,"364,296","701,523",15.28
2011,6,MI,"2,933,496","4,278,614",13.95
2011,6,MN,"1,741,224","2,309,362",11.43
2011,6,MO,"3,178,138","2,691,758",10.88
2011,6,MS,"1,832,675","1,253,396",10.37
2011,6,MT,"315,682","469,351",10.15
2011,6,NC,"5,644,104","4,199,144",10.13
2011,6,ND,"262,715","329,859",10.30
2011,6,NE,"755,959","805,460",10.45
2011,6,NH,"336,577","600,735",16.81
2011,6,NJ,"2,689,497","3,455,561",16.03
2011,6,NM,"589,761","854,896",11.48
2011,6,NV,"1,017,843","1,068,089",11.55
2011,6,NY,"4,137,928","6,987,857",19.07
2011,6,OH,"4,421,258","4,871,358",12.03
2011,6,OK,"2,634,636","1,666,756",9.71
2011,6,OR,"1,278,933","1,632,740",9.67
2011,6,PA,"4,234,934","5,249,768",13.62
2011,6,RI,"257,168","436,609",14.06
2011,6,SC,"3,075,960","2,102,255",10.72
2011,6,SD,"312,342","374,526",10.29
2011,6,TN,"3,715,752","2,712,811",9.98
2011,6,TX,"14,819,563","9,643,741",11.25
2011,6,UT,"674,162","943,653",9.27
2011,6,VA,"4,141,277","3,222,106",11.04
2011,6,VT,"161,143","310,691",16.28
2011,6,WA,"2,456,894","2,836,672",8.47
2011,6,WI,"1,700,706","2,603,002",13.67
2011,6,WV,"833,992","867,230",9.42
2011,6,WY,"185,931","259,198",9.43
2011,5,AK,"152,378","273,184",17.61
2011,5,AL,"2,365,770","2,127,634",11.25
2011,5,AR,"1,135,195","1,324,767",9.34
2011,5,AZ,"2,294,513","2,566,422",11.77
2011,5,CA,"6,159,201","13,009,709",14.62
2011,5,CO,"1,246,982","2,139,983",11.15
2011,5,CT,"881,392","1,456,487",18.58
2011,5,DC,"127,464","229,766",14.03
2011,5,DE,"266,676","397,667",14.68
2011,5,FL,"9,363,923","8,567,312",11.52
2011,5,GA,"3,988,273","4,050,092",11.31
2011,5,HI,"249,369","417,186",34.58
2011,5,IA,"969,055","1,328,972",10.60
2011,5,ID,"567,666","666,049",8.07
2011,5,IL,"3,107,957","5,088,224",12.37
2011,5,IN,"2,273,077","2,740,156",10.52
2011,5,KS,"909,061","1,216,735",11.04
2011,5,KY,"1,766,681","1,928,836",9.44
2011,5,LA,"2,230,746","1,983,971",9.14
2011,5,MA,"1,362,596","2,670,670",15.00
2011,5,MD,"1,726,792","2,208,261",13.95
2011,5,ME,"321,282","700,438",15.37
2011,5,MI,"2,378,750","4,281,516",13.37
2011,5,MN,"1,568,544","2,307,392",11.23
2011,5,MO,"2,248,620","2,690,904",10.47
2011,5,MS,"1,270,836","1,249,712",10.70
2011,5,MT,"358,818","470,283",9.77
2011,5,NC,"3,649,778","4,191,179",10.45
2011,5,ND,"297,681","330,286",9.08
2011,5,NE,"681,858","804,227",9.11
2011,5,NH,"300,807","600,339",16.90
2011,5,NJ,"2,015,600","3,456,038",16.33
2011,5,NM,"461,187","855,665",10.39
2011,5,NV,"742,042","1,064,573",12.06
2011,5,NY,"3,557,054","6,983,068",18.30
2011,5,OH,"3,666,341","4,876,328",11.58
2011,5,OK,"1,605,169","1,663,458",9.67
2011,5,OR,"1,435,563","1,633,378",9.46
2011,5,PA,"3,602,882","5,252,619",13.48
2011,5,RI,"206,296","436,072",13.48
2011,5,SC,"2,090,411","2,096,493",11.38
2011,5,SD,"319,149","374,000",9.59
2011,5,TN,"2,625,500","2,705,618",10.13
2011,5,TX,"10,221,169","9,611,858",11.27
2011,5,UT,"568,816","944,700",8.92
2011,5,VA,"2,944,002","3,219,564",10.84
2011,5,VT,"157,156","308,934",16.47
2011,5,WA,"2,794,067","2,839,995",8.27
2011,5,WI,"1,551,962","2,598,760",13.11
2011,5,WV,"700,977","867,895",9.81
2011,5,WY,"202,016","257,481",9.12
2011,4,AK,"168,731","272,971",17.44
2011,4,AL,"2,038,147","2,142,230",10.87
2011,4,AR,"1,145,455","1,325,894",9.06
2011,4,AZ,"1,964,429","2,571,245",10.97
2011,4,CA,"6,259,354","12,771,209",14.12
2011,4,CO,"1,272,070","2,138,535",11.10
2011,4,CT,"975,686","1,457,787",18.13
2011,4,DC,"133,745","230,088",13.68
2011,4,DE,"324,759","397,934",13.89
2011,4,FL,"8,164,137","8,558,034",11.41
2011,4,GA,"3,481,974","4,053,861",10.71
2011,4,HI,"237,267","417,088",32.89
2011,4,IA,"992,569","1,328,634",10.39
2011,4,ID,"630,346","665,880",7.82
2011,4,IL,"3,012,842","5,089,207",11.88
2011,4,IN,"2,006,671","2,743,960",10.46
2011,4,KS,"790,209","1,214,235",10.72
2011,4,KY,"1,690,555","1,927,864",9.40
2011,4,LA,"1,933,440","1,975,774",8.90
2011,4,MA,"1,546,511","2,694,151",14.09
2011,4,MD,"1,772,286","2,209,284",13.77
2011,4,ME,"332,833","701,229",15.33
2011,4,MI,"2,454,925","4,279,467",12.69
2011,4,MN,"1,625,936","2,306,240",10.90
2011,4,MO,"2,124,590","2,695,720",9.36
2011,4,MS,"1,153,548","1,250,692",10.68
2011,4,MT,"391,694","470,440",9.50
2011,4,NC,"3,548,649","4,192,825",10.33
2011,4,ND,"356,425","330,311",8.34
2011,4,NE,"632,320","801,949",8.97
2011,4,NH,"354,817","597,570",16.52
2011,4,NJ,"1,812,415","3,446,846",16.28
2011,4,NM,"417,848","855,096",10.45
2011,4,NV,"640,732","1,063,854",12.07
2011,4,NY,"3,675,740","6,982,192",17.63
2011,4,OH,"3,427,473","4,877,892",11.22
2011,4,OK,"1,319,207","1,663,893",10.08
2011,4,OR,"1,594,628","1,632,802",9.40
2011,4,PA,"3,896,073","5,252,032",13.21
2011,4,RI,"223,540","435,974",14.22
2011,4,SC,"1,838,904","2,096,509",11.21
2011,4,SD,"371,499","373,225",9.00
2011,4,TN,"2,789,635","2,705,241",9.98
2011,4,TX,"8,670,985","9,565,314",11.16
2011,4,UT,"623,956","943,639",8.44
2011,4,VA,"2,897,553","3,217,372",10.43
2011,4,VT,"159,680","308,400",16.37
2011,4,WA,"3,174,507","2,835,115",8.14
2011,4,WI,"1,645,945","2,602,113",12.91
2011,4,WV,"779,461","868,060",9.43
2011,4,WY,"224,936","257,627",8.89
2011,3,AK,"203,608","272,711",16.77
2011,3,AL,"2,116,851","2,141,464",10.92
2011,3,AR,"1,285,039","1,327,974",8.44
2011,3,AZ,"1,891,082","2,586,084",10.25
2011,3,CA,"7,399,079","13,453,866",14.27
2011,3,CO,"1,414,462","2,138,636",10.58
2011,3,CT,"1,066,458","1,459,225",17.93
2011,3,DC,"133,653","229,951",15.18
2011,3,DE,"363,350","398,127",13.72
2011,3,FL,"7,198,056","8,484,416",11.46
2011,3,GA,"3,693,217","4,051,649",10.90
2011,3,HI,"250,993","416,943",31.70
2011,3,IA,"1,208,644","1,331,364",9.93
2011,3,ID,"769,947","667,347",7.78
2011,3,IL,"3,501,740","5,098,420",11.90
2011,3,IN,"2,697,645","2,758,166",9.93
2011,3,KS,"960,419","1,208,407",10.33
2011,3,KY,"2,058,955","1,932,697",9.22
2011,3,LA,"2,020,760","1,976,059",8.83
2011,3,MA,"1,690,357","2,694,100",14.55
2011,3,MD,"2,201,336","2,209,684",13.56
2011,3,ME,"387,322","701,141",15.28
2011,3,MI,"2,938,338","4,284,334",12.51
2011,3,MN,"1,993,828","2,310,480",10.50
2011,3,MO,"2,699,190","2,699,702",8.85
2011,3,MS,"1,225,894","1,250,462",10.59
2011,3,MT,"488,979","470,751",9.35
2011,3,NC,"4,047,141","4,191,578",10.13
2011,3,ND,"485,181","330,407",7.55
2011,3,NE,"891,044","803,616",8.39
2011,3,NH,"381,623","597,952",16.43
2011,3,NJ,"2,104,287","3,451,480",16.40
2011,3,NM,"488,004","856,067",10.26
2011,3,NV,"722,768","1,063,724",12.02
2011,3,NY,"4,038,110","6,985,158",17.58
2011,3,OH,"4,265,367","4,910,339",10.96
2011,3,OK,"1,446,308","1,663,705",9.53
2011,3,OR,"1,884,163","1,635,034",9.27
2011,3,PA,"4,681,365","5,252,397",12.98
2011,3,RI,"248,157","418,530",15.76
2011,3,SC,"1,929,517","2,096,254",11.19
2011,3,SD,"448,151","373,868",8.63
2011,3,TN,"3,060,607","2,709,971",9.98
2011,3,TX,"8,617,852","9,587,214",11.13
2011,3,UT,"652,610","943,942",8.35
2011,3,VA,"3,479,672","3,216,575",10.18
2011,3,VT,"189,458","308,178",16.02
2011,3,WA,"3,867,212","2,854,676",8.06
2011,3,WI,"1,818,425","2,600,181",12.70
2011,3,WV,"1,043,622","874,392",9.11
2011,3,WY,"272,279","259,012",8.65
2011,2,AK,"196,269","271,798",16.54
2011,2,AL,"2,797,546","2,140,346",10.56
2011,2,AR,"1,774,501","1,323,683",7.89
2011,2,AZ,"2,143,862","2,584,597",9.93
2011,2,CA,"6,587,210","12,512,723",14.38
2011,2,CO,"1,483,132","2,137,213",10.47
2011,2,CT,"1,090,125","1,421,197",17.52
2011,2,DC,"172,295","230,075",13.64
2011,2,DE,"447,347","397,955",13.00
2011,2,FL,"8,377,127","8,555,529",11.28
2011,2,GA,"4,723,736","4,050,173",9.82
2011,2,HI,"222,233","416,410",31.04
2011,2,IA,"1,264,519","1,326,974",9.61
2011,2,ID,"811,233","665,737",7.78
2011,2,IL,"3,975,571","5,100,163",11.19
2011,2,IN,"3,080,374","2,746,237",9.45
2011,2,KS,"1,169,879","1,213,628",9.73
2011,2,KY,"2,489,210","1,930,621",8.79
2011,2,LA,"2,757,413","1,969,610",8.24
2011,2,MA,"1,847,773","2,689,231",14.36
2011,2,MD,"2,460,839","2,209,650",13.39
2011,2,ME,"372,324","701,003",15.80
2011,2,MI,"2,808,904","4,203,637",12.64
2011,2,MN,"2,003,139","2,301,333",10.33
2011,2,MO,"3,311,008","2,698,755",8.20
2011,2,MS,"1,756,391","1,247,865",9.74
2011,2,MT,"490,647","469,572",9.33
2011,2,NC,"4,838,267","4,189,855",10.09
2011,2,ND,"498,400","329,728",7.36
2011,2,NE,"941,527","799,595",8.07
2011,2,NH,"421,835","597,561",16.32
2011,2,NJ,"2,173,765","3,450,621",16.73
2011,2,NM,"578,738","855,364",10.07
2011,2,NV,"699,160","1,061,623",11.85
2011,2,NY,"4,300,851","6,981,602",17.45
2011,2,OH,"4,723,782","4,875,471",10.46
2011,2,OK,"2,024,482","1,662,110",8.29
2011,2,OR,"1,833,424","1,630,974",9.39
2011,2,PA,"5,287,764","5,249,450",12.59
2011,2,RI,"250,843","436,103",16.36
2011,2,SC,"2,571,522","2,093,779",10.77
2011,2,SD,"478,744","372,544",8.40
2011,2,TN,"4,221,862","2,705,697",9.43
2011,2,TX,"11,584,010","9,517,330",10.65
2011,2,UT,"685,981","943,442",8.33
2011,2,VA,"4,102,106","3,216,623",9.70
2011,2,VT,"191,831","307,991",15.95
2011,2,WA,"3,743,533","2,816,571",8.06
2011,2,WI,"1,871,190","2,590,957",12.60
2011,2,WV,"1,181,261","866,735",8.81
2011,2,WY,"290,487","257,360",8.47
2011,1,AK,"237,870","272,105",16.42
2011,1,AL,"3,515,600","2,139,032",10.28
2011,1,AR,"1,936,351","1,324,045",7.82
2011,1,AZ,"2,461,210","2,578,691",9.84
2011,1,CA,"7,803,724","12,566,933",15.24
2011,1,CO,"1,691,722","2,135,790",10.37
2011,1,CT,"1,372,140","1,459,170",18.01
2011,1,DC,"229,985","229,758",13.62
2011,1,DE,"521,678","397,806",12.90
2011,1,FL,"10,535,444","8,473,197",11.33
2011,1,GA,"6,224,232","4,048,348",9.69
2011,1,HI,"269,005","416,807",30.13
2011,1,IA,"1,556,865","1,327,201",9.23
2011,1,ID,"956,615","665,674",7.82
2011,1,IL,"4,684,229","5,075,394",10.31
2011,1,IN,"3,814,491","2,746,409",9.17
2011,1,KS,"1,367,775","1,209,078",9.45
2011,1,KY,"3,232,693","1,931,769",8.57
2011,1,LA,"2,974,194","1,968,400",7.90
2011,1,MA,"2,008,541","2,680,810",14.48
2011,1,MD,"3,129,148","2,208,174",13.12
2011,1,ME,"440,754","700,895",15.72
2011,1,MI,"3,360,844","4,207,395",12.26
2011,1,MN,"2,351,270","2,301,503",10.28
2011,1,MO,"4,002,872","2,697,003",7.92
2011,1,MS,"1,973,098","1,246,856",9.64
2011,1,MT,"581,646","469,363",9.08
2011,1,NC,"7,167,111","4,188,944",9.33
2011,1,ND,"576,564","329,579",6.97
2011,1,NE,"1,085,719","799,776",7.79
2011,1,NH,"447,994","597,354",16.31
2011,1,NJ,"2,956,052","3,470,608",15.64
2011,1,NM,"660,989","855,086",9.60
2011,1,NV,"905,513","1,067,068",11.60
2011,1,NY,"4,717,252","6,978,088",17.25
2011,1,OH,"6,061,312","4,878,635",10.04
2011,1,OK,"2,293,934","1,661,684",8.01
2011,1,OR,"2,219,008","1,630,694",9.18
2011,1,PA,"6,157,020","5,247,979",12.39
2011,1,RI,"288,713","435,784",16.21
2011,1,SC,"3,604,748","2,091,941",10.09
2011,1,SD,"534,352","372,571",8.34
2011,1,TN,"5,044,313","2,700,159",9.41
2011,1,TX,"12,088,465","9,537,226",10.70
2011,1,UT,"848,847","942,830",8.16
2011,1,VA,"5,605,315","3,217,688",9.57
2011,1,VT,"221,531","308,126",15.71
2011,1,WA,"4,175,036","2,818,568",8.03
2011,1,WI,"2,229,126","2,601,160",12.32
2011,1,WV,"1,606,183","868,944",8.77
2011,1,WY,"332,593","257,534",8.30
2010,12,AK,"234,749","272,300",16.04
2010,12,AL,"3,245,762","2,138,447",10.34
2010,12,AR,"1,525,702","1,321,330",8.28
2010,12,AZ,"2,200,865","2,570,030",10.00
2010,12,CA,"7,965,588","13,433,368",14.96
2010,12,CO,"1,560,412","2,134,133",10.26
2010,12,CT,"1,187,387","1,454,970",18.64
2010,12,DC,"199,329","229,241",13.48
2010,12,DE,"398,206","396,961",13.65
2010,12,FL,"9,408,302","8,590,460",11.68
2010,12,GA,"5,348,247","4,047,328",9.29
2010,12,HI,"256,454","416,149",29.15
2010,12,IA,"1,478,992","1,332,676",9.71
2010,12,ID,"937,481","667,496",7.76
2010,12,IL,"4,382,511","5,079,692",10.64
2010,12,IN,"3,528,022","2,751,510",9.34
2010,12,KS,"1,214,830","1,163,174",9.43
2010,12,KY,"3,045,346","1,929,329",8.51
2010,12,LA,"2,379,287","2,001,856",8.19
2010,12,MA,"1,921,466","2,666,461",14.42
2010,12,MD,"2,832,938","2,204,937",13.21
2010,12,ME,"431,332","700,724",15.76
2010,12,MI,"3,199,537","4,250,390",12.05
2010,12,MN,"2,232,806","2,306,471",10.32
2010,12,MO,"3,635,744","2,695,288",8.07
2010,12,MS,"1,551,812","1,247,650",9.64
2010,12,MT,"535,032","470,355",8.95
2010,12,NC,"6,050,555","4,187,958",9.44
2010,12,ND,"530,227","329,078",7.71
2010,12,NE,"1,008,500","803,462",7.98
2010,12,NH,"390,767","597,070",16.45
2010,12,NJ,"2,445,895","3,456,804",16.14
2010,12,NM,"604,704","855,578",9.69
2010,12,NV,"848,435","1,064,953",11.61
2010,12,NY,"4,417,184","6,979,674",17.72
2010,12,OH,"5,511,366","4,874,899",10.67
2010,12,OK,"1,999,295","1,660,131",8.16
2010,12,OR,"2,195,272","1,633,612",8.75
2010,12,PA,"5,361,543","5,248,513",12.22
2010,12,RI,"275,480","416,249",14.95
2010,12,SC,"3,113,460","2,088,084",10.13
2010,12,SD,"482,725","372,432",8.49
2010,12,TN,"3,886,700","2,696,273",9.50
2010,12,TX,"9,920,101","9,538,951",11.24
2010,12,UT,"797,007","939,723",8.22
2010,12,VA,"5,216,314","3,301,371",9.92
2010,12,VT,"211,455","307,540",15.58
2010,12,WA,"3,903,604","2,850,116",8.13
2010,12,WI,"2,210,617","2,605,012",12.25
2010,12,WV,"1,494,614","868,754",8.77
2010,12,WY,"299,927","254,993",8.40
2010,11,AK,"185,261","272,358",16.57
2010,11,AL,"2,058,995","2,148,072",10.89
2010,11,AR,"1,057,905","1,327,557",8.93
2010,11,AZ,"1,832,638","2,559,069",10.14
2010,11,CA,"6,385,498","12,674,585",14.67
2010,11,CO,"1,377,869","2,133,005",10.39
2010,11,CT,"918,327","1,452,169",19.49
2010,11,DC,"121,113","228,454",13.32
2010,11,DE,"276,462","396,408",14.48
2010,11,FL,"8,010,873","8,712,124",11.70
2010,11,GA,"3,401,083","4,068,566",9.59
2010,11,HI,"246,632","415,801",28.91
2010,11,IA,"1,004,601","1,328,443",10.34
2010,11,ID,"729,984","666,591",7.87
2010,11,IL,"3,098,572","5,062,616",11.98
2010,11,IN,"2,335,170","2,740,309",10.30
2010,11,KS,"851,026","1,223,750",10.03
2010,11,KY,"1,731,395","1,929,495",9.20
2010,11,LA,"1,907,752","2,010,328",8.86
2010,11,MA,"1,521,401","2,673,592",14.17
2010,11,MD,"1,865,567","2,202,405",13.23
2010,11,ME,"349,245","700,437",15.84
2010,11,MI,"2,521,250","4,240,591",12.08
2010,11,MN,"1,676,347","2,302,223",10.63
2010,11,MO,"2,209,262","2,696,021",9.06
2010,11,MS,"1,132,888","1,255,943",10.25
2010,11,MT,"385,654","468,612",9.39
2010,11,NC,"3,523,954","4,204,050",10.08
2010,11,ND,"382,808","328,629",8.13
2010,11,NE,"649,889","801,794",8.87
2010,11,NH,"324,352","596,293",16.89
2010,11,NJ,"1,887,491","3,455,448",16.28
2010,11,NM,"468,805","854,869",9.90
2010,11,NV,"594,125","1,059,595",12.60
2010,11,NY,"3,611,571","6,968,631",18.25
2010,11,OH,"3,679,784","4,875,214",11.48
2010,11,OK,"1,291,882","1,667,294",9.32
2010,11,OR,"1,617,808","1,629,977",8.98
2010,11,PA,"3,911,469","5,245,980",12.68
2010,11,RI,"228,415","434,780",15.97
2010,11,SC,"1,861,681","2,098,908",11.14
2010,11,SD,"334,844","371,410",9.19
2010,11,TN,"2,526,708","2,700,213",10.19
2010,11,TX,"7,623,617","9,578,689",11.32
2010,11,UT,"629,630","938,831",8.15
2010,11,VA,"3,062,394","3,304,237",10.27
2010,11,VT,"160,857","308,074",15.85
2010,11,WA,"2,786,239","2,816,229",8.23
2010,11,WI,"1,657,589","2,590,047",12.70
2010,11,WV,"934,474","869,426",9.19
2010,11,WY,"222,984","256,972",8.92
2010,10,AK,"165,092","273,170",16.10
2010,10,AL,"2,145,741","2,149,467",11.44
2010,10,AR,"1,290,812","1,328,582",8.79
2010,10,AZ,"2,441,991","2,551,742",10.96
2010,10,CA,"7,387,951","13,144,458",14.11
2010,10,CO,"1,340,060","2,130,682",10.53
2010,10,CT,"861,728","1,449,678",19.76
2010,10,DC,"126,272","228,101",14.37
2010,10,DE,"296,658","396,250",14.67
2010,10,FL,"9,394,538","8,464,317",11.70
2010,10,GA,"3,832,454","4,071,678",10.00
2010,10,HI,"255,557","415,183",28.45
2010,10,IA,"899,409","1,328,265",10.76
2010,10,ID,"539,864","665,965",8.05
2010,10,IL,"2,957,068","5,064,352",12.22
2010,10,IN,"2,043,639","2,737,593",10.80
2010,10,KS,"814,788","1,215,420",10.13
2010,10,KY,"1,594,368","1,928,872",9.68
2010,10,LA,"2,565,677","2,012,085",9.58
2010,10,MA,"1,493,528","2,660,647",14.55
2010,10,MD,"1,763,508","2,201,445",13.62
2010,10,ME,"340,804","700,271",15.85
2010,10,MI,"2,181,448","4,240,997",12.62
2010,10,MN,"1,467,293","2,302,830",10.87
2010,10,MO,"2,105,154","2,691,225",9.42
2010,10,MS,"1,437,515","1,257,501",10.00
2010,10,MT,"310,783","467,995",9.69
2010,10,NC,"3,716,207","4,204,202",10.64
2010,10,ND,"273,500","328,054",8.99
2010,10,NE,"569,420","802,102",9.10
2010,10,NH,"327,160","599,574",17.06
2010,10,NJ,"1,905,153","3,452,265",16.34
2010,10,NM,"485,076","854,576",10.63
2010,10,NV,"796,682","1,060,887",12.18
2010,10,NY,"3,734,312","6,968,302",18.36
2010,10,OH,"3,330,980","4,863,408",11.49
2010,10,OK,"1,405,801","1,668,251",10.02
2010,10,OR,"1,304,693","1,629,862",9.12
2010,10,PA,"3,518,367","5,243,399",13.03
2010,10,RI,"222,133","434,787",15.85
2010,10,SC,"1,974,817","2,103,797",11.09
2010,10,SD,"277,038","371,344",9.84
2010,10,TN,"2,825,676","2,702,889",10.45
2010,10,TX,"9,710,773","9,600,717",11.62
2010,10,UT,"616,627","937,502",8.50
2010,10,VA,"2,808,648","3,302,414",10.57
2010,10,VT,"160,073","308,494",16.12
2010,10,WA,"2,259,137","2,822,452",8.31
2010,10,WI,"1,536,357","2,592,544",12.88
2010,10,WV,"702,562","868,405",9.49
2010,10,WY,"173,142","257,305",9.50
2010,9,AK,"145,505","273,349",15.65
2010,9,AL,"3,213,725","2,149,028",11.10
2010,9,AR,"1,869,576","1,329,807",8.91
2010,9,AZ,"3,575,563","2,543,230",11.52
2010,9,CA,"8,253,816","13,010,393",14.85
2010,9,CO,"1,532,966","2,130,746",11.66
2010,9,CT,"1,110,003","1,449,244",19.11
2010,9,DC,"169,486","227,281",14.39
2010,9,DE,"436,155","396,416",14.14
2010,9,FL,"12,048,824","8,550,031",11.73
2010,9,GA,"5,728,755","4,072,276",10.61
2010,9,HI,"247,877","415,389",28.02
2010,9,IA,"992,922","1,328,738",11.23
2010,9,ID,"531,143","665,662",8.07
2010,9,IL,"3,771,664","5,054,184",11.75
2010,9,IN,"2,574,130","2,739,783",10.17
2010,9,KS,"1,205,220","1,219,659",10.48
2010,9,KY,"2,273,605","1,931,003",8.94
2010,9,LA,"3,344,586","1,974,893",9.53
2010,9,MA,"1,839,328","2,682,300",14.64
2010,9,MD,"2,255,439","2,200,593",14.93
2010,9,ME,"340,759","700,619",15.88
2010,9,MI,"2,496,853","4,241,366",12.67
2010,9,MN,"1,568,919","2,304,437",11.08
2010,9,MO,"2,835,379","2,696,518",9.73
2010,9,MS,"2,039,413","1,258,113",10.07
2010,9,MT,"321,852","467,223",9.79
2010,9,NC,"5,374,288","4,202,440",10.54
2010,9,ND,"271,036","327,704",9.53
2010,9,NE,"756,302","802,327",10.22
2010,9,NH,"389,021","599,768",16.76
2010,9,NJ,"2,710,174","3,466,219",17.37
2010,9,NM,"586,373","854,512",10.79
2010,9,NV,"1,139,029","1,062,745",12.43
2010,9,NY,"4,276,815","6,963,948",20.09
2010,9,OH,"4,066,325","4,865,526",11.78
2010,9,OK,"2,068,372","1,668,939",10.30
2010,9,OR,"1,240,500","1,630,402",9.09
2010,9,PA,"4,174,056","5,244,779",12.95
2010,9,RI,"265,703","429,842",15.76
2010,9,SC,"2,889,414","2,099,037",10.69
2010,9,SD,"323,572","371,579",9.81
2010,9,TN,"4,087,394","2,711,274",9.72
2010,9,TX,"13,939,145","9,593,771",11.58
2010,9,UT,"717,369","941,069",8.97
2010,9,VA,"3,690,373","3,301,750",10.61
2010,9,VT,"158,734","308,730",15.99
2010,9,WA,"2,215,624","2,832,726",8.35
2010,9,WI,"1,541,602","2,599,797",13.12
2010,9,WV,"799,900","867,645",9.29
2010,9,WY,"178,150","257,170",9.45
2010,8,AK,"153,060","273,175",16.63
2010,8,AL,"3,929,071","2,150,412",11.18
2010,8,AR,"2,227,452","1,330,107",8.89
2010,8,AZ,"4,123,425","2,543,288",11.59
2010,8,CA,"8,475,164","13,024,804",15.19
2010,8,CO,"1,776,212","2,133,160",11.70
2010,8,CT,"1,326,600","1,447,569",18.95
2010,8,DC,"236,540","227,090",14.76
2010,8,DE,"519,157","396,252",13.95
2010,8,FL,"12,969,489","8,502,176",11.77
2010,8,GA,"6,931,251","4,079,278",11.03
2010,8,HI,"261,461","414,761",28.58
2010,8,IA,"1,512,618","1,328,988",11.67
2010,8,ID,"628,932","665,129",8.48
2010,8,IL,"5,695,706","5,061,221",11.96
2010,8,IN,"3,753,615","2,736,427",9.69
2010,8,KS,"1,811,017","1,223,979",10.70
2010,8,KY,"3,001,069","1,934,762",9.15
2010,8,LA,"3,695,516","1,977,254",9.29
2010,8,MA,"2,100,901","2,666,265",14.88
2010,8,MD,"2,887,684","2,200,573",14.86
2010,8,ME,"396,435","700,564",15.78
2010,8,MI,"3,865,045","4,249,809",13.55
2010,8,MN,"2,267,694","2,304,042",11.30
2010,8,MO,"4,206,339","2,698,368",10.57
2010,8,MS,"2,245,315","1,259,054",10.29
2010,8,MT,"365,138","467,943",9.90
2010,8,NC,"6,380,926","4,203,917",10.52
2010,8,ND,"326,474","327,408",9.36
2010,8,NE,"1,083,987","802,281",10.30
2010,8,NH,"437,210","599,495",16.57
2010,8,NJ,"3,501,933","3,451,634",17.36
2010,8,NM,"682,462","854,327",11.79
2010,8,NV,"1,670,566","1,061,462",12.19
2010,8,NY,"5,582,113","6,959,353",19.35
2010,8,OH,"5,719,207","4,872,385",11.89
2010,8,OK,"3,053,109","1,669,741",9.53
2010,8,OR,"1,403,539","1,630,051",9.06
2010,8,PA,"5,294,941","5,242,834",13.23
2010,8,RI,"310,258","422,930",17.10
2010,8,SC,"3,486,958","2,100,070",10.86
2010,8,SD,"411,805","371,482",9.68
2010,8,TN,"4,896,754","2,713,881",9.58
2010,8,TX,"16,560,190","9,601,026",11.70
2010,8,UT,"985,957","937,102",9.54
2010,8,VA,"4,701,902","3,308,825",10.85
2010,8,VT,"186,392","308,766",15.64
2010,8,WA,"2,444,343","2,834,823",8.25
2010,8,WI,"2,315,414","2,595,860",12.95
2010,8,WV,"1,066,586","867,068",9.20
2010,8,WY,"188,496","257,338",9.52
2010,7,AK,"148,936","272,583",16.77
2010,7,AL,"3,848,864","2,151,158",10.79
2010,7,AR,"2,091,591","1,331,093",8.90
2010,7,AZ,"4,438,662","2,545,685",11.78
2010,7,CA,"8,105,267","12,990,786",15.02
2010,7,CO,"1,838,591","2,129,444",11.70
2010,7,CT,"1,375,259","1,448,193",19.01
2010,7,DC,"281,005","226,914",14.59
2010,7,DE,"549,890","398,337",13.95
2010,7,FL,"12,809,387","8,528,077",11.71
2010,7,GA,"6,955,952","4,085,127",10.87
2010,7,HI,"260,322","414,199",28.30
2010,7,IA,"1,474,942","1,327,501",11.69
2010,7,ID,"662,328","664,602",8.55
2010,7,IL,"5,990,965","5,059,182",12.13
2010,7,IN,"3,844,596","2,741,479",9.63
2010,7,KS,"1,746,248","1,227,933",10.69
2010,7,KY,"3,070,443","1,930,987",8.87
2010,7,LA,"3,575,004","1,976,785",9.14
2010,7,MA,"2,295,784","2,702,101",14.22
2010,7,MD,"3,167,477","2,199,197",14.93
2010,7,ME,"411,648","700,181",15.73
2010,7,MI,"3,989,490","4,243,617",12.93
2010,7,MN,"2,187,537","2,301,228",11.41
2010,7,MO,"4,164,296","2,695,310",10.81
2010,7,MS,"2,196,003","1,260,245",10.25
2010,7,MT,"344,774","467,019",9.74
2010,7,NC,"6,662,950","4,207,557",10.43
2010,7,ND,"308,968","326,432",9.46
2010,7,NE,"999,329","801,344",10.38
2010,7,NH,"439,922","599,300",16.17
2010,7,NJ,"3,979,511","3,452,141",17.39
2010,7,NM,"698,149","852,953",11.54
2010,7,NV,"1,759,223","1,059,157",12.08
2010,7,NY,"5,659,242","6,957,912",20.11
2010,7,OH,"5,785,579","4,866,453",11.95
2010,7,OK,"2,766,991","1,669,985",9.58
2010,7,OR,"1,432,190","1,628,788",9.14
2010,7,PA,"5,573,435","5,239,642",13.33
2010,7,RI,"368,007","434,651",15.21
2010,7,SC,"3,611,631","2,103,265",10.78
2010,7,SD,"382,782","370,949",9.94
2010,7,TN,"4,771,421","2,710,814",9.59
2010,7,TX,"15,285,607","9,613,587",11.71
2010,7,UT,"1,060,924","935,800",9.45
2010,7,VA,"5,094,800","3,306,395",10.83
2010,7,VT,"198,232","308,200",15.41
2010,7,WA,"2,411,079","2,824,844",8.23
2010,7,WI,"2,332,581","2,597,677",12.85
2010,7,WV,"1,084,829","866,388",8.94
2010,7,WY,"196,070","257,884",9.44
2010,6,AK,"140,698","272,737",16.64
2010,6,AL,"3,316,666","2,142,780",10.81
2010,6,AR,"1,656,812","1,326,600",9.46
2010,6,AZ,"3,355,807","2,545,038",11.74
2010,6,CA,"6,934,208","12,874,470",15.00
2010,6,CO,"1,535,102","2,129,808",11.89
2010,6,CT,"1,039,249","1,448,338",19.40
2010,6,DC,"200,574","226,548",14.74
2010,6,DE,"355,172","396,095",14.43
2010,6,FL,"11,701,112","8,564,447",11.65
2010,6,GA,"5,755,336","4,066,827",10.83
2010,6,HI,"244,828","414,341",28.36
2010,6,IA,"1,211,739","1,326,345",10.87
2010,6,ID,"542,460","663,702",8.20
2010,6,IL,"4,327,167","5,064,223",12.70
2010,6,IN,"3,044,801","2,740,359",9.47
2010,6,KS,"1,470,962","1,220,088",10.32
2010,6,KY,"2,563,389","1,932,746",8.51
2010,6,LA,"3,089,529","1,969,021",8.86
2010,6,MA,"1,783,043","2,684,043",14.08
2010,6,MD,"2,503,502","2,198,313",15.10
2010,6,ME,"308,641","699,924",15.75
2010,6,MI,"2,982,067","4,240,745",12.91
2010,6,MN,"1,760,458","2,300,010",11.10
2010,6,MO,"3,444,536","2,695,018",10.33
2010,6,MS,"1,799,478","1,254,268",10.21
2010,6,MT,"316,235","466,860",9.42
2010,6,NC,"5,386,357","4,192,498",10.14
2010,6,ND,"263,656","325,767",9.40
2010,6,NE,"806,768","800,013",10.03
2010,6,NH,"326,219","598,367",16.25
2010,6,NJ,"2,990,854","3,449,962",16.88
2010,6,NM,"592,903","853,071",11.26
2010,6,NV,"1,171,721","1,060,235",12.42
2010,6,NY,"4,214,011","6,951,068",19.41
2010,6,OH,"4,632,882","4,877,589",12.16
2010,6,OK,"2,429,498","1,663,113",9.33
2010,6,OR,"1,289,918","1,628,002",9.07
2010,6,PA,"4,596,625","5,243,780",13.30
2010,6,RI,"262,527","424,345",16.60
2010,6,SC,"3,021,728","2,096,051",10.80
2010,6,SD,"314,215","370,651",9.86
2010,6,TN,"3,703,730","2,704,178",9.46
2010,6,TX,"13,596,012","9,560,217",11.85
2010,6,UT,"696,785","935,481",9.11
2010,6,VA,"4,431,229","3,288,146",10.80
2010,6,VT,"158,297","309,353",15.80
2010,6,WA,"2,412,197","2,815,280",8.22
2010,6,WI,"1,741,998","2,593,007",13.16
2010,6,WV,"893,467","866,610",8.65
2010,6,WY,"178,799","257,909",9.14
2010,5,AK,"152,249","271,699",16.79
2010,5,AL,"2,310,798","2,128,963",10.99
2010,5,AR,"1,085,032","1,316,264",9.41
2010,5,AZ,"2,248,051","2,547,743",11.75
2010,5,CA,"5,861,586","12,871,225",14.90
2010,5,CO,"1,250,772","2,125,885",11.48
2010,5,CT,"823,431","1,451,613",20.04
2010,5,DC,"135,005","227,319",14.00
2010,5,DE,"269,822","395,397",14.72
2010,5,FL,"8,840,455","8,498,655",11.55
2010,5,GA,"3,918,579","4,034,702",10.22
2010,5,HI,"247,418","413,369",28.25
2010,5,IA,"971,580","1,326,529",11.11
2010,5,ID,"564,728","663,713",8.02
2010,5,IL,"3,123,277","5,068,061",12.05
2010,5,IN,"2,208,760","2,736,059",10.23
2010,5,KS,"872,857","1,216,492",10.38
2010,5,KY,"1,764,661","1,927,715",8.77
2010,5,LA,"2,078,278","1,953,192",9.05
2010,5,MA,"1,448,588","2,661,875",14.48
2010,5,MD,"1,879,059","2,198,496",14.47
2010,5,ME,"311,369","699,140",15.72
2010,5,MI,"2,549,112","4,245,366",12.81
2010,5,MN,"1,564,031","2,297,511",10.59
2010,5,MO,"2,176,209","2,692,402",9.98
2010,5,MS,"1,220,891","1,244,060",10.55
2010,5,MT,"346,093","467,441",9.16
2010,5,NC,"3,654,688","4,168,187",10.37
2010,5,ND,"268,670","325,303",8.51
2010,5,NE,"617,520","800,153",9.20
2010,5,NH,"308,342","598,230",16.40
2010,5,NJ,"2,082,045","3,470,153",16.14
2010,5,NM,"444,660","853,876",10.43
2010,5,NV,"715,033","1,055,300",12.93
2010,5,NY,"3,409,430","6,948,495",19.21
2010,5,OH,"3,405,838","4,872,453",11.82
2010,5,OK,"1,459,522","1,653,284",10.11
2010,5,OR,"1,355,616","1,628,628",8.99
2010,5,PA,"3,627,411","5,244,571",13.36
2010,5,RI,"221,740","435,872",15.26
2010,5,SC,"2,057,095","2,080,178",10.75
2010,5,SD,"307,405","370,482",9.43
2010,5,TN,"2,547,603","2,703,441",9.47
2010,5,TX,"9,338,767","9,498,989",11.94
2010,5,UT,"582,000","935,452",8.81
2010,5,VA,"2,951,844","3,184,834",10.79
2010,5,VT,"156,460","307,572",15.75
2010,5,WA,"2,599,456","2,820,499",8.12
2010,5,WI,"1,616,717","2,588,501",12.81
2010,5,WV,"694,642","866,111",8.96
2010,5,WY,"197,811","258,395",8.86
2010,4,AK,"164,508","271,117",16.30
2010,4,AL,"1,902,075","2,127,884",11.19
2010,4,AR,"1,088,997","1,317,064",9.34
2010,4,AZ,"1,821,234","2,555,702",10.24
2010,4,CA,"6,429,308","13,184,815",13.91
2010,4,CO,"1,277,612","2,124,978",11.19
2010,4,CT,"892,328","1,454,349",19.68
2010,4,DC,"111,085","227,734",13.73
2010,4,DE,"294,397","395,170",14.22
2010,4,FL,"7,175,034","8,504,349",11.63
2010,4,GA,"3,465,567","4,032,874",9.89
2010,4,HI,"240,030","414,327",27.14
2010,4,IA,"958,172","1,327,180",10.72
2010,4,ID,"620,944","663,730",7.86
2010,4,IL,"2,846,327","5,082,494",11.61
2010,4,IN,"1,914,617","2,742,962",10.12
2010,4,KS,"758,068","1,213,040",10.18
2010,4,KY,"1,655,774","1,929,659",8.71
2010,4,LA,"1,786,267","1,953,402",9.22
2010,4,MA,"1,419,471","2,671,066",15.20
2010,4,MD,"1,768,095","2,200,092",14.59
2010,4,ME,"314,773","699,106",15.70
2010,4,MI,"2,203,730","4,246,081",12.74
2010,4,MN,"1,520,118","2,298,156",10.33
2010,4,MO,"2,051,582","2,697,353",8.70
2010,4,MS,"1,149,015","1,243,028",10.40
2010,4,MT,"367,637","467,856",8.88
2010,4,NC,"3,464,899","4,166,133",10.55
2010,4,ND,"312,166","324,968",7.92
2010,4,NE,"640,339","799,926",8.64
2010,4,NH,"332,347","595,134",16.30
2010,4,NJ,"1,801,444","3,454,839",15.91
2010,4,NM,"457,590","853,795",10.17
2010,4,NV,"626,813","1,053,081",13.00
2010,4,NY,"3,346,928","6,949,843",18.92
2010,4,OH,"3,146,083","4,889,242",11.45
2010,4,OK,"1,275,475","1,652,771",9.73
2010,4,OR,"1,528,720","1,628,843",8.86
2010,4,PA,"3,526,158","5,247,904",12.93
2010,4,RI,"210,712","424,043",15.88
2010,4,SC,"1,745,583","2,078,453",10.96
2010,4,SD,"344,815","369,967",8.80
2010,4,TN,"2,749,405","2,701,978",9.18
2010,4,TX,"7,745,987","9,495,461",12.12
2010,4,UT,"593,787","934,371",8.40
2010,4,VA,"2,494,381","3,203,678",10.80
2010,4,VT,"148,013","307,234",15.86
2010,4,WA,"2,927,128","2,827,159",7.91
2010,4,WI,"1,501,578","2,601,584",12.61
2010,4,WV,"709,552","867,698",8.94
2010,4,WY,"219,769","257,166",8.55
2010,3,AK,"189,995","270,698",16.12
2010,3,AL,"2,675,013","2,128,991",10.25
2010,3,AR,"1,521,678","1,318,321",8.74
2010,3,AZ,"1,981,996","2,566,581",9.98
2010,3,CA,"7,093,133","13,077,558",14.78
2010,3,CO,"1,469,057","2,125,569",10.57
2010,3,CT,"1,036,927","1,454,646",19.33
2010,3,DC,"145,410","227,375",13.22
2010,3,DE,"420,083","395,606",13.07
2010,3,FL,"8,920,054","8,515,130",11.54
2010,3,GA,"4,612,910","4,033,795",9.56
2010,3,HI,"246,185","414,316",27.79
2010,3,IA,"1,152,083","1,328,627",9.75
2010,3,ID,"719,684","663,580",7.77
2010,3,IL,"3,523,254","5,090,297",10.98
2010,3,IN,"2,707,402","2,756,318",9.08
2010,3,KS,"996,050","1,212,538",9.71
2010,3,KY,"2,275,046","1,934,192",7.55
2010,3,LA,"2,450,206","1,957,519",9.23
2010,3,MA,"1,675,232","2,681,875",15.12
2010,3,MD,"2,243,444","2,200,847",14.37
2010,3,ME,"366,161","698,453",15.63
2010,3,MI,"2,712,814","4,247,590",11.82
2010,3,MN,"1,867,323","2,300,317",10.04
2010,3,MO,"2,895,346","2,696,921",7.72
2010,3,MS,"1,576,323","1,243,674",9.31
2010,3,MT,"418,053","468,395",8.83
2010,3,NC,"5,165,512","4,166,235",9.91
2010,3,ND,"414,350","324,847",7.30
2010,3,NE,"910,531","800,797",7.93
2010,3,NH,"354,354","595,724",16.03
2010,3,NJ,"2,052,907","3,453,226",15.89
2010,3,NM,"519,439","853,530",9.98
2010,3,NV,"688,492","1,057,069",12.79
2010,3,NY,"3,914,836","6,954,191",17.55
2010,3,OH,"4,284,372","4,901,881",10.67
2010,3,OK,"1,694,680","1,653,583",8.42
2010,3,OR,"1,749,558","1,629,048",8.77
2010,3,PA,"4,523,840","5,247,420",12.34
2010,3,RI,"230,475","436,265",17.12
2010,3,SC,"2,590,312","2,079,807",9.11
2010,3,SD,"425,811","370,004",8.28
2010,3,TN,"3,835,107","2,707,017",8.43
2010,3,TX,"9,557,712","9,491,323",11.51
2010,3,UT,"635,732","933,989",8.36
2010,3,VA,"3,678,070","3,204,387",10.14
2010,3,VT,"185,311","306,953",15.22
2010,3,WA,"3,355,891","2,833,331",7.75
2010,3,WI,"1,735,234","2,593,574",12.46
2010,3,WV,"1,141,849","869,832",8.43
2010,3,WY,"254,743","258,787",8.43
2010,2,AK,"187,655","270,144",16.12
2010,2,AL,"3,132,592","2,127,313",9.77
2010,2,AR,"1,757,370","1,313,794",8.56
2010,2,AZ,"1,980,622","2,563,831",9.84
2010,2,CA,"6,735,974","12,497,749",14.21
2010,2,CO,"1,431,785","2,123,362",10.56
2010,2,CT,"1,141,240","1,454,966",19.06
2010,2,DC,"181,006","227,533",13.41
2010,2,DE,"435,455","395,435",12.93
2010,2,FL,"9,335,587","8,451,893",11.49
2010,2,GA,"5,208,034","4,031,310",9.30
2010,2,HI,"219,599","413,447",27.46
2010,2,IA,"1,240,307","1,326,011",9.06
2010,2,ID,"743,622","663,226",7.72
2010,2,IL,"4,033,063","5,079,337",10.56
2010,2,IN,"3,198,023","2,742,067",8.75
2010,2,KS,"1,084,901","1,209,254",9.32
2010,2,KY,"2,943,082","1,930,195",8.02
2010,2,LA,"2,653,881","1,946,482",8.57
2010,2,MA,"1,899,544","2,676,479",14.41
2010,2,MD,"2,705,860","2,199,749",14.12
2010,2,ME,"355,661","697,995",15.58
2010,2,MI,"2,697,612","4,247,542",11.57
2010,2,MN,"1,948,704","2,293,995",9.92
2010,2,MO,"3,437,528","2,699,149",7.34
2010,2,MS,"1,760,756","1,239,824",9.01
2010,2,MT,"456,905","467,511",8.62
2010,2,NC,"5,646,269","4,163,443",9.99
2010,2,ND,"486,300","324,567",7.06
2010,2,NE,"896,394","799,805",7.92
2010,2,NH,"397,681","595,237",15.47
2010,2,NJ,"2,236,726","3,444,726",15.81
2010,2,NM,"544,964","852,399",9.90
2010,2,NV,"703,794","1,054,244",13.00
2010,2,NY,"4,110,006","6,924,920",18.05
2010,2,OH,"4,956,022","4,884,128",10.55
2010,2,OK,"1,890,851","1,650,517",8.07
2010,2,OR,"1,658,080","1,626,426",8.66
2010,2,PA,"5,252,750","5,242,675",12.12
2010,2,RI,"245,767","438,155",16.10
2010,2,SC,"2,897,607","2,072,012",10.30
2010,2,SD,"470,370","369,220",8.07
2010,2,TN,"4,403,010","2,701,692",8.10
2010,2,TX,"10,656,540","9,442,046",11.34
2010,2,UT,"686,718","934,722",8.22
2010,2,VA,"4,747,203","3,202,308",10.22
2010,2,VT,"179,927","306,504",15.34
2010,2,WA,"3,431,281","2,813,369",7.72
2010,2,WI,"1,811,634","2,582,154",12.28
2010,2,WV,"1,352,572","868,997",8.35
2010,2,WY,"271,368","258,269",8.28
2010,1,AK,"225,508","270,135",15.76
2010,1,AL,"3,749,990","2,124,349",9.82
2010,1,AR,"2,058,035","1,313,471",8.46
2010,1,AZ,"2,447,284","2,558,601",9.57
2010,1,CA,"7,629,453","12,590,740",15.18
2010,1,CO,"1,711,948","2,121,266",10.29
2010,1,CT,"1,352,794","1,455,939",19.13
2010,1,DC,"216,487","227,000",13.29
2010,1,DE,"508,516","395,034",12.65
2010,1,FL,"11,630,995","8,468,767",9.34
2010,1,GA,"6,396,329","4,025,849",8.94
2010,1,HI,"263,136","413,528",26.71
2010,1,IA,"1,657,522","1,325,405",8.75
2010,1,ID,"915,564","663,201",7.79
2010,1,IL,"4,833,412","5,074,906",9.94
2010,1,IN,"3,905,597","2,748,528",8.46
2010,1,KS,"1,508,121","1,210,981",8.66
2010,1,KY,"3,218,340","1,929,008",7.73
2010,1,LA,"3,152,949","1,945,246",8.14
2010,1,MA,"2,010,717","2,669,895",15.05
2010,1,MD,"3,061,499","2,197,768",14.07
2010,1,ME,"445,007","698,068",15.43
2010,1,MI,"3,281,757","4,247,771",11.42
2010,1,MN,"2,403,567","2,292,252",9.68
2010,1,MO,"4,140,904","2,695,934",7.13
2010,1,MS,"2,065,417","1,238,399",8.87
2010,1,MT,"574,639","467,323",8.45
2010,1,NC,"7,133,501","4,159,787",9.36
2010,1,ND,"554,441","324,136",6.83
2010,1,NE,"1,167,694","799,186",7.24
2010,1,NH,"458,093","594,716",15.79
2010,1,NJ,"2,713,136","3,450,657",15.87
2010,1,NM,"667,348","852,204",9.63
2010,1,NV,"900,756","1,053,486",12.05
2010,1,NY,"4,669,201","6,932,538",17.30
2010,1,OH,"5,955,939","4,883,391",10.28
2010,1,OK,"2,353,386","1,650,138",7.54
2010,1,OR,"2,062,772","1,625,259",8.39
2010,1,PA,"5,892,241","5,239,785",11.49
2010,1,RI,"276,592","435,560",15.49
2010,1,SC,"3,601,801","2,071,929",9.95
2010,1,SD,"552,742","367,258",7.80
2010,1,TN,"4,957,521","2,694,960",8.11
2010,1,TX,"13,226,950","9,426,432",11.21
2010,1,UT,"831,693","935,159",8.06
2010,1,VA,"5,561,800","3,199,220",9.96
2010,1,VT,"224,184","306,619",14.78
2010,1,WA,"4,160,946","2,812,518",7.69
2010,1,WI,"2,298,172","2,596,588",11.97
2010,1,WV,"1,567,536","868,434",8.21
2010,1,WY,"345,944","257,183",8.04